[
  {
    "id": "fhir.example",
    "type": "ImplementationGuide",
    "url": "http://example.org/ImplementationGuide/fhir.example",
    "version": "0.1.0",
    "name": "TacklingTediosity"
  },
  {
    "id": "fetch-doc-ref",
    "type": "OperationDefinition",
    "url": "http://example.org/OperationDefinition/fetch-doc-ref",
    "version": "0.1.0",
    "name": "ExampleFetchDocumentReference"
  },
  {
    "id": "fetch-doc-ref-alt",
    "type": "OperationDefinition",
    "url": "http://example.org/OperationDefinition/fetch-doc-ref-alt",
    "version": "0.1.0",
    "name": "ExampleFetchDocumentReference"
  }
]