{
  "resourceType": "OperationDefinition",
  "id": "fetch-doc-ref-alt",
  "text": {
    "status": "extensions",
    "div": "<div xmlns=\"http://www.w3.org/1999/xhtml\"><p>Parameters</p><table class=\"grid\"><tr><td><b>Use</b></td><td><b>Name</b></td><td><b>Cardinality</b></td><td><b>Type</b></td><td><b>Binding</b></td><td><b>Documentation</b></td></tr><tr><td>IN</td><td>patient</td><td>1..1</td><td><a href=\"http://hl7.org/fhir/R4/datatypes.html#id\">id</a></td><td/><td><div><p>The id of the patient to fetch documents for</p>\n</div></td></tr><tr><td>IN</td><td>start</td><td>0..1</td><td><a href=\"http://hl7.org/fhir/R4/datatypes.html#dateTime\">dateTime</a></td><td/><td><div><p>The earliest date of care to fetch documents for</p>\n</div></td></tr><tr><td>IN</td><td>end</td><td>0..1</td><td><a href=\"http://hl7.org/fhir/R4/datatypes.html#dateTime\">dateTime</a></td><td/><td><div><p>The latest date of care to fetch documents for</p>\n</div></td></tr><tr><td>IN</td><td>type</td><td>0..1</td><td><a href=\"http://hl7.org/fhir/R4/datatypes.html#CodeableConcept\">CodeableConcept</a></td><td><a href=\"http://hl7.org/fhir/R4/valueset-c80-doc-typecodes.html\">http://hl7.org/fhir/ValueSet/c80-doc-typecodes</a> (Required)</td><td><div><p>The type of document to fetch</p>\n</div></td></tr><tr><td>IN</td><td>on-demand</td><td>0..1</td><td><a href=\"http://hl7.org/fhir/R4/datatypes.html#boolean\">boolean</a></td><td/><td><div><p>Include only 'on-demand' documents?</p>\n</div></td></tr><tr><td>OUT</td><td>return</td><td>1..1</td><td><a href=\"http://hl7.org/fhir/R4/bundle.html\">Bundle</a></td><td/><td><div><p>A Bundle of matching DocumentReferences</p>\n</div></td></tr></table></div>"
  },
  "url": "http://example.org/OperationDefinition/fetch-doc-ref-alt",
  "version": "0.1.0",
  "name": "ExampleFetchDocumentReference",
  "title": "Example Fetch DocumentReference",
  "status": "draft",
  "kind": "operation",
  "date": "2022-09-29T09:01:50-04:00",
  "publisher": "Example Publisher",
  "contact": [
    {
      "name": "Example Publisher",
      "telecom": [
        {
          "system": "url",
          "value": "http://example.org/example-publisher"
        }
      ]
    }
  ],
  "description": "An example FetchDocumentReference operation (based on US Core)",
  "code": "docref",
  "system": false,
  "type": true,
  "instance": false,
  "parameter": [
    {
      "name": "patient",
      "use": "in",
      "min": 1,
      "max": "1",
      "documentation": "The id of the patient to fetch documents for",
      "type": "id"
    },
    {
      "name": "start",
      "use": "in",
      "min": 0,
      "max": "1",
      "documentation": "The earliest date of care to fetch documents for",
      "type": "dateTime"
    },
    {
      "name": "end",
      "use": "in",
      "min": 0,
      "max": "1",
      "documentation": "The latest date of care to fetch documents for",
      "type": "dateTime"
    },
    {
      "name": "type",
      "use": "in",
      "min": 0,
      "max": "1",
      "documentation": "The type of document to fetch",
      "type": "CodeableConcept",
      "binding": {
        "strength": "required",
        "valueSet": "http://hl7.org/fhir/ValueSet/c80-doc-typecodes"
      }
    },
    {
      "name": "on-demand",
      "use": "in",
      "min": 0,
      "max": "1",
      "documentation": "Include only 'on-demand' documents?",
      "type": "boolean"
    },
    {
      "name": "return",
      "use": "out",
      "min": 1,
      "max": "1",
      "documentation": "A Bundle of matching DocumentReferences",
      "type": "Bundle"
    }
  ]
}