<?xml version="1.0" encoding="UTF-8"?>

<OperationDefinition xmlns="http://hl7.org/fhir">
  <id value="fetch-doc-ref"/>
  <text>
    <status value="extensions"/><div xmlns="http://www.w3.org/1999/xhtml"><p>Parameters</p><table class="grid"><tr><td><b>Use</b></td><td><b>Name</b></td><td><b>Cardinality</b></td><td><b>Type</b></td><td><b>Binding</b></td><td><b>Documentation</b></td></tr><tr><td>IN</td><td>patient</td><td>1..1</td><td><a href="http://hl7.org/fhir/R4/datatypes.html#id">id</a></td><td/><td><div><p>The id of the patient to fetch documents for</p>
</div></td></tr><tr><td>IN</td><td>start</td><td>0..1</td><td><a href="http://hl7.org/fhir/R4/datatypes.html#dateTime">dateTime</a></td><td/><td><div><p>The earliest date of care to fetch documents for</p>
</div></td></tr><tr><td>IN</td><td>end</td><td>0..1</td><td><a href="http://hl7.org/fhir/R4/datatypes.html#dateTime">dateTime</a></td><td/><td><div><p>The latest date of care to fetch documents for</p>
</div></td></tr><tr><td>IN</td><td>type</td><td>0..1</td><td><a href="http://hl7.org/fhir/R4/datatypes.html#CodeableConcept">CodeableConcept</a></td><td><a href="http://hl7.org/fhir/R4/valueset-c80-doc-typecodes.html">http://hl7.org/fhir/ValueSet/c80-doc-typecodes</a> (Required)</td><td><div><p>The type of document to fetch</p>
</div></td></tr><tr><td>IN</td><td>on-demand</td><td>0..1</td><td><a href="http://hl7.org/fhir/R4/datatypes.html#boolean">boolean</a></td><td/><td><div><p>Include only 'on-demand' documents?</p>
</div></td></tr><tr><td>OUT</td><td>return</td><td>1..1</td><td><a href="http://hl7.org/fhir/R4/bundle.html">Bundle</a></td><td/><td><div><p>A Bundle of matching DocumentReferences</p>
</div></td></tr></table></div>
  </text>
  <url value="http://example.org/OperationDefinition/fetch-doc-ref"/>
  <version value="0.1.0"/>
  <name value="ExampleFetchDocumentReference"/>
  <title value="Example Fetch DocumentReference"/>
  <status value="draft"/>
  <kind value="operation"/>
  <date value="2022-09-29T09:01:50-04:00"/>
  <publisher value="Example Publisher"/>
  <contact>
    <name value="Example Publisher"/>
    <telecom>
      <system value="url"/>
      <value value="http://example.org/example-publisher"/>
    </telecom>
  </contact>
  <description value="An example FetchDocumentReference operation (based on US Core)"/>
  <code value="docref"/>
  <system value="false"/>
  <type value="true"/>
  <instance value="false"/>
  <parameter>
    <name value="patient"/>
    <use value="in"/>
    <min value="1"/>
    <max value="1"/>
    <documentation value="The id of the patient to fetch documents for"/>
    <type value="id"/>
  </parameter>
  <parameter>
    <name value="start"/>
    <use value="in"/>
    <min value="0"/>
    <max value="1"/>
    <documentation value="The earliest date of care to fetch documents for"/>
    <type value="dateTime"/>
  </parameter>
  <parameter>
    <name value="end"/>
    <use value="in"/>
    <min value="0"/>
    <max value="1"/>
    <documentation value="The latest date of care to fetch documents for"/>
    <type value="dateTime"/>
  </parameter>
  <parameter>
    <name value="type"/>
    <use value="in"/>
    <min value="0"/>
    <max value="1"/>
    <documentation value="The type of document to fetch"/>
    <type value="CodeableConcept"/>
    <binding>
      <strength value="required"/>
      <valueSet value="http://hl7.org/fhir/ValueSet/c80-doc-typecodes"/>
    </binding>
  </parameter>
  <parameter>
    <name value="on-demand"/>
    <use value="in"/>
    <min value="0"/>
    <max value="1"/>
    <documentation value="Include only 'on-demand' documents?"/>
    <type value="boolean"/>
  </parameter>
  <parameter>
    <name value="return"/>
    <use value="out"/>
    <min value="1"/>
    <max value="1"/>
    <documentation value="A Bundle of matching DocumentReferences"/>
    <type value="Bundle"/>
  </parameter>
</OperationDefinition>