<?xml version="1.0" encoding="UTF-8"?><Bundle xmlns="http://hl7.org/fhir"><type value="collection"/><entry/><entry><resource><OperationOutcome><extension url="http://hl7.org/fhir/StructureDefinition/operationoutcome-file"><valueString value="/Users/cmoesel/dev/fsh/AdvancedFSHExercises/TacklingTediosity/fsh-generated/resources/ImplementationGuide-fhir.example"/></extension></OperationOutcome></resource></entry><entry><resource><OperationOutcome><extension url="http://hl7.org/fhir/StructureDefinition/operationoutcome-file"><valueString value="/Users/cmoesel/dev/fsh/AdvancedFSHExercises/TacklingTediosity/fsh-generated/resources/operationdefinition-fetch-doc-ref"/></extension></OperationOutcome></resource></entry><entry><resource><OperationOutcome><extension url="http://hl7.org/fhir/StructureDefinition/operationoutcome-file"><valueString value="/Users/cmoesel/dev/fsh/AdvancedFSHExercises/TacklingTediosity/fsh-generated/resources/operationdefinition-fetch-doc-ref-alt"/></extension></OperationOutcome></resource></entry></Bundle>