{
  "index-version": 1,
  "files": [
    {
      "filename": "ValueSet-us-core-discharge-disposition.json",
      "resourceType": "ValueSet",
      "id": "us-core-discharge-disposition",
      "url": "http://hl7.org/fhir/us/core/ValueSet/us-core-discharge-disposition",
      "version": "5.0.1"
    },
    {
      "filename": "SearchParameter-us-core-condition-recorded-date.json",
      "resourceType": "SearchParameter",
      "id": "us-core-condition-recorded-date",
      "url": "http://hl7.org/fhir/us/core/SearchParameter/us-core-condition-recorded-date",
      "version": "5.0.1",
      "type": "date"
    },
    {
      "filename": "SearchParameter-us-core-goal-description.json",
      "resourceType": "SearchParameter",
      "id": "us-core-goal-description",
      "url": "http://hl7.org/fhir/us/core/SearchParameter/us-core-goal-description",
      "version": "5.0.1",
      "type": "token"
    },
    {
      "filename": "StructureDefinition-pediatric-weight-for-height.json",
      "resourceType": "StructureDefinition",
      "id": "pediatric-weight-for-height",
      "url": "http://hl7.org/fhir/us/core/StructureDefinition/pediatric-weight-for-height",
      "version": "5.0.1",
      "kind": "resource",
      "type": "Observation"
    },
    {
      "filename": "SearchParameter-us-core-goal-target-date.json",
      "resourceType": "SearchParameter",
      "id": "us-core-goal-target-date",
      "url": "http://hl7.org/fhir/us/core/SearchParameter/us-core-goal-target-date",
      "version": "5.0.1",
      "type": "date"
    },
    {
      "filename": "SearchParameter-us-core-location-name.json",
      "resourceType": "SearchParameter",
      "id": "us-core-location-name",
      "url": "http://hl7.org/fhir/us/core/SearchParameter/us-core-location-name",
      "version": "5.0.1",
      "type": "string"
    },
    {
      "filename": "SearchParameter-us-core-questionnaireresponse-status.json",
      "resourceType": "SearchParameter",
      "id": "us-core-questionnaireresponse-status",
      "url": "http://hl7.org/fhir/us/core/SearchParameter/us-core-questionnaireresponse-status",
      "version": "5.0.1",
      "type": "token"
    },
    {
      "filename": "SearchParameter-us-core-observation-category.json",
      "resourceType": "SearchParameter",
      "id": "us-core-observation-category",
      "url": "http://hl7.org/fhir/us/core/SearchParameter/us-core-observation-category",
      "version": "5.0.1",
      "type": "token"
    },
    {
      "filename": "SearchParameter-us-core-device-patient.json",
      "resourceType": "SearchParameter",
      "id": "us-core-device-patient",
      "url": "http://hl7.org/fhir/us/core/SearchParameter/us-core-device-patient",
      "version": "5.0.1",
      "type": "reference"
    },
    {
      "filename": "ValueSet-us-core-smoking-status-observation-codes.json",
      "resourceType": "ValueSet",
      "id": "us-core-smoking-status-observation-codes",
      "url": "http://hl7.org/fhir/us/core/ValueSet/us-core-smoking-status-observation-codes",
      "version": "5.0.1"
    },
    {
      "filename": "SearchParameter-us-core-observation-code.json",
      "resourceType": "SearchParameter",
      "id": "us-core-observation-code",
      "url": "http://hl7.org/fhir/us/core/SearchParameter/us-core-observation-code",
      "version": "5.0.1",
      "type": "token"
    },
    {
      "filename": "StructureDefinition-us-core-immunization.json",
      "resourceType": "StructureDefinition",
      "id": "us-core-immunization",
      "url": "http://hl7.org/fhir/us/core/StructureDefinition/us-core-immunization",
      "version": "5.0.1",
      "kind": "resource",
      "type": "Immunization"
    },
    {
      "filename": "ValueSet-simple-language.json",
      "resourceType": "ValueSet",
      "id": "simple-language",
      "url": "http://hl7.org/fhir/us/core/ValueSet/simple-language",
      "version": "5.0.1"
    },
    {
      "filename": "SearchParameter-us-core-patient-family.json",
      "resourceType": "SearchParameter",
      "id": "us-core-patient-family",
      "url": "http://hl7.org/fhir/us/core/SearchParameter/us-core-patient-family",
      "version": "5.0.1",
      "type": "string"
    },
    {
      "filename": "SearchParameter-us-core-diagnosticreport-patient.json",
      "resourceType": "SearchParameter",
      "id": "us-core-diagnosticreport-patient",
      "url": "http://hl7.org/fhir/us/core/SearchParameter/us-core-diagnosticreport-patient",
      "version": "5.0.1",
      "type": "reference"
    },
    {
      "filename": "StructureDefinition-us-core-diagnosticreport-note.json",
      "resourceType": "StructureDefinition",
      "id": "us-core-diagnosticreport-note",
      "url": "http://hl7.org/fhir/us/core/StructureDefinition/us-core-diagnosticreport-note",
      "version": "5.0.1",
      "kind": "resource",
      "type": "DiagnosticReport"
    },
    {
      "filename": "SearchParameter-us-core-careplan-category.json",
      "resourceType": "SearchParameter",
      "id": "us-core-careplan-category",
      "url": "http://hl7.org/fhir/us/core/SearchParameter/us-core-careplan-category",
      "version": "5.0.1",
      "type": "token"
    },
    {
      "filename": "StructureDefinition-us-core-questionnaireresponse.json",
      "resourceType": "StructureDefinition",
      "id": "us-core-questionnaireresponse",
      "url": "http://hl7.org/fhir/us/core/StructureDefinition/us-core-questionnaireresponse",
      "version": "5.0.1",
      "kind": "resource",
      "type": "QuestionnaireResponse"
    },
    {
      "filename": "SearchParameter-us-core-patient-given.json",
      "resourceType": "SearchParameter",
      "id": "us-core-patient-given",
      "url": "http://hl7.org/fhir/us/core/SearchParameter/us-core-patient-given",
      "version": "5.0.1",
      "type": "string"
    },
    {
      "filename": "StructureDefinition-us-core-body-temperature.json",
      "resourceType": "StructureDefinition",
      "id": "us-core-body-temperature",
      "url": "http://hl7.org/fhir/us/core/StructureDefinition/us-core-body-temperature",
      "version": "5.0.1",
      "kind": "resource",
      "type": "Observation"
    },
    {
      "filename": "StructureDefinition-us-core-blood-pressure.json",
      "resourceType": "StructureDefinition",
      "id": "us-core-blood-pressure",
      "url": "http://hl7.org/fhir/us/core/StructureDefinition/us-core-blood-pressure",
      "version": "5.0.1",
      "kind": "resource",
      "type": "Observation"
    },
    {
      "filename": "SearchParameter-us-core-condition-category.json",
      "resourceType": "SearchParameter",
      "id": "us-core-condition-category",
      "url": "http://hl7.org/fhir/us/core/SearchParameter/us-core-condition-category",
      "version": "5.0.1",
      "type": "token"
    },
    {
      "filename": "SearchParameter-us-core-careplan-date.json",
      "resourceType": "SearchParameter",
      "id": "us-core-careplan-date",
      "url": "http://hl7.org/fhir/us/core/SearchParameter/us-core-careplan-date",
      "version": "5.0.1",
      "type": "date"
    },
    {
      "filename": "SearchParameter-us-core-questionnaireresponse-authored.json",
      "resourceType": "SearchParameter",
      "id": "us-core-questionnaireresponse-authored",
      "url": "http://hl7.org/fhir/us/core/SearchParameter/us-core-questionnaireresponse-authored",
      "version": "5.0.1",
      "type": "date"
    },
    {
      "filename": "CodeSystem-condition-category.json",
      "resourceType": "CodeSystem",
      "id": "condition-category",
      "url": "http://hl7.org/fhir/us/core/CodeSystem/condition-category",
      "version": "5.0.1"
    },
    {
      "filename": "SearchParameter-us-core-diagnosticreport-status.json",
      "resourceType": "SearchParameter",
      "id": "us-core-diagnosticreport-status",
      "url": "http://hl7.org/fhir/us/core/SearchParameter/us-core-diagnosticreport-status",
      "version": "5.0.1",
      "type": "token"
    },
    {
      "filename": "SearchParameter-us-core-encounter-id.json",
      "resourceType": "SearchParameter",
      "id": "us-core-encounter-id",
      "url": "http://hl7.org/fhir/us/core/SearchParameter/us-core-encounter-id",
      "version": "5.0.1",
      "type": "token"
    },
    {
      "filename": "SearchParameter-us-core-servicerequest-category.json",
      "resourceType": "SearchParameter",
      "id": "us-core-servicerequest-category",
      "url": "http://hl7.org/fhir/us/core/SearchParameter/us-core-servicerequest-category",
      "version": "5.0.1",
      "type": "token"
    },
    {
      "filename": "ValueSet-us-core-observation-value-codes.json",
      "resourceType": "ValueSet",
      "id": "us-core-observation-value-codes",
      "url": "http://hl7.org/fhir/us/core/ValueSet/us-core-observation-value-codes",
      "version": "5.0.1"
    },
    {
      "filename": "SearchParameter-us-core-patient-gender.json",
      "resourceType": "SearchParameter",
      "id": "us-core-patient-gender",
      "url": "http://hl7.org/fhir/us/core/SearchParameter/us-core-patient-gender",
      "version": "5.0.1",
      "type": "token"
    },
    {
      "filename": "SearchParameter-us-core-encounter-type.json",
      "resourceType": "SearchParameter",
      "id": "us-core-encounter-type",
      "url": "http://hl7.org/fhir/us/core/SearchParameter/us-core-encounter-type",
      "version": "5.0.1",
      "type": "token"
    },
    {
      "filename": "SearchParameter-us-core-condition-abatement-date.json",
      "resourceType": "SearchParameter",
      "id": "us-core-condition-abatement-date",
      "url": "http://hl7.org/fhir/us/core/SearchParameter/us-core-condition-abatement-date",
      "version": "5.0.1",
      "type": "date"
    },
    {
      "filename": "ValueSet-us-core-observation-smoking-status-status.json",
      "resourceType": "ValueSet",
      "id": "us-core-observation-smoking-status-status",
      "url": "http://hl7.org/fhir/us/core/ValueSet/us-core-observation-smoking-status-status",
      "version": "5.0.1"
    },
    {
      "filename": "ValueSet-us-core-survey-codes.json",
      "resourceType": "ValueSet",
      "id": "us-core-survey-codes",
      "url": "http://hl7.org/fhir/us/core/ValueSet/us-core-survey-codes",
      "version": "5.0.1"
    },
    {
      "filename": "SearchParameter-us-core-documentreference-category.json",
      "resourceType": "SearchParameter",
      "id": "us-core-documentreference-category",
      "url": "http://hl7.org/fhir/us/core/SearchParameter/us-core-documentreference-category",
      "version": "5.0.1",
      "type": "token"
    },
    {
      "filename": "SearchParameter-us-core-documentreference-date.json",
      "resourceType": "SearchParameter",
      "id": "us-core-documentreference-date",
      "url": "http://hl7.org/fhir/us/core/SearchParameter/us-core-documentreference-date",
      "version": "5.0.1",
      "type": "date"
    },
    {
      "filename": "StructureDefinition-us-core-bmi.json",
      "resourceType": "StructureDefinition",
      "id": "us-core-bmi",
      "url": "http://hl7.org/fhir/us/core/StructureDefinition/us-core-bmi",
      "version": "5.0.1",
      "kind": "resource",
      "type": "Observation"
    },
    {
      "filename": "SearchParameter-us-core-encounter-location.json",
      "resourceType": "SearchParameter",
      "id": "us-core-encounter-location",
      "url": "http://hl7.org/fhir/us/core/SearchParameter/us-core-encounter-location",
      "version": "5.0.1",
      "type": "reference"
    },
    {
      "filename": "SearchParameter-us-core-procedure-code.json",
      "resourceType": "SearchParameter",
      "id": "us-core-procedure-code",
      "url": "http://hl7.org/fhir/us/core/SearchParameter/us-core-procedure-code",
      "version": "5.0.1",
      "type": "token"
    },
    {
      "filename": "SearchParameter-us-core-condition-encounter.json",
      "resourceType": "SearchParameter",
      "id": "us-core-condition-encounter",
      "url": "http://hl7.org/fhir/us/core/SearchParameter/us-core-condition-encounter",
      "version": "5.0.1",
      "type": "reference"
    },
    {
      "filename": "SearchParameter-us-core-practitionerrole-practitioner.json",
      "resourceType": "SearchParameter",
      "id": "us-core-practitionerrole-practitioner",
      "url": "http://hl7.org/fhir/us/core/SearchParameter/us-core-practitionerrole-practitioner",
      "version": "5.0.1",
      "type": "reference"
    },
    {
      "filename": "StructureDefinition-us-core-direct.json",
      "resourceType": "StructureDefinition",
      "id": "us-core-direct",
      "url": "http://hl7.org/fhir/us/core/StructureDefinition/us-core-direct",
      "version": "5.0.1",
      "kind": "complex-type",
      "type": "Extension"
    },
    {
      "filename": "SearchParameter-us-core-servicerequest-id.json",
      "resourceType": "SearchParameter",
      "id": "us-core-servicerequest-id",
      "url": "http://hl7.org/fhir/us/core/SearchParameter/us-core-servicerequest-id",
      "version": "5.0.1",
      "type": "token"
    },
    {
      "filename": "StructureDefinition-us-core-respiratory-rate.json",
      "resourceType": "StructureDefinition",
      "id": "us-core-respiratory-rate",
      "url": "http://hl7.org/fhir/us/core/StructureDefinition/us-core-respiratory-rate",
      "version": "5.0.1",
      "kind": "resource",
      "type": "Observation"
    },
    {
      "filename": "SearchParameter-us-core-location-address-state.json",
      "resourceType": "SearchParameter",
      "id": "us-core-location-address-state",
      "url": "http://hl7.org/fhir/us/core/SearchParameter/us-core-location-address-state",
      "version": "5.0.1",
      "type": "string"
    },
    {
      "filename": "SearchParameter-us-core-questionnaireresponse-id.json",
      "resourceType": "SearchParameter",
      "id": "us-core-questionnaireresponse-id",
      "url": "http://hl7.org/fhir/us/core/SearchParameter/us-core-questionnaireresponse-id",
      "version": "5.0.1",
      "type": "token"
    },
    {
      "filename": "SearchParameter-us-core-servicerequest-code.json",
      "resourceType": "SearchParameter",
      "id": "us-core-servicerequest-code",
      "url": "http://hl7.org/fhir/us/core/SearchParameter/us-core-servicerequest-code",
      "version": "5.0.1",
      "type": "token"
    },
    {
      "filename": "SearchParameter-us-core-ethnicity.json",
      "resourceType": "SearchParameter",
      "id": "us-core-ethnicity",
      "url": "http://hl7.org/fhir/us/core/SearchParameter/us-core-ethnicity",
      "version": "5.0.1",
      "type": "token"
    },
    {
      "filename": "ValueSet-us-core-clinical-test-codes.json",
      "resourceType": "ValueSet",
      "id": "us-core-clinical-test-codes",
      "url": "http://hl7.org/fhir/us/core/ValueSet/us-core-clinical-test-codes",
      "version": "5.0.1"
    },
    {
      "filename": "StructureDefinition-us-core-procedure.json",
      "resourceType": "StructureDefinition",
      "id": "us-core-procedure",
      "url": "http://hl7.org/fhir/us/core/StructureDefinition/us-core-procedure",
      "version": "5.0.1",
      "kind": "resource",
      "type": "Procedure"
    },
    {
      "filename": "SearchParameter-us-core-patient-gender-identity.json",
      "resourceType": "SearchParameter",
      "id": "us-core-patient-gender-identity",
      "url": "http://hl7.org/fhir/us/core/SearchParameter/us-core-patient-gender-identity",
      "version": "5.0.1",
      "type": "token"
    },
    {
      "filename": "StructureDefinition-us-core-observation-social-history.json",
      "resourceType": "StructureDefinition",
      "id": "us-core-observation-social-history",
      "url": "http://hl7.org/fhir/us/core/StructureDefinition/us-core-observation-social-history",
      "version": "5.0.1",
      "kind": "resource",
      "type": "Observation"
    },
    {
      "filename": "SearchParameter-us-core-practitionerrole-specialty.json",
      "resourceType": "SearchParameter",
      "id": "us-core-practitionerrole-specialty",
      "url": "http://hl7.org/fhir/us/core/SearchParameter/us-core-practitionerrole-specialty",
      "version": "5.0.1",
      "type": "token"
    },
    {
      "filename": "ValueSet-us-core-clinical-note-type.json",
      "resourceType": "ValueSet",
      "id": "us-core-clinical-note-type",
      "url": "http://hl7.org/fhir/us/core/ValueSet/us-core-clinical-note-type",
      "version": "5.0.1"
    },
    {
      "filename": "SearchParameter-us-core-race.json",
      "resourceType": "SearchParameter",
      "id": "us-core-race",
      "url": "http://hl7.org/fhir/us/core/SearchParameter/us-core-race",
      "version": "5.0.1",
      "type": "token"
    },
    {
      "filename": "SearchParameter-us-core-encounter-patient.json",
      "resourceType": "SearchParameter",
      "id": "us-core-encounter-patient",
      "url": "http://hl7.org/fhir/us/core/SearchParameter/us-core-encounter-patient",
      "version": "5.0.1",
      "type": "reference"
    },
    {
      "filename": "SearchParameter-us-core-observation-patient.json",
      "resourceType": "SearchParameter",
      "id": "us-core-observation-patient",
      "url": "http://hl7.org/fhir/us/core/SearchParameter/us-core-observation-patient",
      "version": "5.0.1",
      "type": "reference"
    },
    {
      "filename": "SearchParameter-us-core-procedure-patient.json",
      "resourceType": "SearchParameter",
      "id": "us-core-procedure-patient",
      "url": "http://hl7.org/fhir/us/core/SearchParameter/us-core-procedure-patient",
      "version": "5.0.1",
      "type": "reference"
    },
    {
      "filename": "StructureDefinition-us-core-relatedperson.json",
      "resourceType": "StructureDefinition",
      "id": "us-core-relatedperson",
      "url": "http://hl7.org/fhir/us/core/StructureDefinition/us-core-relatedperson",
      "version": "5.0.1",
      "kind": "resource",
      "type": "RelatedPerson"
    },
    {
      "filename": "StructureDefinition-us-core-vital-signs.json",
      "resourceType": "StructureDefinition",
      "id": "us-core-vital-signs",
      "url": "http://hl7.org/fhir/us/core/StructureDefinition/us-core-vital-signs",
      "version": "5.0.1",
      "kind": "resource",
      "type": "Observation"
    },
    {
      "filename": "SearchParameter-us-core-questionnaireresponse-tag.json",
      "resourceType": "SearchParameter",
      "id": "us-core-questionnaireresponse-tag",
      "url": "http://hl7.org/fhir/us/core/SearchParameter/us-core-questionnaireresponse-tag",
      "version": "5.0.1",
      "type": "token"
    },
    {
      "filename": "SearchParameter-us-core-medicationrequest-patient.json",
      "resourceType": "SearchParameter",
      "id": "us-core-medicationrequest-patient",
      "url": "http://hl7.org/fhir/us/core/SearchParameter/us-core-medicationrequest-patient",
      "version": "5.0.1",
      "type": "reference"
    },
    {
      "filename": "CapabilityStatement-us-core-server.json",
      "resourceType": "CapabilityStatement",
      "id": "us-core-server",
      "url": "http://hl7.org/fhir/us/core/CapabilityStatement/us-core-server",
      "version": "5.0.1",
      "kind": "requirements"
    },
    {
      "filename": "ValueSet-us-core-diagnosticreport-category.json",
      "resourceType": "ValueSet",
      "id": "us-core-diagnosticreport-category",
      "url": "http://hl7.org/fhir/us/core/ValueSet/us-core-diagnosticreport-category",
      "version": "5.0.1"
    },
    {
      "filename": "StructureDefinition-us-core-observation-clinical-test.json",
      "resourceType": "StructureDefinition",
      "id": "us-core-observation-clinical-test",
      "url": "http://hl7.org/fhir/us/core/StructureDefinition/us-core-observation-clinical-test",
      "version": "5.0.1",
      "kind": "resource",
      "type": "Observation"
    },
    {
      "filename": "ValueSet-us-core-observation-smokingstatus-max.json",
      "resourceType": "ValueSet",
      "id": "us-core-observation-smokingstatus-max",
      "url": "http://hl7.org/fhir/us/core/ValueSet/us-core-observation-smokingstatus-max",
      "version": "5.0.1"
    },
    {
      "filename": "SearchParameter-us-core-encounter-date.json",
      "resourceType": "SearchParameter",
      "id": "us-core-encounter-date",
      "url": "http://hl7.org/fhir/us/core/SearchParameter/us-core-encounter-date",
      "version": "5.0.1",
      "type": "date"
    },
    {
      "filename": "ValueSet-us-core-documentreference-category.json",
      "resourceType": "ValueSet",
      "id": "us-core-documentreference-category",
      "url": "http://hl7.org/fhir/us/core/ValueSet/us-core-documentreference-category",
      "version": "5.0.1"
    },
    {
      "filename": "ValueSet-us-core-documentreference-type.json",
      "resourceType": "ValueSet",
      "id": "us-core-documentreference-type",
      "url": "http://hl7.org/fhir/us/core/ValueSet/us-core-documentreference-type",
      "version": "5.0.1"
    },
    {
      "filename": "StructureDefinition-us-core-condition-problems-health-concerns.json",
      "resourceType": "StructureDefinition",
      "id": "us-core-condition-problems-health-concerns",
      "url": "http://hl7.org/fhir/us/core/StructureDefinition/us-core-condition-problems-health-concerns",
      "version": "5.0.1",
      "kind": "resource",
      "type": "Condition"
    },
    {
      "filename": "ValueSet-us-core-diagnosticreport-report-and-note-codes.json",
      "resourceType": "ValueSet",
      "id": "us-core-diagnosticreport-report-and-note-codes",
      "url": "http://hl7.org/fhir/us/core/ValueSet/us-core-diagnosticreport-report-and-note-codes",
      "version": "5.0.1"
    },
    {
      "filename": "SearchParameter-us-core-condition-clinical-status.json",
      "resourceType": "SearchParameter",
      "id": "us-core-condition-clinical-status",
      "url": "http://hl7.org/fhir/us/core/SearchParameter/us-core-condition-clinical-status",
      "version": "5.0.1",
      "type": "token"
    },
    {
      "filename": "SearchParameter-us-core-diagnosticreport-date.json",
      "resourceType": "SearchParameter",
      "id": "us-core-diagnosticreport-date",
      "url": "http://hl7.org/fhir/us/core/SearchParameter/us-core-diagnosticreport-date",
      "version": "5.0.1",
      "type": "date"
    },
    {
      "filename": "SearchParameter-us-core-careteam-status.json",
      "resourceType": "SearchParameter",
      "id": "us-core-careteam-status",
      "url": "http://hl7.org/fhir/us/core/SearchParameter/us-core-careteam-status",
      "version": "5.0.1",
      "type": "token"
    },
    {
      "filename": "SearchParameter-us-core-device-type.json",
      "resourceType": "SearchParameter",
      "id": "us-core-device-type",
      "url": "http://hl7.org/fhir/us/core/SearchParameter/us-core-device-type",
      "version": "5.0.1",
      "type": "token"
    },
    {
      "filename": "SearchParameter-us-core-goal-patient.json",
      "resourceType": "SearchParameter",
      "id": "us-core-goal-patient",
      "url": "http://hl7.org/fhir/us/core/SearchParameter/us-core-goal-patient",
      "version": "5.0.1",
      "type": "reference"
    },
    {
      "filename": "StructureDefinition-us-core-heart-rate.json",
      "resourceType": "StructureDefinition",
      "id": "us-core-heart-rate",
      "url": "http://hl7.org/fhir/us/core/StructureDefinition/us-core-heart-rate",
      "version": "5.0.1",
      "kind": "resource",
      "type": "Observation"
    },
    {
      "filename": "StructureDefinition-us-core-medication.json",
      "resourceType": "StructureDefinition",
      "id": "us-core-medication",
      "url": "http://hl7.org/fhir/us/core/StructureDefinition/us-core-medication",
      "version": "5.0.1",
      "kind": "resource",
      "type": "Medication"
    },
    {
      "filename": "SearchParameter-us-core-immunization-date.json",
      "resourceType": "SearchParameter",
      "id": "us-core-immunization-date",
      "url": "http://hl7.org/fhir/us/core/SearchParameter/us-core-immunization-date",
      "version": "5.0.1",
      "type": "date"
    },
    {
      "filename": "ValueSet-us-core-encounter-type.json",
      "resourceType": "ValueSet",
      "id": "us-core-encounter-type",
      "url": "http://hl7.org/fhir/us/core/ValueSet/us-core-encounter-type",
      "version": "5.0.1"
    },
    {
      "filename": "SearchParameter-us-core-patient-birthdate.json",
      "resourceType": "SearchParameter",
      "id": "us-core-patient-birthdate",
      "url": "http://hl7.org/fhir/us/core/SearchParameter/us-core-patient-birthdate",
      "version": "5.0.1",
      "type": "date"
    },
    {
      "filename": "SearchParameter-us-core-questionnaireresponse-patient.json",
      "resourceType": "SearchParameter",
      "id": "us-core-questionnaireresponse-patient",
      "url": "http://hl7.org/fhir/us/core/SearchParameter/us-core-questionnaireresponse-patient",
      "version": "5.0.1",
      "type": "reference"
    },
    {
      "filename": "SearchParameter-us-core-careplan-status.json",
      "resourceType": "SearchParameter",
      "id": "us-core-careplan-status",
      "url": "http://hl7.org/fhir/us/core/SearchParameter/us-core-careplan-status",
      "version": "5.0.1",
      "type": "token"
    },
    {
      "filename": "StructureDefinition-us-core-race.json",
      "resourceType": "StructureDefinition",
      "id": "us-core-race",
      "url": "http://hl7.org/fhir/us/core/StructureDefinition/us-core-race",
      "version": "5.0.1",
      "kind": "complex-type",
      "type": "Extension"
    },
    {
      "filename": "StructureDefinition-us-core-practitionerrole.json",
      "resourceType": "StructureDefinition",
      "id": "us-core-practitionerrole",
      "url": "http://hl7.org/fhir/us/core/StructureDefinition/us-core-practitionerrole",
      "version": "5.0.1",
      "kind": "resource",
      "type": "PractitionerRole"
    },
    {
      "filename": "SearchParameter-us-core-location-address-postalcode.json",
      "resourceType": "SearchParameter",
      "id": "us-core-location-address-postalcode",
      "url": "http://hl7.org/fhir/us/core/SearchParameter/us-core-location-address-postalcode",
      "version": "5.0.1",
      "type": "string"
    },
    {
      "filename": "SearchParameter-us-core-allergyintolerance-patient.json",
      "resourceType": "SearchParameter",
      "id": "us-core-allergyintolerance-patient",
      "url": "http://hl7.org/fhir/us/core/SearchParameter/us-core-allergyintolerance-patient",
      "version": "5.0.1",
      "type": "reference"
    },
    {
      "filename": "SearchParameter-us-core-practitioner-id.json",
      "resourceType": "SearchParameter",
      "id": "us-core-practitioner-id",
      "url": "http://hl7.org/fhir/us/core/SearchParameter/us-core-practitioner-id",
      "version": "5.0.1",
      "type": "token"
    },
    {
      "filename": "ValueSet-us-core-observation-category.json",
      "resourceType": "ValueSet",
      "id": "us-core-observation-category",
      "url": "http://hl7.org/fhir/us/core/ValueSet/us-core-observation-category",
      "version": "5.0.1"
    },
    {
      "filename": "StructureDefinition-us-core-patient.json",
      "resourceType": "StructureDefinition",
      "id": "us-core-patient",
      "url": "http://hl7.org/fhir/us/core/StructureDefinition/us-core-patient",
      "version": "5.0.1",
      "kind": "resource",
      "type": "Patient"
    },
    {
      "filename": "StructureDefinition-us-core-ethnicity.json",
      "resourceType": "StructureDefinition",
      "id": "us-core-ethnicity",
      "url": "http://hl7.org/fhir/us/core/StructureDefinition/us-core-ethnicity",
      "version": "5.0.1",
      "kind": "complex-type",
      "type": "Extension"
    },
    {
      "filename": "SearchParameter-us-core-goal-lifecycle-status.json",
      "resourceType": "SearchParameter",
      "id": "us-core-goal-lifecycle-status",
      "url": "http://hl7.org/fhir/us/core/SearchParameter/us-core-goal-lifecycle-status",
      "version": "5.0.1",
      "type": "token"
    },
    {
      "filename": "SearchParameter-us-core-questionnaireresponse-questionnaire.json",
      "resourceType": "SearchParameter",
      "id": "us-core-questionnaireresponse-questionnaire",
      "url": "http://hl7.org/fhir/us/core/SearchParameter/us-core-questionnaireresponse-questionnaire",
      "version": "5.0.1",
      "type": "reference"
    },
    {
      "filename": "SearchParameter-us-core-documentreference-period.json",
      "resourceType": "SearchParameter",
      "id": "us-core-documentreference-period",
      "url": "http://hl7.org/fhir/us/core/SearchParameter/us-core-documentreference-period",
      "version": "5.0.1",
      "type": "date"
    },
    {
      "filename": "StructureDefinition-pediatric-bmi-for-age.json",
      "resourceType": "StructureDefinition",
      "id": "pediatric-bmi-for-age",
      "url": "http://hl7.org/fhir/us/core/StructureDefinition/pediatric-bmi-for-age",
      "version": "5.0.1",
      "kind": "resource",
      "type": "Observation"
    },
    {
      "filename": "ValueSet-us-core-provider-role.json",
      "resourceType": "ValueSet",
      "id": "us-core-provider-role",
      "url": "http://hl7.org/fhir/us/core/ValueSet/us-core-provider-role",
      "version": "5.0.1"
    },
    {
      "filename": "SearchParameter-us-core-immunization-patient.json",
      "resourceType": "SearchParameter",
      "id": "us-core-immunization-patient",
      "url": "http://hl7.org/fhir/us/core/SearchParameter/us-core-immunization-patient",
      "version": "5.0.1",
      "type": "reference"
    },
    {
      "filename": "CapabilityStatement-us-core-client.json",
      "resourceType": "CapabilityStatement",
      "id": "us-core-client",
      "url": "http://hl7.org/fhir/us/core/CapabilityStatement/us-core-client",
      "version": "5.0.1",
      "kind": "requirements"
    },
    {
      "filename": "SearchParameter-us-core-condition-code.json",
      "resourceType": "SearchParameter",
      "id": "us-core-condition-code",
      "url": "http://hl7.org/fhir/us/core/SearchParameter/us-core-condition-code",
      "version": "5.0.1",
      "type": "token"
    },
    {
      "filename": "StructureDefinition-us-core-diagnosticreport-lab.json",
      "resourceType": "StructureDefinition",
      "id": "us-core-diagnosticreport-lab",
      "url": "http://hl7.org/fhir/us/core/StructureDefinition/us-core-diagnosticreport-lab",
      "version": "5.0.1",
      "kind": "resource",
      "type": "DiagnosticReport"
    },
    {
      "filename": "SearchParameter-us-core-relatedperson-patient.json",
      "resourceType": "SearchParameter",
      "id": "us-core-relatedperson-patient",
      "url": "http://hl7.org/fhir/us/core/SearchParameter/us-core-relatedperson-patient",
      "version": "5.0.1",
      "type": "reference"
    },
    {
      "filename": "ImplementationGuide-hl7.fhir.us.core.json",
      "resourceType": "ImplementationGuide",
      "id": "hl7.fhir.us.core",
      "url": "http://hl7.org/fhir/us/core/ImplementationGuide/hl7.fhir.us.core",
      "version": "5.0.1"
    },
    {
      "filename": "ValueSet-us-core-vital-signs.json",
      "resourceType": "ValueSet",
      "id": "us-core-vital-signs",
      "url": "http://hl7.org/fhir/us/core/ValueSet/us-core-vital-signs",
      "version": "5.0.1"
    },
    {
      "filename": "SearchParameter-us-core-condition-asserted-date.json",
      "resourceType": "SearchParameter",
      "id": "us-core-condition-asserted-date",
      "url": "http://hl7.org/fhir/us/core/SearchParameter/us-core-condition-asserted-date",
      "version": "5.0.1",
      "type": "date"
    },
    {
      "filename": "SearchParameter-us-core-practitioner-name.json",
      "resourceType": "SearchParameter",
      "id": "us-core-practitioner-name",
      "url": "http://hl7.org/fhir/us/core/SearchParameter/us-core-practitioner-name",
      "version": "5.0.1",
      "type": "string"
    },
    {
      "filename": "SearchParameter-us-core-procedure-date.json",
      "resourceType": "SearchParameter",
      "id": "us-core-procedure-date",
      "url": "http://hl7.org/fhir/us/core/SearchParameter/us-core-procedure-date",
      "version": "5.0.1",
      "type": "date"
    },
    {
      "filename": "StructureDefinition-us-core-careteam.json",
      "resourceType": "StructureDefinition",
      "id": "us-core-careteam",
      "url": "http://hl7.org/fhir/us/core/StructureDefinition/us-core-careteam",
      "version": "5.0.1",
      "kind": "resource",
      "type": "CareTeam"
    },
    {
      "filename": "SearchParameter-us-core-relatedperson-id.json",
      "resourceType": "SearchParameter",
      "id": "us-core-relatedperson-id",
      "url": "http://hl7.org/fhir/us/core/SearchParameter/us-core-relatedperson-id",
      "version": "5.0.1",
      "type": "token"
    },
    {
      "filename": "StructureDefinition-us-core-provenance.json",
      "resourceType": "StructureDefinition",
      "id": "us-core-provenance",
      "url": "http://hl7.org/fhir/us/core/StructureDefinition/us-core-provenance",
      "version": "5.0.1",
      "kind": "resource",
      "type": "Provenance"
    },
    {
      "filename": "SearchParameter-us-core-observation-status.json",
      "resourceType": "SearchParameter",
      "id": "us-core-observation-status",
      "url": "http://hl7.org/fhir/us/core/SearchParameter/us-core-observation-status",
      "version": "5.0.1",
      "type": "token"
    },
    {
      "filename": "SearchParameter-us-core-patient-identifier.json",
      "resourceType": "SearchParameter",
      "id": "us-core-patient-identifier",
      "url": "http://hl7.org/fhir/us/core/SearchParameter/us-core-patient-identifier",
      "version": "5.0.1",
      "type": "token"
    },
    {
      "filename": "SearchParameter-us-core-procedure-status.json",
      "resourceType": "SearchParameter",
      "id": "us-core-procedure-status",
      "url": "http://hl7.org/fhir/us/core/SearchParameter/us-core-procedure-status",
      "version": "5.0.1",
      "type": "token"
    },
    {
      "filename": "SearchParameter-us-core-encounter-status.json",
      "resourceType": "SearchParameter",
      "id": "us-core-encounter-status",
      "url": "http://hl7.org/fhir/us/core/SearchParameter/us-core-encounter-status",
      "version": "5.0.1",
      "type": "token"
    },
    {
      "filename": "SearchParameter-us-core-careplan-patient.json",
      "resourceType": "SearchParameter",
      "id": "us-core-careplan-patient",
      "url": "http://hl7.org/fhir/us/core/SearchParameter/us-core-careplan-patient",
      "version": "5.0.1",
      "type": "reference"
    },
    {
      "filename": "StructureDefinition-us-core-genderIdentity.json",
      "resourceType": "StructureDefinition",
      "id": "us-core-genderIdentity",
      "url": "http://hl7.org/fhir/us/core/StructureDefinition/us-core-genderIdentity",
      "version": "5.0.1",
      "kind": "complex-type",
      "type": "Extension"
    },
    {
      "filename": "StructureDefinition-us-core-location.json",
      "resourceType": "StructureDefinition",
      "id": "us-core-location",
      "url": "http://hl7.org/fhir/us/core/StructureDefinition/us-core-location",
      "version": "5.0.1",
      "kind": "resource",
      "type": "Location"
    },
    {
      "filename": "StructureDefinition-us-core-observation-sexual-orientation.json",
      "resourceType": "StructureDefinition",
      "id": "us-core-observation-sexual-orientation",
      "url": "http://hl7.org/fhir/us/core/StructureDefinition/us-core-observation-sexual-orientation",
      "version": "5.0.1",
      "kind": "resource",
      "type": "Observation"
    },
    {
      "filename": "ValueSet-us-core-diagnosticreport-lab-codes.json",
      "resourceType": "ValueSet",
      "id": "us-core-diagnosticreport-lab-codes",
      "url": "http://hl7.org/fhir/us/core/ValueSet/us-core-diagnosticreport-lab-codes",
      "version": "5.0.1"
    },
    {
      "filename": "SearchParameter-us-core-servicerequest-status.json",
      "resourceType": "SearchParameter",
      "id": "us-core-servicerequest-status",
      "url": "http://hl7.org/fhir/us/core/SearchParameter/us-core-servicerequest-status",
      "version": "5.0.1",
      "type": "token"
    },
    {
      "filename": "StructureDefinition-head-occipital-frontal-circumference-percentile.json",
      "resourceType": "StructureDefinition",
      "id": "head-occipital-frontal-circumference-percentile",
      "url": "http://hl7.org/fhir/us/core/StructureDefinition/head-occipital-frontal-circumference-percentile",
      "version": "5.0.1",
      "kind": "resource",
      "type": "Observation"
    },
    {
      "filename": "StructureDefinition-us-core-condition-encounter-diagnosis.json",
      "resourceType": "StructureDefinition",
      "id": "us-core-condition-encounter-diagnosis",
      "url": "http://hl7.org/fhir/us/core/StructureDefinition/us-core-condition-encounter-diagnosis",
      "version": "5.0.1",
      "kind": "resource",
      "type": "Condition"
    },
    {
      "filename": "SearchParameter-us-core-immunization-status.json",
      "resourceType": "SearchParameter",
      "id": "us-core-immunization-status",
      "url": "http://hl7.org/fhir/us/core/SearchParameter/us-core-immunization-status",
      "version": "5.0.1",
      "type": "token"
    },
    {
      "filename": "SearchParameter-us-core-practitioner-identifier.json",
      "resourceType": "SearchParameter",
      "id": "us-core-practitioner-identifier",
      "url": "http://hl7.org/fhir/us/core/SearchParameter/us-core-practitioner-identifier",
      "version": "5.0.1",
      "type": "token"
    },
    {
      "filename": "StructureDefinition-us-core-medicationrequest.json",
      "resourceType": "StructureDefinition",
      "id": "us-core-medicationrequest",
      "url": "http://hl7.org/fhir/us/core/StructureDefinition/us-core-medicationrequest",
      "version": "5.0.1",
      "kind": "resource",
      "type": "MedicationRequest"
    },
    {
      "filename": "SearchParameter-us-core-allergyintolerance-clinical-status.json",
      "resourceType": "SearchParameter",
      "id": "us-core-allergyintolerance-clinical-status",
      "url": "http://hl7.org/fhir/us/core/SearchParameter/us-core-allergyintolerance-clinical-status",
      "version": "5.0.1",
      "type": "token"
    },
    {
      "filename": "StructureDefinition-us-core-body-height.json",
      "resourceType": "StructureDefinition",
      "id": "us-core-body-height",
      "url": "http://hl7.org/fhir/us/core/StructureDefinition/us-core-body-height",
      "version": "5.0.1",
      "kind": "resource",
      "type": "Observation"
    },
    {
      "filename": "StructureDefinition-us-core-extension-questionnaire-uri.json",
      "resourceType": "StructureDefinition",
      "id": "us-core-extension-questionnaire-uri",
      "url": "http://hl7.org/fhir/us/core/StructureDefinition/us-core-extension-questionnaire-uri",
      "version": "5.0.1",
      "kind": "complex-type",
      "type": "Extension"
    },
    {
      "filename": "SearchParameter-us-core-medicationrequest-intent.json",
      "resourceType": "SearchParameter",
      "id": "us-core-medicationrequest-intent",
      "url": "http://hl7.org/fhir/us/core/SearchParameter/us-core-medicationrequest-intent",
      "version": "5.0.1",
      "type": "token"
    },
    {
      "filename": "StructureDefinition-us-core-goal.json",
      "resourceType": "StructureDefinition",
      "id": "us-core-goal",
      "url": "http://hl7.org/fhir/us/core/StructureDefinition/us-core-goal",
      "version": "5.0.1",
      "kind": "resource",
      "type": "Goal"
    },
    {
      "filename": "SearchParameter-us-core-medicationrequest-status.json",
      "resourceType": "SearchParameter",
      "id": "us-core-medicationrequest-status",
      "url": "http://hl7.org/fhir/us/core/SearchParameter/us-core-medicationrequest-status",
      "version": "5.0.1",
      "type": "token"
    },
    {
      "filename": "SearchParameter-us-core-location-address.json",
      "resourceType": "SearchParameter",
      "id": "us-core-location-address",
      "url": "http://hl7.org/fhir/us/core/SearchParameter/us-core-location-address",
      "version": "5.0.1",
      "type": "string"
    },
    {
      "filename": "StructureDefinition-us-core-allergyintolerance.json",
      "resourceType": "StructureDefinition",
      "id": "us-core-allergyintolerance",
      "url": "http://hl7.org/fhir/us/core/StructureDefinition/us-core-allergyintolerance",
      "version": "5.0.1",
      "kind": "resource",
      "type": "AllergyIntolerance"
    },
    {
      "filename": "CodeSystem-us-core-provenance-participant-type.json",
      "resourceType": "CodeSystem",
      "id": "us-core-provenance-participant-type",
      "url": "http://hl7.org/fhir/us/core/CodeSystem/us-core-provenance-participant-type",
      "version": "5.0.1"
    },
    {
      "filename": "SearchParameter-us-core-patient-name.json",
      "resourceType": "SearchParameter",
      "id": "us-core-patient-name",
      "url": "http://hl7.org/fhir/us/core/SearchParameter/us-core-patient-name",
      "version": "5.0.1",
      "type": "string"
    },
    {
      "filename": "ValueSet-us-core-sexual-orientation.json",
      "resourceType": "ValueSet",
      "id": "us-core-sexual-orientation",
      "url": "http://hl7.org/fhir/us/core/ValueSet/us-core-sexual-orientation",
      "version": "5.0.1"
    },
    {
      "filename": "SearchParameter-us-core-careteam-role.json",
      "resourceType": "SearchParameter",
      "id": "us-core-careteam-role",
      "url": "http://hl7.org/fhir/us/core/SearchParameter/us-core-careteam-role",
      "version": "5.0.1",
      "type": "token"
    },
    {
      "filename": "SearchParameter-us-core-careteam-patient.json",
      "resourceType": "SearchParameter",
      "id": "us-core-careteam-patient",
      "url": "http://hl7.org/fhir/us/core/SearchParameter/us-core-careteam-patient",
      "version": "5.0.1",
      "type": "reference"
    },
    {
      "filename": "SearchParameter-us-core-location-address-city.json",
      "resourceType": "SearchParameter",
      "id": "us-core-location-address-city",
      "url": "http://hl7.org/fhir/us/core/SearchParameter/us-core-location-address-city",
      "version": "5.0.1",
      "type": "string"
    },
    {
      "filename": "SearchParameter-us-core-observation-date.json",
      "resourceType": "SearchParameter",
      "id": "us-core-observation-date",
      "url": "http://hl7.org/fhir/us/core/SearchParameter/us-core-observation-date",
      "version": "5.0.1",
      "type": "date"
    },
    {
      "filename": "SearchParameter-us-core-documentreference-status.json",
      "resourceType": "SearchParameter",
      "id": "us-core-documentreference-status",
      "url": "http://hl7.org/fhir/us/core/SearchParameter/us-core-documentreference-status",
      "version": "5.0.1",
      "type": "token"
    },
    {
      "filename": "SearchParameter-us-core-servicerequest-authored.json",
      "resourceType": "SearchParameter",
      "id": "us-core-servicerequest-authored",
      "url": "http://hl7.org/fhir/us/core/SearchParameter/us-core-servicerequest-authored",
      "version": "5.0.1",
      "type": "date"
    },
    {
      "filename": "ValueSet-us-core-usps-state.json",
      "resourceType": "ValueSet",
      "id": "us-core-usps-state",
      "url": "http://hl7.org/fhir/us/core/ValueSet/us-core-usps-state",
      "version": "5.0.1"
    },
    {
      "filename": "ValueSet-us-core-provenance-participant-type.json",
      "resourceType": "ValueSet",
      "id": "us-core-provenance-participant-type",
      "url": "http://hl7.org/fhir/us/core/ValueSet/us-core-provenance-participant-type",
      "version": "5.0.1"
    },
    {
      "filename": "SearchParameter-us-core-condition-onset-date.json",
      "resourceType": "SearchParameter",
      "id": "us-core-condition-onset-date",
      "url": "http://hl7.org/fhir/us/core/SearchParameter/us-core-condition-onset-date",
      "version": "5.0.1",
      "type": "date"
    },
    {
      "filename": "SearchParameter-us-core-medicationrequest-authoredon.json",
      "resourceType": "SearchParameter",
      "id": "us-core-medicationrequest-authoredon",
      "url": "http://hl7.org/fhir/us/core/SearchParameter/us-core-medicationrequest-authoredon",
      "version": "5.0.1",
      "type": "date"
    },
    {
      "filename": "ValueSet-omb-ethnicity-category.json",
      "resourceType": "ValueSet",
      "id": "omb-ethnicity-category",
      "url": "http://hl7.org/fhir/us/core/ValueSet/omb-ethnicity-category",
      "version": "5.0.1"
    },
    {
      "filename": "ValueSet-us-core-goal-description.json",
      "resourceType": "ValueSet",
      "id": "us-core-goal-description",
      "url": "http://hl7.org/fhir/us/core/ValueSet/us-core-goal-description",
      "version": "5.0.1"
    },
    {
      "filename": "SearchParameter-us-core-condition-patient.json",
      "resourceType": "SearchParameter",
      "id": "us-core-condition-patient",
      "url": "http://hl7.org/fhir/us/core/SearchParameter/us-core-condition-patient",
      "version": "5.0.1",
      "type": "reference"
    },
    {
      "filename": "SearchParameter-us-core-documentreference-id.json",
      "resourceType": "SearchParameter",
      "id": "us-core-documentreference-id",
      "url": "http://hl7.org/fhir/us/core/SearchParameter/us-core-documentreference-id",
      "version": "5.0.1",
      "type": "token"
    },
    {
      "filename": "StructureDefinition-us-core-practitioner.json",
      "resourceType": "StructureDefinition",
      "id": "us-core-practitioner",
      "url": "http://hl7.org/fhir/us/core/StructureDefinition/us-core-practitioner",
      "version": "5.0.1",
      "kind": "resource",
      "type": "Practitioner"
    },
    {
      "filename": "ValueSet-us-core-condition-code.json",
      "resourceType": "ValueSet",
      "id": "us-core-condition-code",
      "url": "http://hl7.org/fhir/us/core/ValueSet/us-core-condition-code",
      "version": "5.0.1"
    },
    {
      "filename": "ValueSet-us-core-problem-or-health-concern.json",
      "resourceType": "ValueSet",
      "id": "us-core-problem-or-health-concern",
      "url": "http://hl7.org/fhir/us/core/ValueSet/us-core-problem-or-health-concern",
      "version": "5.0.1"
    },
    {
      "filename": "SearchParameter-us-core-organization-name.json",
      "resourceType": "SearchParameter",
      "id": "us-core-organization-name",
      "url": "http://hl7.org/fhir/us/core/SearchParameter/us-core-organization-name",
      "version": "5.0.1",
      "type": "string"
    },
    {
      "filename": "SearchParameter-us-core-organization-address.json",
      "resourceType": "SearchParameter",
      "id": "us-core-organization-address",
      "url": "http://hl7.org/fhir/us/core/SearchParameter/us-core-organization-address",
      "version": "5.0.1",
      "type": "string"
    },
    {
      "filename": "StructureDefinition-us-core-encounter.json",
      "resourceType": "StructureDefinition",
      "id": "us-core-encounter",
      "url": "http://hl7.org/fhir/us/core/StructureDefinition/us-core-encounter",
      "version": "5.0.1",
      "kind": "resource",
      "type": "Encounter"
    },
    {
      "filename": "ValueSet-omb-race-category.json",
      "resourceType": "ValueSet",
      "id": "omb-race-category",
      "url": "http://hl7.org/fhir/us/core/ValueSet/omb-race-category",
      "version": "5.0.1"
    },
    {
      "filename": "ValueSet-us-core-narrative-status.json",
      "resourceType": "ValueSet",
      "id": "us-core-narrative-status",
      "url": "http://hl7.org/fhir/us/core/ValueSet/us-core-narrative-status",
      "version": "5.0.1"
    },
    {
      "filename": "SearchParameter-us-core-diagnosticreport-category.json",
      "resourceType": "SearchParameter",
      "id": "us-core-diagnosticreport-category",
      "url": "http://hl7.org/fhir/us/core/SearchParameter/us-core-diagnosticreport-category",
      "version": "5.0.1",
      "type": "token"
    },
    {
      "filename": "StructureDefinition-us-core-documentreference.json",
      "resourceType": "StructureDefinition",
      "id": "us-core-documentreference",
      "url": "http://hl7.org/fhir/us/core/StructureDefinition/us-core-documentreference",
      "version": "5.0.1",
      "kind": "resource",
      "type": "DocumentReference"
    },
    {
      "filename": "ig-r4.json",
      "resourceType": "ImplementationGuide",
      "id": "hl7.fhir.us.core",
      "url": "http://hl7.org/fhir/us/core/ImplementationGuide/hl7.fhir.us.core",
      "version": "5.0.1"
    },
    {
      "filename": "StructureDefinition-us-core-head-circumference.json",
      "resourceType": "StructureDefinition",
      "id": "us-core-head-circumference",
      "url": "http://hl7.org/fhir/us/core/StructureDefinition/us-core-head-circumference",
      "version": "5.0.1",
      "kind": "resource",
      "type": "Observation"
    },
    {
      "filename": "CodeSystem-us-core-tags.json",
      "resourceType": "CodeSystem",
      "id": "us-core-tags",
      "url": "http://hl7.org/fhir/us/core/CodeSystem/us-core-tags",
      "version": "5.0.1"
    },
    {
      "filename": "SearchParameter-us-core-patient-id.json",
      "resourceType": "SearchParameter",
      "id": "us-core-patient-id",
      "url": "http://hl7.org/fhir/us/core/SearchParameter/us-core-patient-id",
      "version": "5.0.1",
      "type": "token"
    },
    {
      "filename": "StructureDefinition-us-core-birthsex.json",
      "resourceType": "StructureDefinition",
      "id": "us-core-birthsex",
      "url": "http://hl7.org/fhir/us/core/StructureDefinition/us-core-birthsex",
      "version": "5.0.1",
      "kind": "complex-type",
      "type": "Extension"
    },
    {
      "filename": "OperationDefinition-docref.json",
      "resourceType": "OperationDefinition",
      "id": "docref",
      "url": "http://hl7.org/fhir/us/core/OperationDefinition/docref",
      "version": "5.0.1",
      "kind": "operation",
      "type": "true"
    },
    {
      "filename": "SearchParameter-us-core-servicerequest-patient.json",
      "resourceType": "SearchParameter",
      "id": "us-core-servicerequest-patient",
      "url": "http://hl7.org/fhir/us/core/SearchParameter/us-core-servicerequest-patient",
      "version": "5.0.1",
      "type": "reference"
    },
    {
      "filename": "ValueSet-us-core-tags.json",
      "resourceType": "ValueSet",
      "id": "us-core-tags",
      "url": "http://hl7.org/fhir/us/core/ValueSet/us-core-tags",
      "version": "5.0.1"
    },
    {
      "filename": "StructureDefinition-us-core-observation-lab.json",
      "resourceType": "StructureDefinition",
      "id": "us-core-observation-lab",
      "url": "http://hl7.org/fhir/us/core/StructureDefinition/us-core-observation-lab",
      "version": "5.0.1",
      "kind": "resource",
      "type": "Observation"
    },
    {
      "filename": "StructureDefinition-us-core-observation-imaging.json",
      "resourceType": "StructureDefinition",
      "id": "us-core-observation-imaging",
      "url": "http://hl7.org/fhir/us/core/StructureDefinition/us-core-observation-imaging",
      "version": "5.0.1",
      "kind": "resource",
      "type": "Observation"
    },
    {
      "filename": "CodeSystem-careplan-category.json",
      "resourceType": "CodeSystem",
      "id": "careplan-category",
      "url": "http://hl7.org/fhir/us/core/CodeSystem/careplan-category",
      "version": "5.0.1"
    },
    {
      "filename": "ValueSet-birthsex.json",
      "resourceType": "ValueSet",
      "id": "birthsex",
      "url": "http://hl7.org/fhir/us/core/ValueSet/birthsex",
      "version": "5.0.1"
    },
    {
      "filename": "StructureDefinition-us-core-pulse-oximetry.json",
      "resourceType": "StructureDefinition",
      "id": "us-core-pulse-oximetry",
      "url": "http://hl7.org/fhir/us/core/StructureDefinition/us-core-pulse-oximetry",
      "version": "5.0.1",
      "kind": "resource",
      "type": "Observation"
    },
    {
      "filename": "StructureDefinition-us-core-implantable-device.json",
      "resourceType": "StructureDefinition",
      "id": "us-core-implantable-device",
      "url": "http://hl7.org/fhir/us/core/StructureDefinition/us-core-implantable-device",
      "version": "5.0.1",
      "kind": "resource",
      "type": "Device"
    },
    {
      "filename": "SearchParameter-us-core-diagnosticreport-code.json",
      "resourceType": "SearchParameter",
      "id": "us-core-diagnosticreport-code",
      "url": "http://hl7.org/fhir/us/core/SearchParameter/us-core-diagnosticreport-code",
      "version": "5.0.1",
      "type": "token"
    },
    {
      "filename": "ValueSet-detailed-ethnicity.json",
      "resourceType": "ValueSet",
      "id": "detailed-ethnicity",
      "url": "http://hl7.org/fhir/us/core/ValueSet/detailed-ethnicity",
      "version": "5.0.1"
    },
    {
      "filename": "StructureDefinition-us-core-observation-sdoh-assessment.json",
      "resourceType": "StructureDefinition",
      "id": "us-core-observation-sdoh-assessment",
      "url": "http://hl7.org/fhir/us/core/StructureDefinition/us-core-observation-sdoh-assessment",
      "version": "5.0.1",
      "kind": "resource",
      "type": "Observation"
    },
    {
      "filename": "ValueSet-us-core-common-sdoh-assessments.json",
      "resourceType": "ValueSet",
      "id": "us-core-common-sdoh-assessments",
      "url": "http://hl7.org/fhir/us/core/ValueSet/us-core-common-sdoh-assessments",
      "version": "5.0.1"
    },
    {
      "filename": "SearchParameter-us-core-documentreference-type.json",
      "resourceType": "SearchParameter",
      "id": "us-core-documentreference-type",
      "url": "http://hl7.org/fhir/us/core/SearchParameter/us-core-documentreference-type",
      "version": "5.0.1",
      "type": "token"
    },
    {
      "filename": "SearchParameter-us-core-encounter-discharge-disposition.json",
      "resourceType": "SearchParameter",
      "id": "us-core-encounter-discharge-disposition",
      "url": "http://hl7.org/fhir/us/core/SearchParameter/us-core-encounter-discharge-disposition",
      "version": "5.0.1",
      "type": "token"
    },
    {
      "filename": "CodeSystem-us-core-documentreference-category.json",
      "resourceType": "CodeSystem",
      "id": "us-core-documentreference-category",
      "url": "http://hl7.org/fhir/us/core/CodeSystem/us-core-documentreference-category",
      "version": "5.0.1"
    },
    {
      "filename": "SearchParameter-us-core-encounter-class.json",
      "resourceType": "SearchParameter",
      "id": "us-core-encounter-class",
      "url": "http://hl7.org/fhir/us/core/SearchParameter/us-core-encounter-class",
      "version": "5.0.1",
      "type": "token"
    },
    {
      "filename": "StructureDefinition-us-core-servicerequest.json",
      "resourceType": "StructureDefinition",
      "id": "us-core-servicerequest",
      "url": "http://hl7.org/fhir/us/core/StructureDefinition/us-core-servicerequest",
      "version": "5.0.1",
      "kind": "resource",
      "type": "ServiceRequest"
    },
    {
      "filename": "SearchParameter-us-core-documentreference-patient.json",
      "resourceType": "SearchParameter",
      "id": "us-core-documentreference-patient",
      "url": "http://hl7.org/fhir/us/core/SearchParameter/us-core-documentreference-patient",
      "version": "5.0.1",
      "type": "reference"
    },
    {
      "filename": "StructureDefinition-us-core-careplan.json",
      "resourceType": "StructureDefinition",
      "id": "us-core-careplan",
      "url": "http://hl7.org/fhir/us/core/StructureDefinition/us-core-careplan",
      "version": "5.0.1",
      "kind": "resource",
      "type": "CarePlan"
    },
    {
      "filename": "SearchParameter-us-core-medicationrequest-encounter.json",
      "resourceType": "SearchParameter",
      "id": "us-core-medicationrequest-encounter",
      "url": "http://hl7.org/fhir/us/core/SearchParameter/us-core-medicationrequest-encounter",
      "version": "5.0.1",
      "type": "reference"
    },
    {
      "filename": "ValueSet-us-core-procedure-code.json",
      "resourceType": "ValueSet",
      "id": "us-core-procedure-code",
      "url": "http://hl7.org/fhir/us/core/ValueSet/us-core-procedure-code",
      "version": "5.0.1"
    },
    {
      "filename": "StructureDefinition-us-core-smokingstatus.json",
      "resourceType": "StructureDefinition",
      "id": "us-core-smokingstatus",
      "url": "http://hl7.org/fhir/us/core/StructureDefinition/us-core-smokingstatus",
      "version": "5.0.1",
      "kind": "resource",
      "type": "Observation"
    },
    {
      "filename": "StructureDefinition-us-core-body-weight.json",
      "resourceType": "StructureDefinition",
      "id": "us-core-body-weight",
      "url": "http://hl7.org/fhir/us/core/StructureDefinition/us-core-body-weight",
      "version": "5.0.1",
      "kind": "resource",
      "type": "Observation"
    },
    {
      "filename": "SearchParameter-us-core-encounter-identifier.json",
      "resourceType": "SearchParameter",
      "id": "us-core-encounter-identifier",
      "url": "http://hl7.org/fhir/us/core/SearchParameter/us-core-encounter-identifier",
      "version": "5.0.1",
      "type": "token"
    },
    {
      "filename": "ValueSet-detailed-race.json",
      "resourceType": "ValueSet",
      "id": "detailed-race",
      "url": "http://hl7.org/fhir/us/core/ValueSet/detailed-race",
      "version": "5.0.1"
    },
    {
      "filename": "StructureDefinition-us-core-organization.json",
      "resourceType": "StructureDefinition",
      "id": "us-core-organization",
      "url": "http://hl7.org/fhir/us/core/StructureDefinition/us-core-organization",
      "version": "5.0.1",
      "kind": "resource",
      "type": "Organization"
    },
    {
      "filename": "ValueSet-us-core-servicerequest-category.json",
      "resourceType": "ValueSet",
      "id": "us-core-servicerequest-category",
      "url": "http://hl7.org/fhir/us/core/ValueSet/us-core-servicerequest-category",
      "version": "5.0.1"
    },
    {
      "filename": "CodeSystem-us-core-observation-category.json",
      "resourceType": "CodeSystem",
      "id": "us-core-observation-category",
      "url": "http://hl7.org/fhir/us/core/CodeSystem/us-core-observation-category",
      "version": "5.0.1"
    },
    {
      "filename": "StructureDefinition-us-core-observation-survey.json",
      "resourceType": "StructureDefinition",
      "id": "us-core-observation-survey",
      "url": "http://hl7.org/fhir/us/core/StructureDefinition/us-core-observation-survey",
      "version": "5.0.1",
      "kind": "resource",
      "type": "Observation"
    }
  ]
}