{"resourceType":"ValueSet","id":"us-core-documentreference-category","text":{"status":"generated","div":"<div xmlns=\"http://www.w3.org/1999/xhtml\"><ul><li>Include all codes defined in <a href=\"CodeSystem-us-core-documentreference-category.html\"><code>http://hl7.org/fhir/us/core/CodeSystem/us-core-documentreference-category</code></a></li></ul></div>"},"url":"http://hl7.org/fhir/us/core/ValueSet/us-core-documentreference-category","version":"5.0.1","name":"USCoreDocumentReferenceCategory","title":"US Core DocumentReference Category","status":"active","date":"2019-05-21","publisher":"HL7 International - Cross-Group Projects","contact":[{"name":"HL7 International - Cross-Group Projects","telecom":[{"system":"url","value":"http://www.hl7.org/Special/committees/cgp"},{"system":"email","value":"cgp@lists.HL7.org"}]}],"description":"The US Core DocumentReferences Category Value Set is a 'starter set' of categories supported for fetching and storing clinical notes.","jurisdiction":[{"coding":[{"system":"urn:iso:std:iso:3166","code":"US"}]}],"copyright":"Used by permission of HL7 International, all rights reserved Creative Commons License","compose":{"include":[{"system":"http://hl7.org/fhir/us/core/CodeSystem/us-core-documentreference-category"}]}}