{"resourceType":"ValueSet","id":"us-core-common-sdoh-assessments","text":{"status":"generated","div":"<div xmlns=\"http://www.w3.org/1999/xhtml\"><ul><li>Include these codes as defined in <a href=\"http://loinc.org\"><code>http://loinc.org</code></a><table class=\"none\"><tr><td style=\"white-space:nowrap\"><b>Code</b></td><td><b>Display</b></td></tr><tr><td><a href=\"http://details.loinc.org/LOINC/93028-9.html\">93028-9</a></td><td>Have you spent more than 2 nights in a row in a jail, prison, detention center, or juvenile correctional facility in past 1 year [PRAPARE]</td></tr><tr><td><a href=\"http://details.loinc.org/LOINC/93025-5.html\">93025-5</a></td><td>Protocol for Responding to and Assessing Patients' Assets, Risks, and Experiences [PRAPARE]</td></tr><tr><td><a href=\"http://details.loinc.org/LOINC/69861-3.html\">69861-3</a></td><td>Because of a physical, mental, or emotional condition, do you have difficulty doing errands alone such as visiting a physician's office or shopping</td></tr><tr><td><a href=\"http://details.loinc.org/LOINC/93027-1.html\">93027-1</a></td><td>Are you a refugee</td></tr><tr><td><a href=\"http://details.loinc.org/LOINC/81375-8.html\">81375-8</a></td><td>Self assessment of health status [Reported]</td></tr><tr><td><a href=\"http://details.loinc.org/LOINC/93034-7.html\">93034-7</a></td><td>Discharged from the U.S. Armed Forces</td></tr><tr><td><a href=\"http://details.loinc.org/LOINC/68516-4.html\">68516-4</a></td><td>On those days that you engage in moderate to strenuous exercise, how many minutes, on average, do you exercise</td></tr><tr><td><a href=\"http://details.loinc.org/LOINC/96782-8.html\">96782-8</a></td><td>Wants help with school or training</td></tr><tr><td><a href=\"http://details.loinc.org/LOINC/93029-7.html\">93029-7</a></td><td>How often do you see or talk to people that you care about and feel close to [PRAPARE]</td></tr><tr><td><a href=\"http://details.loinc.org/LOINC/68517-2.html\">68517-2</a></td><td>How many times in the past year have you have X or more drinks in a day</td></tr><tr><td><a href=\"http://details.loinc.org/LOINC/96842-0.html\">96842-0</a></td><td>How often have you used any tobacco product in past 12 months</td></tr><tr><td><a href=\"http://details.loinc.org/LOINC/88123-5.html\">88123-5</a></td><td>Within the past 12 months the food we bought just didn't last and we didn't have money to get more [U.S. FSS]</td></tr><tr><td><a href=\"http://details.loinc.org/LOINC/76501-6.html\">76501-6</a></td><td>Within the last year, have you been afraid of your partner or ex-partner</td></tr><tr><td><a href=\"http://details.loinc.org/LOINC/95618-5.html\">95618-5</a></td><td>Physically hurt you [HITS]</td></tr><tr><td><a href=\"http://details.loinc.org/LOINC/93038-8.html\">93038-8</a></td><td>Stress level</td></tr><tr><td><a href=\"http://details.loinc.org/LOINC/69858-9.html\">69858-9</a></td><td>Because of a physical, mental, or emotional condition, do you have serious difficulty concentrating, remembering, or making decisions</td></tr><tr><td><a href=\"http://details.loinc.org/LOINC/93159-2.html\">93159-2</a></td><td>How often do you feel lonely or isolated from those around you [CMS Assessment]</td></tr><tr><td><a href=\"http://details.loinc.org/LOINC/96780-2.html\">96780-2</a></td><td>Wants help finding or keeping work or a job</td></tr><tr><td><a href=\"http://details.loinc.org/LOINC/44250-9.html\">44250-9</a></td><td>Little interest or pleasure in doing things in last 2 weeks</td></tr><tr><td><a href=\"http://details.loinc.org/LOINC/68524-8.html\">68524-8</a></td><td>How many times in the past year have you used an illegal drug or used a prescription medication for non-medical reasons</td></tr><tr><td><a href=\"http://details.loinc.org/LOINC/88121-9.html\">88121-9</a></td><td>Hunger Vital Sign [HVS]</td></tr><tr><td><a href=\"http://details.loinc.org/LOINC/93026-3.html\">93026-3</a></td><td>Do you feel physically and emotionally safe where you currently live [PRAPARE]</td></tr><tr><td><a href=\"http://details.loinc.org/LOINC/82589-3.html\">82589-3</a></td><td>Highest level of education</td></tr><tr><td><a href=\"http://details.loinc.org/LOINC/89555-7.html\">89555-7</a></td><td>How many days per week did you engage in moderate to strenuous physical activity in the last 30 days</td></tr><tr><td><a href=\"http://details.loinc.org/LOINC/96781-0.html\">96781-0</a></td><td>Able to get help with daily activities when needed</td></tr><tr><td><a href=\"http://details.loinc.org/LOINC/95530-2.html\">95530-2</a></td><td>Prescription drug use for non-medical reasons in the past year</td></tr><tr><td><a href=\"http://details.loinc.org/LOINC/56799-0.html\">56799-0</a></td><td>Address</td></tr><tr><td><a href=\"http://details.loinc.org/LOINC/63586-2.html\">63586-2</a></td><td>What was your best estimate of the total income of all family members from all sources, before taxes, in last year [PhenX]</td></tr><tr><td><a href=\"http://details.loinc.org/LOINC/96779-4.html\">96779-4</a></td><td>Has the electric, gas, oil, or water company threatened to shut off services in your home in past 12 months</td></tr><tr><td><a href=\"http://details.loinc.org/LOINC/93677-3.html\">93677-3</a></td><td>Do you need help with legal issues [WellRx]</td></tr><tr><td><a href=\"http://details.loinc.org/LOINC/63512-8.html\">63512-8</a></td><td>How many people are living or staying at this address [#]</td></tr><tr><td><a href=\"http://details.loinc.org/LOINC/76437-3.html\">76437-3</a></td><td>Primary insurance</td></tr><tr><td><a href=\"http://details.loinc.org/LOINC/88124-3.html\">88124-3</a></td><td>Food insecurity risk [HVS]</td></tr><tr><td><a href=\"http://details.loinc.org/LOINC/32624-9.html\">32624-9</a></td><td>Race</td></tr><tr><td><a href=\"http://details.loinc.org/LOINC/97023-6.html\">97023-6</a></td><td>Accountable health communities (AHC) health-related social needs (HRSN) supplemental questions</td></tr><tr><td><a href=\"http://details.loinc.org/LOINC/93035-4.html\">93035-4</a></td><td>Has season or migrant farm work been your or your family's main source of income at any point in past 2 years [PRAPARE]</td></tr><tr><td><a href=\"http://details.loinc.org/LOINC/54899-0.html\">54899-0</a></td><td>Preferred language</td></tr><tr><td><a href=\"http://details.loinc.org/LOINC/93033-9.html\">93033-9</a></td><td>Are you worried about losing your housing [PRAPARE]</td></tr><tr><td><a href=\"http://details.loinc.org/LOINC/93031-3.html\">93031-3</a></td><td>Have you or any family members you live with been unable to get any of the following when it was really needed in past 1 year [PRAPARE]</td></tr><tr><td><a href=\"http://details.loinc.org/LOINC/56051-6.html\">56051-6</a></td><td>Hispanic or Latino</td></tr><tr><td><a href=\"http://details.loinc.org/LOINC/88122-7.html\">88122-7</a></td><td>Within the past 12 months we worried whether our food would run out before we got money to buy more [U.S. FSS]</td></tr><tr><td><a href=\"http://details.loinc.org/LOINC/93030-5.html\">93030-5</a></td><td>Has lack of transportation kept you from medical appointments, meetings, work, or from getting things needed for daily living</td></tr><tr><td><a href=\"http://details.loinc.org/LOINC/97027-7.html\">97027-7</a></td><td>Speaks a language other than English at home</td></tr><tr><td><a href=\"http://details.loinc.org/LOINC/71802-3.html\">71802-3</a></td><td>Housing status</td></tr><tr><td><a href=\"http://details.loinc.org/LOINC/44255-8.html\">44255-8</a></td><td>Feeling down, depressed, or hopeless in last 2 weeks</td></tr><tr><td><a href=\"http://details.loinc.org/LOINC/67875-5.html\">67875-5</a></td><td>Employment status - current</td></tr><tr><td><a href=\"http://details.loinc.org/LOINC/76513-1.html\">76513-1</a></td><td>How hard is it for you to pay for the very basics like food, housing, medical care, and heating</td></tr></table></li></ul></div>"},"url":"http://hl7.org/fhir/us/core/ValueSet/us-core-common-sdoh-assessments","version":"5.0.1","name":"USCoreCommonSDOHAssessments","title":"US Core Common SDOH Assessments","status":"active","experimental":false,"date":"2022-04-14","publisher":"HL7 International - Cross-Group Projects","contact":[{"name":"HL7 International - Cross-Group Projects","telecom":[{"system":"url","value":"http://www.hl7.org/Special/committees/cgp"},{"system":"email","value":"cgp@lists.HL7.org"}]}],"description":"Common SDOH assessment concepts covering the following categories (Gravity Project SDOH Domains):\n - Food (Food Insecurity)\n - Housing (Housing Instability)\n - Health (Social Connection, Stress)\n - Employment (Employment Status)\n - Care (SDOH Category Unspecified)\n - Transit (Transportation Insecurity)\n - Money (Financial Insecurity)\n - Goods (Material Hardship)\n - Education (SDOH Category Unspecified)\n - Legal (SDOH Category Unspecified)","jurisdiction":[{"coding":[{"system":"urn:iso:std:iso:3166","code":"US"}]}],"copyright":"This material contains content from LOINC (http://loinc.org). LOINC is copyright © 1995-2020, Regenstrief Institute, Inc. and the Logical Observation Identifiers Names and Codes (LOINC) Committee and is available at no cost under the license at http://loinc.org/license. LOINC® is a registered United States trademark of Regenstrief Institute, Inc","compose":{"include":[{"system":"http://loinc.org","concept":[{"code":"93028-9"},{"code":"93025-5"},{"code":"69861-3"},{"code":"93027-1"},{"code":"81375-8"},{"code":"93034-7"},{"code":"68516-4"},{"code":"96782-8"},{"code":"93029-7"},{"code":"68517-2"},{"code":"96842-0"},{"code":"88123-5"},{"code":"76501-6"},{"code":"95618-5"},{"code":"93038-8"},{"code":"69858-9"},{"code":"93159-2"},{"code":"96780-2"},{"code":"44250-9"},{"code":"68524-8"},{"code":"88121-9"},{"code":"93026-3"},{"code":"82589-3"},{"code":"89555-7"},{"code":"96781-0"},{"code":"95530-2"},{"code":"56799-0"},{"code":"63586-2"},{"code":"96779-4"},{"code":"93677-3"},{"code":"63512-8"},{"code":"76437-3"},{"code":"88124-3"},{"code":"32624-9"},{"code":"97023-6"},{"code":"93035-4"},{"code":"54899-0"},{"code":"93033-9"},{"code":"93031-3"},{"code":"56051-6"},{"code":"88122-7"},{"code":"93030-5"},{"code":"97027-7"},{"code":"71802-3"},{"code":"44255-8"},{"code":"67875-5"},{"code":"76513-1"}]}]}}