{"resourceType":"ValueSet","id":"us-core-goal-description","meta":{"versionId":"1","lastUpdated":"2022-04-27T23:53:20.720Z"},"text":{"status":"generated","div":"<div xmlns=\"http://www.w3.org/1999/xhtml\"><p>This value set includes codes based on the following rules:</p><ul><li>Include all codes defined in <a href=\"http://www.snomed.org/\"><code>http://snomed.info/sct</code></a></li><li>Include all codes defined in <a href=\"http://loinc.org\"><code>http://loinc.org</code></a></li></ul></div>"},"url":"http://hl7.org/fhir/us/core/ValueSet/us-core-goal-description","version":"5.0.1","name":"USCoreGoalCodes","title":"US Core Goal Codes","status":"active","date":"2021-11-22","publisher":"HL7 International - Cross-Group Projects","contact":[{"name":"HL7 International - Cross-Group Projects","telecom":[{"system":"url","value":"http://www.hl7.org/Special/committees/cgp"},{"system":"email","value":"cgp@lists.HL7.org"}]}],"description":"Concepts from CPT and LOINC code systems that can be used to indicate the goal.","jurisdiction":[{"coding":[{"system":"urn:iso:std:iso:3166","code":"US"}]}],"copyright":"1. This value set includes content from SNOMED CT, which is copyright © 2002+ International Health Terminology Standards Development Organisation (IHTSDO), and distributed by agreement between IHTSDO and HL7. Implementer use of SNOMED CT is not covered by this agreement.\n2. This material contains content from LOINC (http://loinc.org). LOINC is copyright © 1995-2020, Regenstrief Institute, Inc. and the Logical Observation Identifiers Names and Codes (LOINC) Committee and is available at no cost under the license at http://loinc.org/license. LOINC ® is a registered United States trademark of Regenstrief Institute, Inc","compose":{"include":[{"system":"http://snomed.info/sct"},{"system":"http://loinc.org"}]}}