{"resourceType":"ValueSet","id":"us-core-observation-smoking-status-status","text":{"status":"extensions","div":"<div xmlns=\"http://www.w3.org/1999/xhtml\"><ul><li>Include these codes as defined in <a href=\"http://hl7.org/fhir/R4/codesystem-observation-status.html\"><code>http://hl7.org/fhir/observation-status</code></a><table class=\"none\"><tr><td style=\"white-space:nowrap\"><b>Code</b></td><td><b>Display</b></td><td><b>Definition</b></td></tr><tr><td><a href=\"http://hl7.org/fhir/R4/codesystem-observation-status.html#observation-status-final\">final</a></td><td>Final</td><td>The observation is complete and there are no further actions needed. Additional information such &quot;released&quot;, &quot;signed&quot;, etc would be represented using [Provenance](provenance.html) which provides not only the act but also the actors and dates and other related data. These act states would be associated with an observation status of `preliminary` until they are all completed and then a status of `final` would be applied.</td></tr><tr><td><a href=\"http://hl7.org/fhir/R4/codesystem-observation-status.html#observation-status-entered-in-error\">entered-in-error</a></td><td>Entered in Error</td><td>The observation has been withdrawn following previous final release.  This electronic record should never have existed, though it is possible that real-world decisions were based on it. (If real-world activity has occurred, the status should be &quot;cancelled&quot; rather than &quot;entered-in-error&quot;.).</td></tr></table></li></ul></div>"},"url":"http://hl7.org/fhir/us/core/ValueSet/us-core-observation-smoking-status-status","version":"5.0.1","name":"USCoreObservationSmokingStatusStatus","title":"US Core Status for Smoking Status Observation","status":"active","date":"2019-05-21","publisher":"HL7 International - Cross-Group Projects","contact":[{"name":"HL7 International - Cross-Group Projects","telecom":[{"system":"url","value":"http://www.hl7.org/Special/committees/cgp"},{"system":"email","value":"cgp@lists.HL7.org"}]}],"description":"Codes providing the status of an observation for smoking status. Constrained to `final`and `entered-in-error`.","jurisdiction":[{"coding":[{"system":"urn:iso:std:iso:3166","code":"US"}]}],"copyright":"Used by permission of HL7 International, all rights reserved Creative Commons License","compose":{"include":[{"system":"http://hl7.org/fhir/observation-status","concept":[{"code":"final"},{"code":"entered-in-error"}]}]}}