<!-- menu.xml {% comment %}
*****************************************************************************************************
*                                  WARNING: DO NOT EDIT THIS FILE                                   *
*                                                                                                   *
* This file is generated by SUSHI. Any edits you make to this file will be overwritten.             *
*                                                                                                   *
* To change the contents of this file, edit the "menu" attribute in the tank sushi-config.yaml file *
* or provide your own menu.xml in the input/includes folder                                         *
*****************************************************************************************************
{% endcomment %} -->

<ul xmlns="http://www.w3.org/1999/xhtml" class="nav navbar-nav">
  <li>
    <a href="index.html">Home</a>
  </li>
  <li class="dropdown">
    <a data-toggle="dropdown" href="#" class="dropdown-toggle">Artifacts
      <b class="caret"></b>
    </a>
    <ul class="dropdown-menu">
      <li>
        <a href="artifacts.html#structures-resource-profiles">Resource Profiles</a>
      </li>
      <li>
        <a href="artifacts.html#example-example-instances">Example Instances</a>
      </li>
    </ul>
  </li>
  <li>
    <a href="md-cheat-sheet.html">Markdown Cheat Sheet</a>
  </li>
  <li>
    <a href="downloads.html">Downloads</a>
  </li>
</ul>