{
  "resourceType": "AllergyIntolerance",
  "id": "AllergyToLatexExample",
  "patient": {
    "reference": "Patient/PatientBob"
  },
  "clinicalStatus": {
    "coding": [
      {
        "code": "active",
        "system": "http://terminology.hl7.org/CodeSystem/allergyintolerance-clinical"
      }
    ]
  },
  "verificationStatus": {
    "coding": [
      {
        "code": "confirmed",
        "system": "http://terminology.hl7.org/CodeSystem/allergyintolerance-verification"
      }
    ]
  },
  "code": {
    "coding": [
      {
        "code": "7980",
        "system": "http://www.nlm.nih.gov/research/umls/rxnorm",
        "display": "penicillin G"
      }
    ]
  }
}
