{
  "resourceType": "Composition",
  "id": "PartialCCDExample",
  "meta": {
    "profile": [
      "http://example.org/StructureDefinition/partial-ccd"
    ]
  },
  "type": {
    "coding": [
      {
        "code": "34133-9",
        "system": "http://loinc.org"
      }
    ]
  },
  "section": [
    {
      "code": {
        "coding": [
          {
            "code": "48765-2",
            "system": "http://loinc.org"
          }
        ]
      },
      "entry": [
        {
          "reference": "AllergyIntolerance/AllergyToLatexExample"
        }
      ]
    },
    {
      "code": {
        "coding": [
          {
            "code": "10160-0",
            "system": "http://loinc.org"
          }
        ]
      },
      "entry": [
        {
          "reference": "MedicationRequest/StatinExample"
        }
      ]
    },
    {
      "code": {
        "coding": [
          {
            "code": "11450-4",
            "system": "http://loinc.org"
          }
        ]
      },
      "entry": [
        {
          "reference": "Condition/DiabetesExample"
        },
        {
          "reference": "Condition/HypertensionExample"
        }
      ]
    }
  ],
  "status": "final",
  "subject": {
    "reference": "Patient/PatientBob"
  },
  "author": [
    {
      "reference": "Organization/AcmeOrganization"
    }
  ],
  "title": "Partial Continuity of Care Document for Bob",
  "date": "2022-09-21T00:00:00.0Z",
  "event": [
    {
      "period": {
        "start": "2022-08-15T00:00:00.0Z",
        "end": "2022-09-21T00:00:00.0Z"
      }
    }
  ]
}
