{
  "resourceType": "ImplementationGuide",
  "id": "fhir.example",
  "url": "http://example.org/ImplementationGuide/fhir.example",
  "version": "0.1.0",
  "name": "Slicing",
  "status": "draft",
  "publisher": "Example Publisher",
  "contact": [
    {
      "name": "Example Publisher",
      "telecom": [
        {
          "system": "url",
          "value": "http://example.org/example-publisher"
        }
      ]
    }
  ],
  "packageId": "fhir.example",
  "fhirVersion": [
    "4.0.1"
  ],
  "definition": {
    "resource": [
      {
        "reference": {
          "reference": "StructureDefinition/partial-ccd"
        },
        "name": "Partial Continuity of Care Document",
        "description": "Partial Continuity of Care Document for training purposes only",
        "exampleBoolean": false
      },
      {
        "reference": {
          "reference": "Organization/AcmeOrganization"
        },
        "name": "Acme, Inc.",
        "description": "Acme, Inc.",
        "exampleBoolean": true
      },
      {
        "reference": {
          "reference": "AllergyIntolerance/AllergyToLatexExample"
        },
        "name": "Allergy to Latex Example",
        "description": "Minimal Allergy to Latext Example",
        "exampleBoolean": true
      },
      {
        "reference": {
          "reference": "Condition/DiabetesExample"
        },
        "name": "Diabetes Example",
        "description": "Diabetes Example",
        "exampleBoolean": true
      },
      {
        "reference": {
          "reference": "Condition/HypertensionExample"
        },
        "name": "Hypertension Example",
        "description": "Hypertension Example",
        "exampleBoolean": true
      },
      {
        "reference": {
          "reference": "Composition/PartialCCDExample"
        },
        "name": "Partial CCD Example",
        "description": "A simple, clinically inaccurate example of PartialCCD",
        "exampleCanonical": "http://example.org/StructureDefinition/partial-ccd"
      },
      {
        "reference": {
          "reference": "Patient/PatientBob"
        },
        "name": "Patient Bob",
        "description": "Patient Bob",
        "exampleBoolean": true
      },
      {
        "reference": {
          "reference": "MedicationRequest/StatinExample"
        },
        "name": "Statin Example",
        "description": "Statin Example",
        "exampleBoolean": true
      }
    ],
    "page": {
      "nameUrl": "toc.html",
      "title": "Table of Contents",
      "generation": "html",
      "page": [
        {
          "nameUrl": "index.html",
          "title": "Home",
          "generation": "markdown"
        }
      ]
    },
    "parameter": [
      {
        "code": "copyrightyear",
        "value": "2022+"
      },
      {
        "code": "releaselabel",
        "value": "ci-build"
      }
    ]
  }
}
