{
  "resourceType": "StructureDefinition",
  "id": "partial-ccd",
  "extension": [
    {
      "url": "http://hl7.org/fhir/StructureDefinition/structuredefinition-category",
      "valueString": "Foundation.Documents"
    },
    {
      "url": "http://hl7.org/fhir/StructureDefinition/structuredefinition-security-category",
      "valueCode": "not-classified"
    }
  ],
  "url": "http://example.org/StructureDefinition/partial-ccd",
  "version": "0.1.0",
  "name": "PartialCCD",
  "title": "Partial Continuity of Care Document",
  "status": "active",
  "description": "Partial Continuity of Care Document for training purposes only",
  "fhirVersion": "4.0.1",
  "mapping": [
    {
      "identity": "workflow",
      "uri": "http://hl7.org/fhir/workflow",
      "name": "Workflow Pattern"
    },
    {
      "identity": "rim",
      "uri": "http://hl7.org/v3",
      "name": "RIM Mapping"
    },
    {
      "identity": "cda",
      "uri": "http://hl7.org/v3/cda",
      "name": "CDA (R2)"
    },
    {
      "identity": "fhirdocumentreference",
      "uri": "http://hl7.org/fhir/documentreference",
      "name": "FHIR DocumentReference"
    },
    {
      "identity": "w5",
      "uri": "http://hl7.org/fhir/fivews",
      "name": "FiveWs Pattern Mapping"
    }
  ],
  "kind": "resource",
  "abstract": false,
  "type": "Composition",
  "baseDefinition": "http://hl7.org/fhir/StructureDefinition/Composition",
  "derivation": "constraint",
  "differential": {
    "element": [
      {
        "id": "Composition.type",
        "path": "Composition.type",
        "patternCodeableConcept": {
          "coding": [
            {
              "code": "34133-9",
              "system": "http://loinc.org"
            }
          ]
        }
      },
      {
        "id": "Composition.event",
        "path": "Composition.event",
        "min": 1,
        "max": "1"
      },
      {
        "id": "Composition.event.code",
        "path": "Composition.event.code",
        "patternCodeableConcept": {
          "coding": [
            {
              "code": "PCPR",
              "system": "http://terminology.hl7.org/CodeSystem/v3-ActClass"
            }
          ]
        }
      },
      {
        "id": "Composition.event.period",
        "path": "Composition.event.period",
        "min": 1
      },
      {
        "id": "Composition.event.period.start",
        "path": "Composition.event.period.start",
        "min": 1
      },
      {
        "id": "Composition.event.period.end",
        "path": "Composition.event.period.end",
        "min": 1
      },
      {
        "id": "Composition.section",
        "path": "Composition.section",
        "slicing": {
          "discriminator": [
            {
              "type": "pattern",
              "path": "code"
            }
          ],
          "rules": "open",
          "description": "Slice based on the section.code pattern"
        }
      },
      {
        "id": "Composition.section:allergies",
        "path": "Composition.section",
        "sliceName": "allergies",
        "min": 0,
        "max": "*"
      },
      {
        "id": "Composition.section:allergies.code",
        "path": "Composition.section.code",
        "min": 1,
        "patternCodeableConcept": {
          "coding": [
            {
              "code": "48765-2",
              "system": "http://loinc.org"
            }
          ]
        }
      },
      {
        "id": "Composition.section:allergies.entry",
        "path": "Composition.section.entry",
        "type": [
          {
            "code": "Reference",
            "targetProfile": [
              "http://hl7.org/fhir/StructureDefinition/AllergyIntolerance"
            ]
          }
        ]
      },
      {
        "id": "Composition.section:medications",
        "path": "Composition.section",
        "sliceName": "medications",
        "min": 0,
        "max": "*"
      },
      {
        "id": "Composition.section:medications.code",
        "path": "Composition.section.code",
        "min": 1,
        "patternCodeableConcept": {
          "coding": [
            {
              "code": "10160-0",
              "system": "http://loinc.org"
            }
          ]
        }
      },
      {
        "id": "Composition.section:medications.entry",
        "path": "Composition.section.entry",
        "type": [
          {
            "code": "Reference",
            "targetProfile": [
              "http://hl7.org/fhir/StructureDefinition/MedicationRequest"
            ]
          }
        ]
      },
      {
        "id": "Composition.section:problems",
        "path": "Composition.section",
        "sliceName": "problems",
        "min": 0,
        "max": "*"
      },
      {
        "id": "Composition.section:problems.code",
        "path": "Composition.section.code",
        "min": 1,
        "patternCodeableConcept": {
          "coding": [
            {
              "code": "11450-4",
              "system": "http://loinc.org"
            }
          ]
        }
      },
      {
        "id": "Composition.section:problems.entry",
        "path": "Composition.section.entry",
        "type": [
          {
            "code": "Reference",
            "targetProfile": [
              "http://hl7.org/fhir/StructureDefinition/Condition"
            ]
          }
        ]
      }
    ]
  }
}
