{"Conformance":{"date":{"value":"2012-01-04"},"publisher":{"name":{"value":"ACME Corporation"},"contact":[{"system":"email","value":"wile@acme.org"}]},"software":{"name":{"value":"EHR"},"version":{"value":"0.00.020.2134"}},"version":{"value":"0.02"},"acceptUnknown":{"value":"true"},"rest":[{"mode":{"value":"server"},"resource":[{"type":{"value":"Person"},"profile":{"value":"http://fhir.hl7.org/base/profile/@7896271d-57f6-4231-89dc-dcc91eab2416"},"operation":[{"code":{"value":"read"}},{"code":{"value":"vread"}},{"code":{"value":"update"}},{"code":{"value":"history"}},{"code":{"value":"create"}},{"code":{"value":"updates"}}]}]}],"messaging":[{"event":[{"code":{"value":"admin-notify"},"mode":{"value":"receiver"},"focus":{"value":"Person"},"request":{"value":"http://fhir.hl7.org/base/profile/@7896271d-57f6-4231-89dc-dcc91eab2416"}}]}],"document":[{"mode":{"value":"consumer"},"documentation":{"value":"Basic rules for all documents in the EHR system"},"profile":{"value":"http://fhir.hl7.org/base/profile/@bc054d23-75e1-4dc6-aca5-838b6b1ac81d/history/@b5fdd9fc-b021-4ea1-911a-721a60663796"}}],"text":{"status":"generated","div":"<div xmlns=\"http://www.w3.org/1999/xhtml\"><p>The EHR Server supports the following transactions for the resource Person: read, vread, \n        update, history, search(name,gender), create, and updates.</p><p>The EHR System supports the following message: admin-notify::Person.</p><p>The EHR Application has a <a href=\"http://fhir.hl7.org/base/profile/@bc054d23-75e1-4dc6-aca5-838b6b1ac81d/history/@b5fdd9fc-b021-4ea1-911a-721a60663796\">general document profile</a>.</p></div>"}}}