{"Profile":{"name":{"value":"conformance"},"author":{"name":{"value":"todo (committee)"}},"description":{"value":"Basic Profile. A conformance statement about how an application or implementation supports FHIR or the set of requirements for a desired implementation"},"status":{"code":{"value":"testing"},"date":{"value":"2012-12-04"}},"resource":[{"type":{"value":"Resource"},"element":[{"path":{"value":"Conformance"},"definition":{"short":{"value":"A conformance statement"},"formal":{"value":"A conformance statement about how an application or implementation supports FHIR or the set of requirements for a desired implementation"},"min":{"value":"1"},"max":{"value":"1"},"type":[{"code":{"value":"Resource"}}],"mustUnderstand":{"value":"false"}}},{"path":{"value":"Conformance.date"},"definition":{"short":{"value":"Publication Date"},"formal":{"value":"Date that the conformance statement is published"},"min":{"value":"1"},"max":{"value":"1"},"type":[{"code":{"value":"dateTime"}}],"mustUnderstand":{"value":"false"}}},{"path":{"value":"Conformance.publisher"},"definition":{"short":{"value":"Publisher of the statement"},"formal":{"value":"The organization that publishes this conformance statement"},"min":{"value":"1"},"max":{"value":"1"},"mustUnderstand":{"value":"false"}}},{"path":{"value":"Conformance.publisher.name"},"definition":{"short":{"value":"Publishing Organization"},"formal":{"value":"Name of Organization"},"min":{"value":"1"},"max":{"value":"1"},"type":[{"code":{"value":"string"}}],"mustUnderstand":{"value":"false"}}},{"path":{"value":"Conformance.publisher.address"},"definition":{"short":{"value":"Address of Organization"},"formal":{"value":"Address of Organization"},"min":{"value":"0"},"max":{"value":"1"},"type":[{"code":{"value":"Address"}}],"mustUnderstand":{"value":"false"}}},{"path":{"value":"Conformance.publisher.contact"},"definition":{"short":{"value":"Contacts for Organization"},"formal":{"value":"Contacts for Organization relevant to this conformance statement.  May be website, email, phone numbers, etc."},"min":{"value":"0"},"max":{"value":"*"},"type":[{"code":{"value":"Contact"}}],"mustUnderstand":{"value":"false"}}},{"path":{"value":"Conformance.implementation"},"definition":{"short":{"value":"If profile is for implementation"},"formal":{"value":"Describes the implementation that is covered by this conformance statement.  Used when the profile describes the capabilities of a specific implementation instance."},"min":{"value":"0"},"max":{"value":"1"},"mustUnderstand":{"value":"false"}}},{"path":{"value":"Conformance.implementation.description"},"definition":{"short":{"value":"What implementation is covered?"},"formal":{"value":"Information about the specific implementation "},"min":{"value":"1"},"max":{"value":"1"},"type":[{"code":{"value":"string"}}],"mustUnderstand":{"value":"false"}}},{"path":{"value":"Conformance.implementation.url"},"definition":{"short":{"value":"Base URL for interfaces"},"formal":{"value":"The base URL for the implementation.  This forms the base for REST interfaces as well as the mailbox and document interfaces."},"min":{"value":"0"},"max":{"value":"1"},"type":[{"code":{"value":"uri"}}],"mustUnderstand":{"value":"false"}}},{"path":{"value":"Conformance.software"},"definition":{"short":{"value":"If profile is for software offered"},"formal":{"value":"Describes the software that is covered by this conformance statement.  Used when the profile describes the capabilities of a particular software version, independent of an installation."},"min":{"value":"0"},"max":{"value":"1"},"mustUnderstand":{"value":"false"}}},{"path":{"value":"Conformance.software.name"},"definition":{"short":{"value":"Name software is known by"},"formal":{"value":"Name software is known by"},"min":{"value":"1"},"max":{"value":"1"},"type":[{"code":{"value":"string"}}],"mustUnderstand":{"value":"false"}}},{"path":{"value":"Conformance.software.version"},"definition":{"short":{"value":"Version covered by this statement"},"formal":{"value":"Version covered by this statement"},"comments":{"value":"If possible, version should be specified, as statements are likely to be different for different versions of software"},"min":{"value":"0"},"max":{"value":"1"},"type":[{"code":{"value":"string"}}],"mustUnderstand":{"value":"false"}}},{"path":{"value":"Conformance.software.releaseDate"},"definition":{"short":{"value":"Date this version released"},"formal":{"value":"Date this version of the software released"},"min":{"value":"0"},"max":{"value":"1"},"type":[{"code":{"value":"dateTime"}}],"mustUnderstand":{"value":"false"}}},{"path":{"value":"Conformance.proposal"},"definition":{"short":{"value":"If profile is for proposal"},"formal":{"value":"Describes the proposed solution described by this conformance statement.  Used when the profile describes a desired rather than an actual solution, for example as a formal expression of requirements as part of an RFP."},"min":{"value":"0"},"max":{"value":"1"},"mustUnderstand":{"value":"false"}}},{"path":{"value":"Conformance.proposal.description"},"definition":{"short":{"value":"Details of proposal or requirements document"},"formal":{"value":"Provides details about the intention and scope of the proposal"},"min":{"value":"1"},"max":{"value":"1"},"type":[{"code":{"value":"string"}}],"mustUnderstand":{"value":"false"}}},{"path":{"value":"Conformance.version"},"definition":{"short":{"value":"FHIR Version"},"formal":{"value":"The version of the FHIR specification on which this conformance profile is based"},"min":{"value":"1"},"max":{"value":"1"},"type":[{"code":{"value":"id"}}],"mustUnderstand":{"value":"false"}}},{"path":{"value":"Conformance.acceptUnknown"},"definition":{"short":{"value":"True if application accepts unknown elements"},"formal":{"value":"Whether the application accepts unknown non-\"must understand\" elements as part of a resource. This does not include extensions, but genuine new additions to a resource"},"min":{"value":"1"},"max":{"value":"1"},"type":[{"code":{"value":"boolean"}}],"mustUnderstand":{"value":"false"}}},{"path":{"value":"Conformance.rest"},"definition":{"short":{"value":"If the endpoint is a RESTful one"},"formal":{"value":"Defines the restful capabilities of the solution, if any"},"comments":{"value":"Multiple repetitions allow definition of both client and server behaviors or possibly behaviors under different configuration settings (for software or requirements statements)"},"min":{"value":"0"},"max":{"value":"*"},"mustUnderstand":{"value":"false"}}},{"path":{"value":"Conformance.rest.mode"},"definition":{"short":{"value":"client | server"},"formal":{"value":"Identifies whether this portion of the statement is describing ability to initiate or receive restful operations"},"min":{"value":"1"},"max":{"value":"1"},"type":[{"code":{"value":"code"}}],"mustUnderstand":{"value":"false"},"binding":{"value":"RestfulConformanceMode"}}},{"path":{"value":"Conformance.rest.documentation"},"definition":{"short":{"value":"Security, etc."},"formal":{"value":"Provides documentation about the system's restful capabilities that apply across all applications, such as security"},"min":{"value":"0"},"max":{"value":"1"},"type":[{"code":{"value":"string"}}],"mustUnderstand":{"value":"false"}}},{"path":{"value":"Conformance.rest.resource"},"definition":{"short":{"value":"Resource served on the REST interface"},"formal":{"value":"Identifies the restful capabilities of the solution for a specific resource type"},"comments":{"value":"Max of one repetition per resource type"},"min":{"value":"1"},"max":{"value":"*"},"mustUnderstand":{"value":"false"}}},{"path":{"value":"Conformance.rest.resource.type"},"definition":{"short":{"value":"Resource type"},"formal":{"value":"Identifies the resource exposed via the restful interface"},"min":{"value":"1"},"max":{"value":"1"},"type":[{"code":{"value":"code"}}],"mustUnderstand":{"value":"false"},"binding":{"value":"ResourceType"}}},{"path":{"value":"Conformance.rest.resource.profile"},"definition":{"short":{"value":"Profile describing resource support"},"formal":{"value":"Identifies the profile that describes the solution's support for the resource, including any constraints on cardinality, bindings, lengths or other limitations, along with the search parameters supported"},"min":{"value":"0"},"max":{"value":"1"},"type":[{"code":{"value":"uri"}}],"mustUnderstand":{"value":"false"}}},{"path":{"value":"Conformance.rest.resource.operation"},"definition":{"short":{"value":"What operations are supported?"},"formal":{"value":"Identifies a restful operation supported by the solution"},"comments":{"value":"The 'search' operation is handled separately"},"min":{"value":"1"},"max":{"value":"*"},"mustUnderstand":{"value":"false"}}},{"path":{"value":"Conformance.rest.resource.operation.code"},"definition":{"short":{"value":"read | vread | update | etc."},"formal":{"value":"Identifies which operation is supported"},"min":{"value":"1"},"max":{"value":"1"},"type":[{"code":{"value":"code"}}],"mustUnderstand":{"value":"false"},"binding":{"value":"RestfulOperation"}}},{"path":{"value":"Conformance.rest.resource.operation.documentation"},"definition":{"short":{"value":"Anything special about operation behavior"},"formal":{"value":"Provides guidance specific to the implementation of this operation, such as 'delete is a logical delete' or 'updates are only allowed with version id' or 'creates permitted from pre-authorized certificates only'"},"min":{"value":"0"},"max":{"value":"1"},"type":[{"code":{"value":"string"}}],"mustUnderstand":{"value":"false"}}},{"path":{"value":"Conformance.rest.resource.history"},"definition":{"short":{"value":"Whether vRead can return past versions"},"formal":{"value":"A flag for whether the server is able to return past versions as part of the vRead operation"},"comments":{"value":"It is useful to support the vRead operation for current operations, even if past versions aren't available"},"min":{"value":"0"},"max":{"value":"1"},"type":[{"code":{"value":"boolean"}}],"mustUnderstand":{"value":"false"}}},{"path":{"value":"Conformance.messaging"},"definition":{"short":{"value":"If messaging is supported"},"formal":{"value":"Describes the messaging capabilities of the solution"},"comments":{"value":"Multiple repetitions allow the documentation of multiple endpoints per solution"},"min":{"value":"0"},"max":{"value":"*"},"mustUnderstand":{"value":"false"}}},{"path":{"value":"Conformance.messaging.endpoint"},"definition":{"short":{"value":"Actual endpoint being described"},"formal":{"value":"The address to which messages and/or replies are to be sent."},"comments":{"value":"Can be just an identifier for solutions that do not use network addresses for routing."},"min":{"value":"0"},"max":{"value":"1"},"type":[{"code":{"value":"uri"}}],"mustUnderstand":{"value":"false"}}},{"path":{"value":"Conformance.messaging.documentation"},"definition":{"short":{"value":"Messaging interface behavior details"},"formal":{"value":"Provides documentation about the system's messaging capabilities for this endpoint not otherwise documented by the conformance statement.  For example, process for becoming an authorized messaging exchange partner."},"min":{"value":"0"},"max":{"value":"1"},"type":[{"code":{"value":"string"}}],"mustUnderstand":{"value":"false"}}},{"path":{"value":"Conformance.messaging.event"},"definition":{"short":{"value":"Declare support for this event"},"formal":{"value":"Describes the solution's support for an event at this end point."},"comments":{"value":"The same event may be listed up to two times - once as sender and once as receiver."},"min":{"value":"1"},"max":{"value":"*"},"mustUnderstand":{"value":"false"}}},{"path":{"value":"Conformance.messaging.event.code"},"definition":{"short":{"value":"Event type"},"formal":{"value":"Identifies the supported messaging event"},"min":{"value":"1"},"max":{"value":"1"},"type":[{"code":{"value":"code"}}],"mustUnderstand":{"value":"false"},"binding":{"value":"MessageEvent"}}},{"path":{"value":"Conformance.messaging.event.mode"},"definition":{"short":{"value":"sender | receiver"},"formal":{"value":"The mode of this event declaration - whether application is sender or receiver"},"min":{"value":"1"},"max":{"value":"1"},"type":[{"code":{"value":"code"}}],"mustUnderstand":{"value":"false"},"binding":{"value":"ConformanceEventMode"}}},{"path":{"value":"Conformance.messaging.event.protocol"},"definition":{"short":{"value":"http | ftp |MLLP | etc."},"formal":{"value":"Identifies the messaging transport protocol(s) supported by this endpoint"},"min":{"value":"0"},"max":{"value":"*"},"type":[{"code":{"value":"Coding"}}],"mustUnderstand":{"value":"false"},"binding":{"value":"MessageTransport"}}},{"path":{"value":"Conformance.messaging.event.focus"},"definition":{"short":{"value":"Resource that's focus of message"},"formal":{"value":"Identifies the resource associated with the event.  This is the resource that defines the event."},"comments":{"value":"This must be provided if the event type supports multiple different resource types"},"min":{"value":"1"},"max":{"value":"1"},"type":[{"code":{"value":"code"}}],"mustUnderstand":{"value":"false"},"binding":{"value":"ResourceType"}}},{"path":{"value":"Conformance.messaging.event.request"},"definition":{"short":{"value":"Profile that describes the request"},"formal":{"value":"Information about the request for this event"},"min":{"value":"0"},"max":{"value":"1"},"type":[{"code":{"value":"uri"}}],"mustUnderstand":{"value":"false"}}},{"path":{"value":"Conformance.messaging.event.response"},"definition":{"short":{"value":"Profile that describes the response"},"formal":{"value":"Information about the response for this event"},"min":{"value":"0"},"max":{"value":"1"},"type":[{"code":{"value":"uri"}}],"mustUnderstand":{"value":"false"}}},{"path":{"value":"Conformance.messaging.event.documentation"},"definition":{"short":{"value":"Endpoint-specific event documentation"},"formal":{"value":"Guidance on how this event is handled, such as internal system trigger points, business rules, etc."},"min":{"value":"0"},"max":{"value":"1"},"type":[{"code":{"value":"string"}}],"mustUnderstand":{"value":"false"}}},{"path":{"value":"Conformance.document"},"definition":{"short":{"value":"document definition"},"formal":{"value":"A document definition"},"min":{"value":"0"},"max":{"value":"*"},"mustUnderstand":{"value":"false"}}},{"path":{"value":"Conformance.document.mode"},"definition":{"short":{"value":"producer | consumer"},"formal":{"value":"The mode of this event declaration - whether application is sender or receiver"},"min":{"value":"1"},"max":{"value":"1"},"type":[{"code":{"value":"code"}}],"mustUnderstand":{"value":"false"},"binding":{"value":"DocumentMode"}}},{"path":{"value":"Conformance.document.documentation"},"definition":{"short":{"value":"Description of document support"},"formal":{"value":"Describes how the application supports or uses the specified document profile.  For example, when are documents created, what action is taken with consumed documents, etc."},"min":{"value":"0"},"max":{"value":"1"},"type":[{"code":{"value":"string"}}],"mustUnderstand":{"value":"false"}}},{"path":{"value":"Conformance.document.profile"},"definition":{"short":{"value":"Constraint on a resource used in the document"},"formal":{"value":"Constraint on a resource used in the document"},"comments":{"value":"The first resource is the document resource"},"min":{"value":"1"},"max":{"value":"1"},"type":[{"code":{"value":"uri"}}],"mustUnderstand":{"value":"false"}}},{"path":{"value":"Conformance.extension"},"definition":{"short":{"value":"See Extensions"},"formal":{"value":"See Extensions"},"min":{"value":"0"},"max":{"value":"*"},"type":[{"code":{"value":"Extension"}}],"mustUnderstand":{"value":"false"}}},{"path":{"value":"Conformance.text"},"definition":{"short":{"value":"Text summary of resource (for human interpretation)"},"formal":{"value":"Text summary of resource (for human interpretation)"},"min":{"value":"1"},"max":{"value":"1"},"type":[{"code":{"value":"Narrative"}}],"mustUnderstand":{"value":"false"}}}]}],"text":{"status":"generated","div":"<div xmlns=\"http://www.w3.org/1999/xhtml\"><pre>\n&lt;<a title=\"A conformance statement about how an application or implementation supports FHIR or the set of requirements for a desired implementation\" class=\"dict\" href=\"conformance-definitions.htm#Conformance\"><b>Conformance</b></a> xmlns=\"http://hl7.org/fhir\"&gt;\n &lt;<a title=\"Date that the conformance statement is published\" class=\"dict\" href=\"conformance-definitions.htm#Conformance.date\"><b>date</b></a>&gt;<span style=\"color: Gray\">&lt;!--</span><span style=\"color: brown\"><b>1..1</b></span><span style=\"color: darkgreen\"><a href=\"datatypes.htm#dateTime\">dateTime</a></span><span style=\"color: navy\">Publication Date</span><span style=\"color: Gray\"> --&gt;</span>&lt;/date&gt;\n &lt;<a title=\"The organization that publishes this conformance statement\" class=\"dict\" href=\"conformance-definitions.htm#Conformance.publisher\"><b>publisher</b></a>&gt;  <span style=\"color: Gray\">&lt;!-- <span style=\"color: brown\"><b>1..1</b></span> Publisher of the statement --&gt;</span>\n  &lt;<a title=\"Name of Organization\" class=\"dict\" href=\"conformance-definitions.htm#Conformance.publisher.name\"><b>name</b></a>&gt;<span style=\"color: Gray\">&lt;!--</span><span style=\"color: brown\"><b>1..1</b></span><span style=\"color: darkgreen\"><a href=\"datatypes.htm#string\">string</a></span><span style=\"color: navy\">Publishing Organization</span><span style=\"color: Gray\"> --&gt;</span>&lt;/name&gt;\n  &lt;<a title=\"Address of Organization\" class=\"dict\" href=\"conformance-definitions.htm#Conformance.publisher.address\"><b>address</b></a>&gt;<span style=\"color: Gray\">&lt;!--</span><span style=\"color: brown\"><b>0..1</b></span><span style=\"color: darkgreen\"><a href=\"datatypes.htm#Address\">Address</a></span><span style=\"color: navy\">Address of Organization</span><span style=\"color: Gray\"> --&gt;</span>&lt;/address&gt;\n  &lt;<a title=\"Contacts for Organization relevant to this conformance statement.  May be website, email, phone numbers, etc.\" class=\"dict\" href=\"conformance-definitions.htm#Conformance.publisher.contact\"><b>contact</b></a>&gt;<span style=\"color: Gray\">&lt;!--</span><span style=\"color: brown\"><b>0..*</b></span><span style=\"color: darkgreen\"><a href=\"datatypes.htm#Contact\">Contact</a></span><span style=\"color: navy\">Contacts for Organization</span><span style=\"color: Gray\"> --&gt;</span>&lt;/contact&gt;\n &lt;/publisher&gt;\n &lt;<a title=\"Describes the implementation that is covered by this conformance statement.  Used when the profile describes the capabilities of a specific implementation instance.\" class=\"dict\" href=\"conformance-definitions.htm#Conformance.implementation\"><b>implementation</b></a>&gt;  <span style=\"color: Gray\">&lt;!-- <span title=\"Must have one and only one of software, implementation or proposal\" style=\"color: deeppink\"><b>0..1</b></span> If profile is for implementation --&gt;</span>\n  &lt;<a title=\"Information about the specific implementation \" class=\"dict\" href=\"conformance-definitions.htm#Conformance.implementation.description\"><b>description</b></a>&gt;<span style=\"color: Gray\">&lt;!--</span><span style=\"color: brown\"><b>1..1</b></span><span style=\"color: darkgreen\"><a href=\"datatypes.htm#string\">string</a></span><span style=\"color: navy\">What implementation is covered?</span><span style=\"color: Gray\"> --&gt;</span>&lt;/description&gt;\n  &lt;<a title=\"The base URL for the implementation.  This forms the base for REST interfaces as well as the mailbox and document interfaces.\" class=\"dict\" href=\"conformance-definitions.htm#Conformance.implementation.url\"><b>url</b></a>&gt;<span style=\"color: Gray\">&lt;!--</span><span style=\"color: brown\"><b>0..1</b></span><span style=\"color: darkgreen\"><a href=\"datatypes.htm#uri\">uri</a></span><span style=\"color: navy\">Base URL for interfaces</span><span style=\"color: Gray\"> --&gt;</span>&lt;/url&gt;\n &lt;/implementation&gt;\n &lt;<a title=\"Describes the software that is covered by this conformance statement.  Used when the profile describes the capabilities of a particular software version, independent of an installation.\" class=\"dict\" href=\"conformance-definitions.htm#Conformance.software\"><b>software</b></a>&gt;  <span style=\"color: Gray\">&lt;!-- <span title=\"Must have one and only one of software, implementation or proposal\" style=\"color: deeppink\"><b>0..1</b></span> If profile is for software offered --&gt;</span>\n  &lt;<a title=\"Name software is known by\" class=\"dict\" href=\"conformance-definitions.htm#Conformance.software.name\"><b>name</b></a>&gt;<span style=\"color: Gray\">&lt;!--</span><span style=\"color: brown\"><b>1..1</b></span><span style=\"color: darkgreen\"><a href=\"datatypes.htm#string\">string</a></span><span style=\"color: navy\">Name software is known by</span><span style=\"color: Gray\"> --&gt;</span>&lt;/name&gt;\n  &lt;<a title=\"Version covered by this statement\" class=\"dict\" href=\"conformance-definitions.htm#Conformance.software.version\"><b>version</b></a>&gt;<span style=\"color: Gray\">&lt;!--</span><span style=\"color: brown\"><b>0..1</b></span><span style=\"color: darkgreen\"><a href=\"datatypes.htm#string\">string</a></span><span style=\"color: navy\">Version covered by this statement</span><span style=\"color: Gray\"> --&gt;</span>&lt;/version&gt;\n  &lt;<a title=\"Date this version of the software released\" class=\"dict\" href=\"conformance-definitions.htm#Conformance.software.releaseDate\"><b>releaseDate</b></a>&gt;<span style=\"color: Gray\">&lt;!--</span><span style=\"color: brown\"><b>0..1</b></span><span style=\"color: darkgreen\"><a href=\"datatypes.htm#dateTime\">dateTime</a></span><span style=\"color: navy\">Date this version released</span><span style=\"color: Gray\"> --&gt;</span>&lt;/releaseDate&gt;\n &lt;/software&gt;\n &lt;<a title=\"Describes the proposed solution described by this conformance statement.  Used when the profile describes a desired rather than an actual solution, for example as a formal expression of requirements as part of an RFP.\" class=\"dict\" href=\"conformance-definitions.htm#Conformance.proposal\"><b>proposal</b></a>&gt;  <span style=\"color: Gray\">&lt;!-- <span title=\"Must have one and only one of software, implementation or proposal\" style=\"color: deeppink\"><b>0..1</b></span> If profile is for proposal --&gt;</span>\n  &lt;<a title=\"Provides details about the intention and scope of the proposal\" class=\"dict\" href=\"conformance-definitions.htm#Conformance.proposal.description\"><b>description</b></a>&gt;<span style=\"color: Gray\">&lt;!--</span><span style=\"color: brown\"><b>1..1</b></span><span style=\"color: darkgreen\"><a href=\"datatypes.htm#string\">string</a></span><span style=\"color: navy\">Details of proposal or requirements document</span><span style=\"color: Gray\"> --&gt;</span>&lt;/description&gt;\n &lt;/proposal&gt;\n &lt;<a title=\"The version of the FHIR specification on which this conformance profile is based\" class=\"dict\" href=\"conformance-definitions.htm#Conformance.version\"><b>version</b></a>&gt;<span style=\"color: Gray\">&lt;!--</span><span style=\"color: brown\"><b>1..1</b></span><span style=\"color: darkgreen\"><a href=\"datatypes.htm#id\">id</a></span><span style=\"color: navy\">FHIR Version</span><span style=\"color: Gray\"> --&gt;</span>&lt;/version&gt;\n &lt;<a title=\"Whether the application accepts unknown non-&quot;must understand&quot; elements as part of a resource. This does not include extensions, but genuine new additions to a resource\" class=\"dict\" href=\"conformance-definitions.htm#Conformance.acceptUnknown\"><b>acceptUnknown</b></a>&gt;<span style=\"color: Gray\">&lt;!--</span><span style=\"color: brown\"><b>1..1</b></span><span style=\"color: darkgreen\"><a href=\"datatypes.htm#boolean\">boolean</a></span><span style=\"color: navy\">True if application accepts unknown elements</span><span style=\"color: Gray\"> --&gt;</span>&lt;/acceptUnknown&gt;\n &lt;<a title=\"Defines the restful capabilities of the solution, if any\" class=\"dict\" href=\"conformance-definitions.htm#Conformance.rest\"><b>rest</b></a>&gt;  <span style=\"color: Gray\">&lt;!-- <span title=\"A Conformance profile must have at least one of rest, messaging, or document\" style=\"color: deeppink\"><b>0..*</b></span> If the endpoint is a RESTful one --&gt;</span>\n  &lt;<a title=\"Identifies whether this portion of the statement is describing ability to initiate or receive restful operations\" class=\"dict\" href=\"conformance-definitions.htm#Conformance.rest.mode\"><b>mode</b></a>&gt;<span style=\"color: Gray\">&lt;!--</span><span style=\"color: brown\"><b>1..1</b></span><span style=\"color: darkgreen\"><a href=\"datatypes.htm#code\">code</a></span><span style=\"color: navy\">client | server</span><span style=\"color: Gray\"> --&gt;</span>&lt;/mode&gt;\n  &lt;<a title=\"Provides documentation about the system's restful capabilities that apply across all applications, such as security\" class=\"dict\" href=\"conformance-definitions.htm#Conformance.rest.documentation\"><b>documentation</b></a>&gt;<span style=\"color: Gray\">&lt;!--</span><span style=\"color: brown\"><b>0..1</b></span><span style=\"color: darkgreen\"><a href=\"datatypes.htm#string\">string</a></span><span style=\"color: navy\">Security, etc.</span><span style=\"color: Gray\"> --&gt;</span>&lt;/documentation&gt;\n  &lt;<a title=\"Identifies the restful capabilities of the solution for a specific resource type\" class=\"dict\" href=\"conformance-definitions.htm#Conformance.rest.resource\"><b>resource</b></a>&gt;  <span style=\"color: Gray\">&lt;!-- <span style=\"color: brown\"><b>1..*</b></span> Resource served on the REST interface --&gt;</span>\n   &lt;<a title=\"Identifies the resource exposed via the restful interface\" class=\"dict\" href=\"conformance-definitions.htm#Conformance.rest.resource.type\"><b>type</b></a>&gt;<span style=\"color: Gray\">&lt;!--</span><span style=\"color: brown\"><b>1..1</b></span><span style=\"color: darkgreen\"><a href=\"datatypes.htm#code\">code</a></span><span style=\"color: navy\">Resource type</span><span style=\"color: Gray\"> --&gt;</span>&lt;/type&gt;\n   &lt;<a title=\"Identifies the profile that describes the solution's support for the resource, including any constraints on cardinality, bindings, lengths or other limitations, along with the search parameters supported\" class=\"dict\" href=\"conformance-definitions.htm#Conformance.rest.resource.profile\"><b>profile</b></a>&gt;<span style=\"color: Gray\">&lt;!--</span><span style=\"color: brown\"><b>0..1</b></span><span style=\"color: darkgreen\"><a href=\"datatypes.htm#uri\">uri</a></span><span style=\"color: navy\">Profile describing resource support</span><span style=\"color: Gray\"> --&gt;</span>&lt;/profile&gt;\n   &lt;<a title=\"Identifies a restful operation supported by the solution\" class=\"dict\" href=\"conformance-definitions.htm#Conformance.rest.resource.operation\"><b>operation</b></a>&gt;  <span style=\"color: Gray\">&lt;!-- <span style=\"color: brown\"><b>1..*</b></span> What operations are supported? --&gt;</span>\n    &lt;<a title=\"Identifies which operation is supported\" class=\"dict\" href=\"conformance-definitions.htm#Conformance.rest.resource.operation.code\"><b>code</b></a>&gt;<span style=\"color: Gray\">&lt;!--</span><span style=\"color: brown\"><b>1..1</b></span><span style=\"color: darkgreen\"><a href=\"datatypes.htm#code\">code</a></span><span style=\"color: navy\">read | vread | update | etc.</span><span style=\"color: Gray\"> --&gt;</span>&lt;/code&gt;\n    &lt;<a title=\"Provides guidance specific to the implementation of this operation, such as 'delete is a logical delete' or 'updates are only allowed with version id' or 'creates permitted from pre-authorized certificates only'\" class=\"dict\" href=\"conformance-definitions.htm#Conformance.rest.resource.operation.documentation\"><b>documentation</b></a>&gt;<span style=\"color: Gray\">&lt;!--</span><span style=\"color: brown\"><b>0..1</b></span><span style=\"color: darkgreen\"><a href=\"datatypes.htm#string\">string</a></span><span style=\"color: navy\">Anything special about operation behavior</span><span style=\"color: Gray\"> --&gt;</span>&lt;/documentation&gt;\n   &lt;/operation&gt;\n   &lt;<a title=\"A flag for whether the server is able to return past versions as part of the vRead operation\" class=\"dict\" href=\"conformance-definitions.htm#Conformance.rest.resource.history\"><b>history</b></a>&gt;<span style=\"color: Gray\">&lt;!--</span><span style=\"color: brown\"><b>0..1</b></span><span style=\"color: darkgreen\"><a href=\"datatypes.htm#boolean\">boolean</a></span><span style=\"color: navy\">Whether vRead can return past versions</span><span style=\"color: Gray\"> --&gt;</span>&lt;/history&gt;\n  &lt;/resource&gt;\n &lt;/rest&gt;\n &lt;<a title=\"Describes the messaging capabilities of the solution\" class=\"dict\" href=\"conformance-definitions.htm#Conformance.messaging\"><b>messaging</b></a>&gt;  <span style=\"color: Gray\">&lt;!-- <span title=\"A Conformance profile must have at least one of rest, messaging, or document\" style=\"color: deeppink\"><b>0..*</b></span> If messaging is supported --&gt;</span>\n  &lt;<a title=\"The address to which messages and/or replies are to be sent.\" class=\"dict\" href=\"conformance-definitions.htm#Conformance.messaging.endpoint\"><b>endpoint</b></a>&gt;<span style=\"color: Gray\">&lt;!--</span><span title=\"Messaging end point is required (and is only permitted) when statement is for an implementation\" style=\"color: deeppink\"><b>0..1</b></span><span style=\"color: darkgreen\"><a href=\"datatypes.htm#uri\">uri</a></span><span style=\"color: navy\">Actual endpoint being described</span><span style=\"color: Gray\"> --&gt;</span>&lt;/endpoint&gt;\n  &lt;<a title=\"Provides documentation about the system's messaging capabilities for this endpoint not otherwise documented by the conformance statement.  For example, process for becoming an authorized messaging exchange partner.\" class=\"dict\" href=\"conformance-definitions.htm#Conformance.messaging.documentation\"><b>documentation</b></a>&gt;<span style=\"color: Gray\">&lt;!--</span><span style=\"color: brown\"><b>0..1</b></span><span style=\"color: darkgreen\"><a href=\"datatypes.htm#string\">string</a></span><span style=\"color: navy\">Messaging interface behavior details</span><span style=\"color: Gray\"> --&gt;</span>&lt;/documentation&gt;\n  &lt;<a title=\"Describes the solution's support for an event at this end point.\" class=\"dict\" href=\"conformance-definitions.htm#Conformance.messaging.event\"><b>event</b></a>&gt;  <span style=\"color: Gray\">&lt;!-- <span style=\"color: brown\"><b>1..*</b></span> Declare support for this event --&gt;</span>\n   &lt;<a title=\"Identifies the supported messaging event\" class=\"dict\" href=\"conformance-definitions.htm#Conformance.messaging.event.code\"><b>code</b></a>&gt;<span style=\"color: Gray\">&lt;!--</span><span style=\"color: brown\"><b>1..1</b></span><span style=\"color: darkgreen\"><a href=\"datatypes.htm#code\">code</a></span><span style=\"color: navy\">Event type</span><span style=\"color: Gray\"> --&gt;</span>&lt;/code&gt;\n   &lt;<a title=\"The mode of this event declaration - whether application is sender or receiver\" class=\"dict\" href=\"conformance-definitions.htm#Conformance.messaging.event.mode\"><b>mode</b></a>&gt;<span style=\"color: Gray\">&lt;!--</span><span style=\"color: brown\"><b>1..1</b></span><span style=\"color: darkgreen\"><a href=\"datatypes.htm#code\">code</a></span><span style=\"color: navy\">sender | receiver</span><span style=\"color: Gray\"> --&gt;</span>&lt;/mode&gt;\n   &lt;<a title=\"Identifies the messaging transport protocol(s) supported by this endpoint\" class=\"dict\" href=\"conformance-definitions.htm#Conformance.messaging.event.protocol\"><b>protocol</b></a>&gt;<span style=\"color: Gray\">&lt;!--</span><span style=\"color: brown\"><b>0..*</b></span><span style=\"color: darkgreen\"><a href=\"datatypes.htm#Coding\">Coding</a></span><span style=\"color: navy\">http | ftp |MLLP | etc.</span><span style=\"color: Gray\"> --&gt;</span>&lt;/protocol&gt;\n   &lt;<a title=\"Identifies the resource associated with the event.  This is the resource that defines the event.\" class=\"dict\" href=\"conformance-definitions.htm#Conformance.messaging.event.focus\"><b>focus</b></a>&gt;<span style=\"color: Gray\">&lt;!--</span><span style=\"color: brown\"><b>1..1</b></span><span style=\"color: darkgreen\"><a href=\"datatypes.htm#code\">code</a></span><span style=\"color: navy\">Resource that's focus of message</span><span style=\"color: Gray\"> --&gt;</span>&lt;/focus&gt;\n   &lt;<a title=\"Information about the request for this event\" class=\"dict\" href=\"conformance-definitions.htm#Conformance.messaging.event.request\"><b>request</b></a>&gt;<span style=\"color: Gray\">&lt;!--</span><span style=\"color: brown\"><b>0..1</b></span><span style=\"color: darkgreen\"><a href=\"datatypes.htm#uri\">uri</a></span><span style=\"color: navy\">Profile that describes the request</span><span style=\"color: Gray\"> --&gt;</span>&lt;/request&gt;\n   &lt;<a title=\"Information about the response for this event\" class=\"dict\" href=\"conformance-definitions.htm#Conformance.messaging.event.response\"><b>response</b></a>&gt;<span style=\"color: Gray\">&lt;!--</span><span style=\"color: brown\"><b>0..1</b></span><span style=\"color: darkgreen\"><a href=\"datatypes.htm#uri\">uri</a></span><span style=\"color: navy\">Profile that describes the response</span><span style=\"color: Gray\"> --&gt;</span>&lt;/response&gt;\n   &lt;<a title=\"Guidance on how this event is handled, such as internal system trigger points, business rules, etc.\" class=\"dict\" href=\"conformance-definitions.htm#Conformance.messaging.event.documentation\"><b>documentation</b></a>&gt;<span style=\"color: Gray\">&lt;!--</span><span style=\"color: brown\"><b>0..1</b></span><span style=\"color: darkgreen\"><a href=\"datatypes.htm#string\">string</a></span><span style=\"color: navy\">Endpoint-specific event documentation</span><span style=\"color: Gray\"> --&gt;</span>&lt;/documentation&gt;\n  &lt;/event&gt;\n &lt;/messaging&gt;\n &lt;<a title=\"A document definition\" class=\"dict\" href=\"conformance-definitions.htm#Conformance.document\"><b>document</b></a>&gt;  <span style=\"color: Gray\">&lt;!-- <span title=\"A Conformance profile must have at least one of rest, messaging, or document\" style=\"color: deeppink\"><b>0..*</b></span> document definition --&gt;</span>\n  &lt;<a title=\"The mode of this event declaration - whether application is sender or receiver\" class=\"dict\" href=\"conformance-definitions.htm#Conformance.document.mode\"><b>mode</b></a>&gt;<span style=\"color: Gray\">&lt;!--</span><span style=\"color: brown\"><b>1..1</b></span><span style=\"color: darkgreen\"><a href=\"datatypes.htm#code\">code</a></span><span style=\"color: navy\">producer | consumer</span><span style=\"color: Gray\"> --&gt;</span>&lt;/mode&gt;\n  &lt;<a title=\"Describes how the application supports or uses the specified document profile.  For example, when are documents created, what action is taken with consumed documents, etc.\" class=\"dict\" href=\"conformance-definitions.htm#Conformance.document.documentation\"><b>documentation</b></a>&gt;<span style=\"color: Gray\">&lt;!--</span><span style=\"color: brown\"><b>0..1</b></span><span style=\"color: darkgreen\"><a href=\"datatypes.htm#string\">string</a></span><span style=\"color: navy\">Description of document support</span><span style=\"color: Gray\"> --&gt;</span>&lt;/documentation&gt;\n  &lt;<a title=\"Constraint on a resource used in the document\" class=\"dict\" href=\"conformance-definitions.htm#Conformance.document.profile\"><b>profile</b></a>&gt;<span style=\"color: Gray\">&lt;!--</span><span style=\"color: brown\"><b>1..1</b></span><span style=\"color: darkgreen\"><a href=\"datatypes.htm#uri\">uri</a></span><span style=\"color: navy\">Constraint on a resource used in the document</span><span style=\"color: Gray\"> --&gt;</span>&lt;/profile&gt;\n &lt;/document&gt;\n &lt;<a title=\"See Extensions\" class=\"dict\" href=\"conformance-definitions.htm#Conformance.extension\"><b>extension</b></a>&gt;<span style=\"color: Gray\">&lt;!--</span><span style=\"color: brown\"><b>0..*</b></span><span style=\"color: darkgreen\"><a href=\"extensibility.htm#Extension\">Extension</a></span><a href=\"extensibility.htm\"><span style=\"color: navy\">See Extensions</span></a><span style=\"color: Gray\"> --&gt;</span>&lt;/extension&gt;\n &lt;<a title=\"Text summary of resource (for human interpretation)\" class=\"dict\" href=\"conformance-definitions.htm#Conformance.text\"><b>text</b></a>&gt;<span style=\"color: Gray\">&lt;!--</span><span style=\"color: brown\"><b>1..1</b></span><span style=\"color: darkgreen\"><a href=\"xml.htm#Narrative\">Narrative</a></span><span style=\"color: navy\">Text summary of resource (for human interpretation)</span><span style=\"color: Gray\"> --&gt;</span>&lt;/text&gt;\n&lt;/Conformance&gt;\n</pre></div>"}}}