{"Profile":{"name":{"value":"coverage"},"author":{"name":{"value":"todo (committee)"}},"description":{"value":"Basic Profile. Financial instrument by which payment information for health care"},"status":{"code":{"value":"testing"},"date":{"value":"2012-12-04"}},"resource":[{"type":{"value":"Resource"},"element":[{"path":{"value":"Coverage"},"definition":{"short":{"value":"Insurance or medical plan"},"formal":{"value":"Financial instrument by which payment information for health care"},"min":{"value":"1"},"max":{"value":"1"},"type":[{"code":{"value":"Resource"}}],"mustUnderstand":{"value":"false"}}},{"path":{"value":"Coverage.issuer"},"definition":{"short":{"value":"An identifier for the plan issuer"},"formal":{"value":"The program or plan underwriter or payor."},"min":{"value":"1"},"max":{"value":"1"},"type":[{"code":{"value":"Resource(Organization)"}}],"mustUnderstand":{"value":"true"}}},{"path":{"value":"Coverage.period"},"definition":{"short":{"value":"Coverage start and end dates"},"formal":{"value":"Time period during which the coverage is in force. A missing start date indicates the start date isn't known, a missing end date means the coverage is continuing to be in force."},"min":{"value":"0"},"max":{"value":"1"},"type":[{"code":{"value":"Period"}}],"mustUnderstand":{"value":"true"}}},{"path":{"value":"Coverage.type"},"definition":{"short":{"value":"Type of coverage"},"formal":{"value":"The type of coverage: social program, medical plan, accident coverage (workers compensation, auto), group health. "},"min":{"value":"1"},"max":{"value":"1"},"type":[{"code":{"value":"Coding"}}],"mustUnderstand":{"value":"true"},"binding":{"value":"ActCoverageTypeCode"}}},{"path":{"value":"Coverage.identifier"},"definition":{"short":{"value":"The primary coverage ID"},"formal":{"value":"The main, may be the only, identifier for the coverage - often referred to as a Subscriber Id, Certificate number or Personal Health Number or Case ID."},"min":{"value":"1"},"max":{"value":"1"},"type":[{"code":{"value":"Identifier"}}],"mustUnderstand":{"value":"true"}}},{"path":{"value":"Coverage.plan"},"definition":{"short":{"value":"An identifier for the plan"},"formal":{"value":"Identifies a style or collective of coverage issues by the underwriter, for example may be used to identify a class of coverage or employer group. May also be referred to as a Policy or Group ID."},"min":{"value":"0"},"max":{"value":"1"},"type":[{"code":{"value":"Identifier"}}],"mustUnderstand":{"value":"true"}}},{"path":{"value":"Coverage.subplan"},"definition":{"short":{"value":"An identifier for the subsection of the plan"},"formal":{"value":"Identifies a sub-style or sub-collective of coverage issues by the underwriter, for example may be used to identify a specific employer group within a class of employers. May be referred to as a Section or Division ID."},"min":{"value":"0"},"max":{"value":"1"},"type":[{"code":{"value":"Identifier"}}],"mustUnderstand":{"value":"true"}}},{"path":{"value":"Coverage.dependent"},"definition":{"short":{"value":"The dependent number"},"formal":{"value":"A unique identifier for a dependent under the coverage."},"min":{"value":"0"},"max":{"value":"1"},"type":[{"code":{"value":"integer"}}],"mustUnderstand":{"value":"true"}}},{"path":{"value":"Coverage.sequence"},"definition":{"short":{"value":"The plan instance or sequence counter"},"formal":{"value":"An optional counter for a particular instance of the identified coverage which increments upon each renewal."},"min":{"value":"0"},"max":{"value":"1"},"type":[{"code":{"value":"integer"}}],"mustUnderstand":{"value":"true"}}},{"path":{"value":"Coverage.planHolder"},"definition":{"short":{"value":"Planholder information"},"formal":{"value":"Planholder information"},"min":{"value":"1"},"max":{"value":"1"},"mustUnderstand":{"value":"false"}}},{"path":{"value":"Coverage.planHolder.name"},"definition":{"short":{"value":"PolicyHolder name"},"formal":{"value":"The name of the PolicyHolder"},"min":{"value":"1"},"max":{"value":"1"},"type":[{"code":{"value":"HumanName"}}],"mustUnderstand":{"value":"true"}}},{"path":{"value":"Coverage.planHolder.address"},"definition":{"short":{"value":"PolicyHolder address"},"formal":{"value":"The mailing address, typically home, of the PolicyHolder"},"min":{"value":"1"},"max":{"value":"1"},"type":[{"code":{"value":"Address"}}],"mustUnderstand":{"value":"true"}}},{"path":{"value":"Coverage.planHolder.birthdate"},"definition":{"short":{"value":"PolicyHolder date of birth"},"formal":{"value":"The date of birth of the PolicyHolder"},"min":{"value":"1"},"max":{"value":"1"},"type":[{"code":{"value":"date"}}],"mustUnderstand":{"value":"true"}}},{"path":{"value":"Coverage.extension"},"definition":{"short":{"value":"See Extensions"},"formal":{"value":"See Extensions"},"min":{"value":"0"},"max":{"value":"*"},"type":[{"code":{"value":"Extension"}}],"mustUnderstand":{"value":"false"}}},{"path":{"value":"Coverage.text"},"definition":{"short":{"value":"Text summary of resource (for human interpretation)"},"formal":{"value":"Text summary of resource (for human interpretation)"},"min":{"value":"1"},"max":{"value":"1"},"type":[{"code":{"value":"Narrative"}}],"mustUnderstand":{"value":"false"}}}]}],"text":{"status":"generated","div":"<div xmlns=\"http://www.w3.org/1999/xhtml\"><pre>\n&lt;<a title=\"Financial instrument by which payment information for health care\" class=\"dict\" href=\"coverage-definitions.htm#Coverage\"><b>Coverage</b></a> xmlns=\"http://hl7.org/fhir\"&gt;\n &lt;<a title=\"The program or plan underwriter or payor. (this element must be supported or understood)\" class=\"dict\" href=\"coverage-definitions.htm#Coverage.issuer\"><span style=\"text-decoration: underline\"><b>issuer</b></span></a>&gt;<span style=\"color: Gray\">&lt;!--</span><span style=\"color: brown\"><b>1..1</b></span><span style=\"color: darkgreen\"><a href=\"xml.htm#Resource\">Resource</a>(<a href=\"Organization.htm#Organization\">Organization</a>)</span><span style=\"color: navy\">An identifier for the plan issuer</span><span style=\"color: Gray\"> --&gt;</span>&lt;/issuer&gt;\n &lt;<a title=\"Time period during which the coverage is in force. A missing start date indicates the start date isn't known, a missing end date means the coverage is continuing to be in force. (this element must be supported or understood)\" class=\"dict\" href=\"coverage-definitions.htm#Coverage.period\"><span style=\"text-decoration: underline\"><b>period</b></span></a>&gt;<span style=\"color: Gray\">&lt;!--</span><span style=\"color: brown\"><b>0..1</b></span><span style=\"color: darkgreen\"><a href=\"datatypes.htm#Period\">Period</a></span><span style=\"color: navy\">Coverage start and end dates</span><span style=\"color: Gray\"> --&gt;</span>&lt;/period&gt;\n &lt;<a title=\"The type of coverage: social program, medical plan, accident coverage (workers compensation, auto), group health.  (this element must be supported or understood)\" class=\"dict\" href=\"coverage-definitions.htm#Coverage.type\"><span style=\"text-decoration: underline\"><b>type</b></span></a>&gt;<span style=\"color: Gray\">&lt;!--</span><span style=\"color: brown\"><b>1..1</b></span><span style=\"color: darkgreen\"><a href=\"datatypes.htm#Coding\">Coding</a></span><span style=\"color: navy\">Type of coverage</span><span style=\"color: Gray\"> --&gt;</span>&lt;/type&gt;\n &lt;<a title=\"The main, may be the only, identifier for the coverage - often referred to as a Subscriber Id, Certificate number or Personal Health Number or Case ID. (this element must be supported or understood)\" class=\"dict\" href=\"coverage-definitions.htm#Coverage.identifier\"><span style=\"text-decoration: underline\"><b>identifier</b></span></a>&gt;<span style=\"color: Gray\">&lt;!--</span><span style=\"color: brown\"><b>1..1</b></span><span style=\"color: darkgreen\"><a href=\"datatypes.htm#Identifier\">Identifier</a></span><span style=\"color: navy\">The primary coverage ID</span><span style=\"color: Gray\"> --&gt;</span>&lt;/identifier&gt;\n &lt;<a title=\"Identifies a style or collective of coverage issues by the underwriter, for example may be used to identify a class of coverage or employer group. May also be referred to as a Policy or Group ID. (this element must be supported or understood)\" class=\"dict\" href=\"coverage-definitions.htm#Coverage.plan\"><span style=\"text-decoration: underline\"><b>plan</b></span></a>&gt;<span style=\"color: Gray\">&lt;!--</span><span style=\"color: brown\"><b>0..1</b></span><span style=\"color: darkgreen\"><a href=\"datatypes.htm#Identifier\">Identifier</a></span><span style=\"color: navy\">An identifier for the plan</span><span style=\"color: Gray\"> --&gt;</span>&lt;/plan&gt;\n &lt;<a title=\"Identifies a sub-style or sub-collective of coverage issues by the underwriter, for example may be used to identify a specific employer group within a class of employers. May be referred to as a Section or Division ID. (this element must be supported or understood)\" class=\"dict\" href=\"coverage-definitions.htm#Coverage.subplan\"><span style=\"text-decoration: underline\"><b>subplan</b></span></a>&gt;<span style=\"color: Gray\">&lt;!--</span><span style=\"color: brown\"><b>0..1</b></span><span style=\"color: darkgreen\"><a href=\"datatypes.htm#Identifier\">Identifier</a></span><span style=\"color: navy\">An identifier for the subsection of the plan</span><span style=\"color: Gray\"> --&gt;</span>&lt;/subplan&gt;\n &lt;<a title=\"A unique identifier for a dependent under the coverage. (this element must be supported or understood)\" class=\"dict\" href=\"coverage-definitions.htm#Coverage.dependent\"><span style=\"text-decoration: underline\"><b>dependent</b></span></a>&gt;<span style=\"color: Gray\">&lt;!--</span><span style=\"color: brown\"><b>0..1</b></span><span style=\"color: darkgreen\"><a href=\"datatypes.htm#integer\">integer</a></span><span style=\"color: navy\">The dependent number</span><span style=\"color: Gray\"> --&gt;</span>&lt;/dependent&gt;\n &lt;<a title=\"An optional counter for a particular instance of the identified coverage which increments upon each renewal. (this element must be supported or understood)\" class=\"dict\" href=\"coverage-definitions.htm#Coverage.sequence\"><span style=\"text-decoration: underline\"><b>sequence</b></span></a>&gt;<span style=\"color: Gray\">&lt;!--</span><span style=\"color: brown\"><b>0..1</b></span><span style=\"color: darkgreen\"><a href=\"datatypes.htm#integer\">integer</a></span><span style=\"color: navy\">The plan instance or sequence counter</span><span style=\"color: Gray\"> --&gt;</span>&lt;/sequence&gt;\n &lt;<a title=\"Planholder information\" class=\"dict\" href=\"coverage-definitions.htm#Coverage.planHolder\"><b>planHolder</b></a>&gt;  <span style=\"color: Gray\">&lt;!-- <span style=\"color: brown\"><b>1..1</b></span> Planholder information --&gt;</span>\n  &lt;<a title=\"The name of the PolicyHolder (this element must be supported or understood)\" class=\"dict\" href=\"coverage-definitions.htm#Coverage.planHolder.name\"><span style=\"text-decoration: underline\"><b>name</b></span></a>&gt;<span style=\"color: Gray\">&lt;!--</span><span style=\"color: brown\"><b>1..1</b></span><span style=\"color: darkgreen\"><a href=\"datatypes.htm#HumanName\">HumanName</a></span><span style=\"color: navy\">PolicyHolder name</span><span style=\"color: Gray\"> --&gt;</span>&lt;/name&gt;\n  &lt;<a title=\"The mailing address, typically home, of the PolicyHolder (this element must be supported or understood)\" class=\"dict\" href=\"coverage-definitions.htm#Coverage.planHolder.address\"><span style=\"text-decoration: underline\"><b>address</b></span></a>&gt;<span style=\"color: Gray\">&lt;!--</span><span style=\"color: brown\"><b>1..1</b></span><span style=\"color: darkgreen\"><a href=\"datatypes.htm#Address\">Address</a></span><span style=\"color: navy\">PolicyHolder address</span><span style=\"color: Gray\"> --&gt;</span>&lt;/address&gt;\n  &lt;<a title=\"The date of birth of the PolicyHolder (this element must be supported or understood)\" class=\"dict\" href=\"coverage-definitions.htm#Coverage.planHolder.birthdate\"><span style=\"text-decoration: underline\"><b>birthdate</b></span></a>&gt;<span style=\"color: Gray\">&lt;!--</span><span style=\"color: brown\"><b>1..1</b></span><span style=\"color: darkgreen\"><a href=\"datatypes.htm#date\">date</a></span><span style=\"color: navy\">PolicyHolder date of birth</span><span style=\"color: Gray\"> --&gt;</span>&lt;/birthdate&gt;\n &lt;/planHolder&gt;\n &lt;<a title=\"See Extensions\" class=\"dict\" href=\"coverage-definitions.htm#Coverage.extension\"><b>extension</b></a>&gt;<span style=\"color: Gray\">&lt;!--</span><span style=\"color: brown\"><b>0..*</b></span><span style=\"color: darkgreen\"><a href=\"extensibility.htm#Extension\">Extension</a></span><a href=\"extensibility.htm\"><span style=\"color: navy\">See Extensions</span></a><span style=\"color: Gray\"> --&gt;</span>&lt;/extension&gt;\n &lt;<a title=\"Text summary of resource (for human interpretation)\" class=\"dict\" href=\"coverage-definitions.htm#Coverage.text\"><b>text</b></a>&gt;<span style=\"color: Gray\">&lt;!--</span><span style=\"color: brown\"><b>1..1</b></span><span style=\"color: darkgreen\"><a href=\"xml.htm#Narrative\">Narrative</a></span><span style=\"color: navy\">Text summary of resource (for human interpretation)</span><span style=\"color: Gray\"> --&gt;</span>&lt;/text&gt;\n&lt;/Coverage&gt;\n</pre></div>"}}}