{"Coverage":{"issuer":{"type":"Organization","id":"2"},"period":{"start":"2011-05-23","end":"2012-05-23"},"type":{"system":"http://hl7.org/vocab/v3/ActCoverageTypeCode","code":"EHCPOL","display":"Extended Health Policy"},"identifier":{"system":"http://xyz.com/codes/identifier","id":"12345"},"plan":{"system":"http://xyz.com/codes/plan","id":"CBI35"},"subplan":{"system":"http://xyz.com/codes/subplan","id":"123"},"dependent":{"value":"0"},"sequence":{"value":"1"},"planHolder":{"name":{"use":"official","family":["Seebetter"],"given":["Wanda","L"]},"address":{"use":"home","line":["123 Any St"],"city":"Anytown","state":"BC","zip":"V3R4R5","country":"CANADA"},"birthdate":{"value":"1955-01-01"}},"text":{"status":"generated","div":"<div xmlns=\"http://www.w3.org/1999/xhtml\">A human readable rendering of the coverage</div>"}}}