{"Coverage":{"issuer":{"type":"Organization","id":"2"},"period":{"start":"2011-03-17","end":"2012-03-17"},"type":{"system":"http://hl7.org/vocab/v3/ActCoverageTypeCode","code":"EHCPOL","display":"Extended Health Policy"},"identifier":{"system":"http://xyz.com/codes/identifier","id":"AB9876"},"plan":{"system":"http://xyz.com/codes/plan","id":"11024"},"subplan":{"system":"http://xyz.com/codes/subplan","id":"D15C9"},"dependent":{"value":"1"},"planHolder":{"name":{"use":"official","family":["Seebetter"],"given":["Frank","I"]},"address":{"use":"home","line":["123 Any St"],"city":"Anytown","state":"BC","zip":"V3R4R5","country":"CANADA"},"birthdate":{"value":"1952-06-26"}},"text":{"status":"generated","div":"<div xmlns=\"http://www.w3.org/1999/xhtml\">A human readable rendering of the coverage</div>"}}}