{"Profile":{"name":{"value":"device"},"author":{"name":{"value":"todo (committee)"}},"description":{"value":"Basic Profile. This resource identifies a manufactured entity that is used in the provision of healthcare. The device may be a machine, an insert, a computer, an application, etc"},"status":{"code":{"value":"testing"},"date":{"value":"2012-12-04"}},"resource":[{"type":{"value":"Resource"},"element":[{"path":{"value":"Device"},"definition":{"short":{"value":"Identifies a manufactured Device involved in healthcare"},"formal":{"value":"This resource identifies a manufactured entity that is used in the provision of healthcare. The device may be a machine, an insert, a computer, an application, etc"},"min":{"value":"1"},"max":{"value":"1"},"type":[{"code":{"value":"Resource"}}],"mustUnderstand":{"value":"false"}}},{"path":{"value":"Device.type"},"definition":{"short":{"value":"What kind of device this is"},"formal":{"value":"Describes what kind of device that this "},"min":{"value":"1"},"max":{"value":"1"},"type":[{"code":{"value":"CodeableConcept"}}],"mustUnderstand":{"value":"true"},"binding":{"value":"DeviceKind"}}},{"path":{"value":"Device.manufacturer"},"definition":{"short":{"value":"Name of device manufacturer"},"formal":{"value":"The name of the manufacturer"},"min":{"value":"0"},"max":{"value":"1"},"type":[{"code":{"value":"string"}}],"mustUnderstand":{"value":"false"}}},{"path":{"value":"Device.model"},"definition":{"short":{"value":"model id assigned by the manufacturer"},"formal":{"value":"The \"model\" - an identifier assigned by the manufacturer to identify the product by it's type. This number is shared by the all devices sold as the same type"},"min":{"value":"0"},"max":{"value":"1"},"type":[{"code":{"value":"string"}}],"mustUnderstand":{"value":"false"}}},{"path":{"value":"Device.version"},"definition":{"short":{"value":"version number (i.e. software)"},"formal":{"value":"The version of the device, if the device has multiple releases under the same model, or if the device is software or carries firmware"},"min":{"value":"0"},"max":{"value":"1"},"type":[{"code":{"value":"string"}}],"mustUnderstand":{"value":"false"}}},{"path":{"value":"Device.serialNumber"},"definition":{"short":{"value":"Serial number assigned by the manufacturer"},"formal":{"value":"The serial number assigned by the organisation when the device was manufactured"},"min":{"value":"0"},"max":{"value":"1"},"type":[{"code":{"value":"string"}}],"mustUnderstand":{"value":"false"}}},{"path":{"value":"Device.owner"},"definition":{"short":{"value":"organization responsible for device"},"formal":{"value":"The organization that is responsible for the provision and ongoing maintenance of the device"},"min":{"value":"0"},"max":{"value":"1"},"type":[{"code":{"value":"Resource(Organization)"}}],"mustUnderstand":{"value":"false"}}},{"path":{"value":"Device.assignedId"},"definition":{"short":{"value":"identifier assigned by the owner"},"formal":{"value":"The identifier assigned to the device by the organisation that owns/manages the device"},"comments":{"value":"Often fixed to the device as a barcode. May include names given to the device in local usage"},"min":{"value":"0"},"max":{"value":"*"},"type":[{"code":{"value":"Identifier"}}],"mustUnderstand":{"value":"false"}}},{"path":{"value":"Device.location"},"definition":{"short":{"value":"Where the resource is found"},"formal":{"value":"The resource may be found in a literal location (i.e. GPS coordinates), a logical place (i.e. \"in/with the patient\"), or a coded location"},"min":{"value":"0"},"max":{"value":"1"},"type":[{"code":{"value":"Resource(Location)"}}],"mustUnderstand":{"value":"false"}}},{"path":{"value":"Device.contact"},"definition":{"short":{"value":"details for human/organization for support"},"formal":{"value":"Contact details for an organization or a particular human that is responsible for the device"},"comments":{"value":"used for troubleshooting etc"},"min":{"value":"0"},"max":{"value":"*"},"type":[{"code":{"value":"Contact"}}],"mustUnderstand":{"value":"false"}}},{"path":{"value":"Device.address"},"definition":{"short":{"value":"network address to contact device"},"formal":{"value":"A network address on which the device may be contacted directly"},"comments":{"value":"if the device is running a FHIR server, the network address should  be the root URL from which a conformance statement may be retrieved"},"min":{"value":"0"},"max":{"value":"1"},"type":[{"code":{"value":"Contact"}}],"mustUnderstand":{"value":"false"}}},{"path":{"value":"Device.extension"},"definition":{"short":{"value":"See Extensions"},"formal":{"value":"See Extensions"},"min":{"value":"0"},"max":{"value":"*"},"type":[{"code":{"value":"Extension"}}],"mustUnderstand":{"value":"false"}}},{"path":{"value":"Device.text"},"definition":{"short":{"value":"Text summary of resource (for human interpretation)"},"formal":{"value":"Text summary of resource (for human interpretation)"},"min":{"value":"1"},"max":{"value":"1"},"type":[{"code":{"value":"Narrative"}}],"mustUnderstand":{"value":"false"}}}]}],"text":{"status":"generated","div":"<div xmlns=\"http://www.w3.org/1999/xhtml\"><pre>\n&lt;<a title=\"This resource identifies a manufactured entity that is used in the provision of healthcare. The device may be a machine, an insert, a computer, an application, etc\" class=\"dict\" href=\"device-definitions.htm#Device\"><b>Device</b></a> xmlns=\"http://hl7.org/fhir\"&gt;\n &lt;<a title=\"Describes what kind of device that this  (this element must be supported or understood)\" class=\"dict\" href=\"device-definitions.htm#Device.type\"><span style=\"text-decoration: underline\"><b>type</b></span></a>&gt;<span style=\"color: Gray\">&lt;!--</span><span style=\"color: brown\"><b>1..1</b></span><span style=\"color: darkgreen\"><a href=\"datatypes.htm#CodeableConcept\">CodeableConcept</a></span><span style=\"color: navy\">What kind of device this is</span><span style=\"color: Gray\"> --&gt;</span>&lt;/type&gt;\n &lt;<a title=\"The name of the manufacturer\" class=\"dict\" href=\"device-definitions.htm#Device.manufacturer\"><b>manufacturer</b></a>&gt;<span style=\"color: Gray\">&lt;!--</span><span style=\"color: brown\"><b>0..1</b></span><span style=\"color: darkgreen\"><a href=\"datatypes.htm#string\">string</a></span><span style=\"color: navy\">Name of device manufacturer</span><span style=\"color: Gray\"> --&gt;</span>&lt;/manufacturer&gt;\n &lt;<a title=\"The &quot;model&quot; - an identifier assigned by the manufacturer to identify the product by it's type. This number is shared by the all devices sold as the same type\" class=\"dict\" href=\"device-definitions.htm#Device.model\"><b>model</b></a>&gt;<span style=\"color: Gray\">&lt;!--</span><span style=\"color: brown\"><b>0..1</b></span><span style=\"color: darkgreen\"><a href=\"datatypes.htm#string\">string</a></span><span style=\"color: navy\">model id assigned by the manufacturer</span><span style=\"color: Gray\"> --&gt;</span>&lt;/model&gt;\n &lt;<a title=\"The version of the device, if the device has multiple releases under the same model, or if the device is software or carries firmware\" class=\"dict\" href=\"device-definitions.htm#Device.version\"><b>version</b></a>&gt;<span style=\"color: Gray\">&lt;!--</span><span style=\"color: brown\"><b>0..1</b></span><span style=\"color: darkgreen\"><a href=\"datatypes.htm#string\">string</a></span><span style=\"color: navy\">version number (i.e. software)</span><span style=\"color: Gray\"> --&gt;</span>&lt;/version&gt;\n &lt;<a title=\"The serial number assigned by the organisation when the device was manufactured\" class=\"dict\" href=\"device-definitions.htm#Device.serialNumber\"><b>serialNumber</b></a>&gt;<span style=\"color: Gray\">&lt;!--</span><span style=\"color: brown\"><b>0..1</b></span><span style=\"color: darkgreen\"><a href=\"datatypes.htm#string\">string</a></span><span style=\"color: navy\">Serial number assigned by the manufacturer</span><span style=\"color: Gray\"> --&gt;</span>&lt;/serialNumber&gt;\n &lt;<a title=\"The organization that is responsible for the provision and ongoing maintenance of the device\" class=\"dict\" href=\"device-definitions.htm#Device.owner\"><b>owner</b></a>&gt;<span style=\"color: Gray\">&lt;!--</span><span style=\"color: brown\"><b>0..1</b></span><span style=\"color: darkgreen\"><a href=\"xml.htm#Resource\">Resource</a>(<a href=\"Organization.htm#Organization\">Organization</a>)</span><span style=\"color: navy\">organization responsible for device</span><span style=\"color: Gray\"> --&gt;</span>&lt;/owner&gt;\n &lt;<a title=\"The identifier assigned to the device by the organisation that owns/manages the device\" class=\"dict\" href=\"device-definitions.htm#Device.assignedId\"><b>assignedId</b></a>&gt;<span style=\"color: Gray\">&lt;!--</span><span style=\"color: brown\"><b>0..*</b></span><span style=\"color: darkgreen\"><a href=\"datatypes.htm#Identifier\">Identifier</a></span><span style=\"color: navy\">identifier assigned by the owner</span><span style=\"color: Gray\"> --&gt;</span>&lt;/assignedId&gt;\n &lt;<a title=\"The resource may be found in a literal location (i.e. GPS coordinates), a logical place (i.e. &quot;in/with the patient&quot;), or a coded location\" class=\"dict\" href=\"device-definitions.htm#Device.location\"><b>location</b></a>&gt;<span style=\"color: Gray\">&lt;!--</span><span style=\"color: brown\"><b>0..1</b></span><span style=\"color: darkgreen\"><a href=\"xml.htm#Resource\">Resource</a>(<a href=\"resources.htm\">Location</a>)</span><span style=\"color: navy\">Where the resource is found</span><span style=\"color: Gray\"> --&gt;</span>&lt;/location&gt;\n &lt;<a title=\"Contact details for an organization or a particular human that is responsible for the device\" class=\"dict\" href=\"device-definitions.htm#Device.contact\"><b>contact</b></a>&gt;<span style=\"color: Gray\">&lt;!--</span><span style=\"color: brown\"><b>0..*</b></span><span style=\"color: darkgreen\"><a href=\"datatypes.htm#Contact\">Contact</a></span><span style=\"color: navy\">details for human/organization for support</span><span style=\"color: Gray\"> --&gt;</span>&lt;/contact&gt;\n &lt;<a title=\"A network address on which the device may be contacted directly\" class=\"dict\" href=\"device-definitions.htm#Device.address\"><b>address</b></a>&gt;<span style=\"color: Gray\">&lt;!--</span><span style=\"color: brown\"><b>0..1</b></span><span style=\"color: darkgreen\"><a href=\"datatypes.htm#Contact\">Contact</a></span><span style=\"color: navy\">network address to contact device</span><span style=\"color: Gray\"> --&gt;</span>&lt;/address&gt;\n &lt;<a title=\"See Extensions\" class=\"dict\" href=\"device-definitions.htm#Device.extension\"><b>extension</b></a>&gt;<span style=\"color: Gray\">&lt;!--</span><span style=\"color: brown\"><b>0..*</b></span><span style=\"color: darkgreen\"><a href=\"extensibility.htm#Extension\">Extension</a></span><a href=\"extensibility.htm\"><span style=\"color: navy\">See Extensions</span></a><span style=\"color: Gray\"> --&gt;</span>&lt;/extension&gt;\n &lt;<a title=\"Text summary of resource (for human interpretation)\" class=\"dict\" href=\"device-definitions.htm#Device.text\"><b>text</b></a>&gt;<span style=\"color: Gray\">&lt;!--</span><span style=\"color: brown\"><b>1..1</b></span><span style=\"color: darkgreen\"><a href=\"xml.htm#Narrative\">Narrative</a></span><span style=\"color: navy\">Text summary of resource (for human interpretation)</span><span style=\"color: Gray\"> --&gt;</span>&lt;/text&gt;\n&lt;/Device&gt;\n</pre></div>"}}}