{"Profile":{"name":{"value":"document"},"author":{"name":{"value":"todo (committee)"}},"description":{"value":"Basic Profile. A documentation of healthcare-related information that is assembled together into a single statement of meaning that establishes its own context. A document is composed of a set of resources that include both human and computer readable portions. A human may attest to the accuracy of the human readable portion, and may authenticate and/or sign the entire whole. A document may be kept as a set of logically linked resources, or they may be bundled together in an atom feed"},"status":{"code":{"value":"testing"},"date":{"value":"2012-12-04"}},"resource":[{"type":{"value":"Resource"},"element":[{"path":{"value":"Document"},"definition":{"short":{"value":"A document that contains resources"},"formal":{"value":"A documentation of healthcare-related information that is assembled together into a single statement of meaning that establishes its own context. A document is composed of a set of resources that include both human and computer readable portions. A human may attest to the accuracy of the human readable portion, and may authenticate and/or sign the entire whole. A document may be kept as a set of logically linked resources, or they may be bundled together in an atom feed"},"comments":{"value":"While the focus of this specification is on patient-specific clinical documents, this resource can also apply to other healthcare-related documents such as study protocol designs, healthcare invoices and other activities that are not necessarily patient-specific or clinical"},"min":{"value":"1"},"max":{"value":"1"},"type":[{"code":{"value":"Resource"}}],"mustUnderstand":{"value":"false"}}},{"path":{"value":"Document.information"},"definition":{"short":{"value":"Metadata and context for this document"},"formal":{"value":"Defines the medata and context for this document"},"min":{"value":"1"},"max":{"value":"1"},"type":[{"code":{"value":"DocumentInformation"}}],"mustUnderstand":{"value":"true"}}},{"path":{"value":"Document.information.id"},"definition":{"short":{"value":"logical identifier for document (version-independent)"},"formal":{"value":"Logical Identifier for the document, assigned when created. This identifier stays constant when subsequent versions of the document are created"},"comments":{"value":"see discussion in resource definition for how these relate"},"min":{"value":"0"},"max":{"value":"1"},"type":[{"code":{"value":"Identifier"}}],"mustUnderstand":{"value":"true"}}},{"path":{"value":"Document.information.versionId"},"definition":{"short":{"value":"version-specific identifier for document"},"formal":{"value":"Version specific identifier for the document, assigned when created. This identifier changes when subsequent versions of the document are created"},"comments":{"value":"see discussion in resource definition for how these relate"},"min":{"value":"0"},"max":{"value":"1"},"type":[{"code":{"value":"Identifier"}}],"mustUnderstand":{"value":"true"}}},{"path":{"value":"Document.information.instant"},"definition":{"short":{"value":"Document Creation Time"},"formal":{"value":"the document creation time, when the document first came into being. Where the document is a transform from an original document in some other format, the ClinicalDocument.effectiveTime is the time the original document is created."},"min":{"value":"1"},"max":{"value":"1"},"type":[{"code":{"value":"instant"}}],"mustUnderstand":{"value":"true"}}},{"path":{"value":"Document.information.class"},"definition":{"short":{"value":"particular kind of document"},"formal":{"value":"The code specifying the particular kind of document (e.g., Prescription, Discharge Summary, Report)."},"comments":{"value":" It is suggested that the XDS Affinity Domain draws these values from a coding scheme providing a coarse level of granularity (about 10 to 100 entries). Shall have a single value. This should be an extension"},"min":{"value":"0"},"max":{"value":"1"},"type":[{"code":{"value":"Coding"}}],"mustUnderstand":{"value":"false"}}},{"path":{"value":"Document.information.type"},"definition":{"short":{"value":"Kind of Document (LOINC if possible)"},"formal":{"value":"Specifies the particular kind of document (e.g. History and Physical, Discharge Summary, Progress Note)"},"min":{"value":"1"},"max":{"value":"1"},"type":[{"code":{"value":"CodeableConcept"}}],"mustUnderstand":{"value":"true"},"binding":{"value":"DocumentType"}}},{"path":{"value":"Document.information.title"},"definition":{"short":{"value":"Document Title"},"formal":{"value":"Official human-readable label for the document"},"comments":{"value":"It's commonly the case that clinical documents do not have a title and are collectively referred to by the display name of Document.type (e.g. a \"consultation\" or \"progress note\"). Where these display names are rendered to the clinician or where the document has a unique title, the Document.title value should be used"},"min":{"value":"0"},"max":{"value":"1"},"type":[{"code":{"value":"string"}}],"mustUnderstand":{"value":"false"}}},{"path":{"value":"Document.information.confidentialityCode"},"definition":{"short":{"value":"as defined by Affinity Domain"},"formal":{"value":"The code specifying the level of confidentiality of the XDS Document. These codes are specific to an XDS Affinity Domain."},"comments":{"value":"Enforcement and issues related to highly sensitive documents are beyond the scope of XDS (see security section). confidentialityCode is part of a codification scheme and value set enforced by the Document Registry. "},"min":{"value":"1"},"max":{"value":"1"},"type":[{"code":{"value":"Coding"}}],"mustUnderstand":{"value":"false"}}},{"path":{"value":"Document.information.subject"},"definition":{"short":{"value":"Who/what the document is about"},"formal":{"value":"Identifies the primary subject of the document.  "},"comments":{"value":"For clinical documents, this is usually the patient."},"min":{"value":"1"},"max":{"value":"1"},"type":[{"code":{"value":"Resource(Person|Patient|Group|Device)"}}],"mustUnderstand":{"value":"true"}}},{"path":{"value":"Document.information.author"},"definition":{"short":{"value":"Who/what authored the final document"},"formal":{"value":"Identifies who is responsible for the information in the document.  (Not necessarily who typed it in.)"},"min":{"value":"1"},"max":{"value":"*"},"type":[{"code":{"value":"Resource(Person|Agent)"}}],"mustUnderstand":{"value":"false"}}},{"path":{"value":"Document.information.attester"},"definition":{"short":{"value":"Attests to accuracy of document"},"formal":{"value":"A participant who has attested to the accuracy of the document"},"min":{"value":"0"},"max":{"value":"*"},"mustUnderstand":{"value":"false"}}},{"path":{"value":"Document.information.attester.mode"},"definition":{"short":{"value":"Personal | professional | legal | official"},"formal":{"value":"The type of attestation the authenticator offers"},"min":{"value":"1"},"max":{"value":"1"},"type":[{"code":{"value":"code"}}],"mustUnderstand":{"value":"false"},"binding":{"value":"DocumentAttestationMode"}}},{"path":{"value":"Document.information.attester.time"},"definition":{"short":{"value":"When document attested"},"formal":{"value":"When document was attested by the party"},"min":{"value":"0"},"max":{"value":"1"},"type":[{"code":{"value":"dateTime"}}],"mustUnderstand":{"value":"false"}}},{"path":{"value":"Document.information.attester.party"},"definition":{"short":{"value":"Who attested the document"},"formal":{"value":"Who attested the document in the specified way"},"min":{"value":"0"},"max":{"value":"1"},"type":[{"code":{"value":"Resource(Person|Agent|Organization)"}}],"mustUnderstand":{"value":"false"}}},{"path":{"value":"Document.information.custodian"},"definition":{"short":{"value":"Org which maintains the document"},"formal":{"value":"Identifies the organization or group who is responsible for ongoing maintenance of and access to the document."},"min":{"value":"0"},"max":{"value":"1"},"type":[{"code":{"value":"Resource(Organization)"}}],"mustUnderstand":{"value":"false"}}},{"path":{"value":"Document.information.event"},"definition":{"short":{"value":"The clinical event/act/item being documented"},"formal":{"value":"The main event/act/item, such as a colonoscopy or an appendectomy, being documented"},"comments":{"value":"The event needs to be consistent with the type element, though can provide further information if desired"},"min":{"value":"0"},"max":{"value":"1"},"mustUnderstand":{"value":"false"}}},{"path":{"value":"Document.information.event.code"},"definition":{"short":{"value":"code(s) that apply to the event being documented"},"formal":{"value":"This list of codes represents the main clinical acts, such as a colonoscopy or an appendectomy, being documented. In some cases, the event is inherent in the typeCode, such as a \"History and Physical Report\" in which the procedure being documented is necessarily a \"History and Physical\" act."},"comments":{"value":"An event can further specialize the act inherent in the typeCode, such as where it is simply \"Procedure Report\" and the procedure was a \"colonoscopy\". If one or more eventCodes are included, they shall not conflict with the values inherent in the classCode, practiceSettingCode or typeCode, as such a conflict would create an ambiguous situation. This short list of codes is provided to be used as “key words” for certain types of queries."},"min":{"value":"0"},"max":{"value":"*"},"type":[{"code":{"value":"CodeableConcept"}}],"mustUnderstand":{"value":"false"}}},{"path":{"value":"Document.information.event.period"},"definition":{"short":{"value":"The period covered by the document"},"formal":{"value":"The period of time covered by the document. There is no assertion that the document is a complete representation for this period, only that it documents events during this time"},"min":{"value":"0"},"max":{"value":"1"},"type":[{"code":{"value":"Period"}}],"mustUnderstand":{"value":"false"}}},{"path":{"value":"Document.information.event.detail"},"definition":{"short":{"value":"Full details for the event(s) the document concents"},"formal":{"value":"Full details for the event(s) the document concents"},"min":{"value":"0"},"max":{"value":"*"},"type":[{"code":{"value":"Resource(Any)"}}],"mustUnderstand":{"value":"false"}}},{"path":{"value":"Document.information.encounter"},"definition":{"short":{"value":"Context of the document"},"formal":{"value":"Describes the clinical encounter or type of care this document is associated with."},"min":{"value":"0"},"max":{"value":"1"},"type":[{"code":{"value":"Resource(Admission|InterestOfCare)"}}],"mustUnderstand":{"value":"false"}}},{"path":{"value":"Document.information.facilityType"},"definition":{"short":{"value":"type of organizational setting"},"formal":{"value":"This code represents the type of organizational setting of the clinical encounter during which the documented act occurred"},"comments":{"value":"In some cases, the setting of the encounter is inherent in the typeCode, such as \"Diabetes Clinic Progress Note\". healthcareFacilityTypeCode shall be equivalent to or further specialize the value inherent in the typeCode; for example, where the typeCode is simply \"Clinic Progress Note\" and the value of healthcareFacilityTypeCode is \"private clinic\".  The value shall not conflict with the value inherent in the typeCode, as such a conflict would create an ambiguous situation"},"min":{"value":"0"},"max":{"value":"1"},"type":[{"code":{"value":"CodeableConcept"}}],"mustUnderstand":{"value":"false"}}},{"path":{"value":"Document.information.practiceSetting"},"definition":{"short":{"value":"clinical speciality of the act"},"formal":{"value":"The code specifying the clinical specialty where the act that resulted in the document was performed (e.g., Family Practice, Laboratory, Radiology)."},"comments":{"value":"It is suggested that the XDS Affinity Domain draws these values from a coding scheme providing a coarse level of granularity (about 10 to 100 entries)"},"min":{"value":"0"},"max":{"value":"1"},"type":[{"code":{"value":"CodeableConcept"}}],"mustUnderstand":{"value":"false"}}},{"path":{"value":"Document.replaces"},"definition":{"short":{"value":"If this document replaces another"},"formal":{"value":"Identifies the document this document supersedes, if any."},"min":{"value":"0"},"max":{"value":"1"},"type":[{"code":{"value":"id"}}],"mustUnderstand":{"value":"true"}}},{"path":{"value":"Document.provenance"},"definition":{"short":{"value":"Additional provenance about the document and it's parts"},"formal":{"value":"Additional provenance about the document and the resources that are the sections"},"min":{"value":"0"},"max":{"value":"*"},"type":[{"code":{"value":"Resource(Provenance)"}}],"mustUnderstand":{"value":"true"}}},{"path":{"value":"Document.stylesheet"},"definition":{"short":{"value":"Stylesheet to use when rendering the document"},"formal":{"value":"A fixed stylesheet to use when rendering the documents"},"min":{"value":"0"},"max":{"value":"1"},"type":[{"code":{"value":"Attachment"}}],"mustUnderstand":{"value":"false"}}},{"path":{"value":"Document.representation"},"definition":{"short":{"value":"Alternative representation of the document"},"formal":{"value":"An alternative representation of the document that can be used in place of the html based rendering"},"comments":{"value":"Typically, this is application/pdf"},"min":{"value":"0"},"max":{"value":"1"},"type":[{"code":{"value":"Attachment"}}],"mustUnderstand":{"value":"false"}}},{"path":{"value":"Document.section"},"definition":{"short":{"value":"Document is broken into sections"},"formal":{"value":"Identifies a main topic within the document's table of contents"},"min":{"value":"0"},"max":{"value":"*"},"mustUnderstand":{"value":"false"}}},{"path":{"value":"Document.section.code"},"definition":{"short":{"value":"Classification of section (recommended)"},"formal":{"value":"A code identifying the kind of content contained within the section"},"min":{"value":"0"},"max":{"value":"1"},"type":[{"code":{"value":"CodeableConcept"}}],"mustUnderstand":{"value":"false"},"binding":{"value":"DocumentSectionCode"}}},{"path":{"value":"Document.section.subject"},"definition":{"short":{"value":"If section different to document"},"formal":{"value":"Identifies the primary subject of the section.  "},"min":{"value":"0"},"max":{"value":"1"},"type":[{"code":{"value":"Resource(Patient|Group|Device)"}}],"mustUnderstand":{"value":"true"}}},{"path":{"value":"Document.section.content"},"definition":{"short":{"value":"The actual data for the section"},"formal":{"value":"Identifies the discrete data that provides the content for the section."},"comments":{"value":"Because documents represent point-in-time snapshots, resource references should generally be to a specific version."},"min":{"value":"0"},"max":{"value":"1"},"type":[{"code":{"value":"Resource(Any)"}}],"mustUnderstand":{"value":"true"}}},{"path":{"value":"Document.section.section"},"definition":{"short":{"value":"Nested Section"},"formal":{"value":"Identifies a subtopic within the section as part of the document's table of contents"},"min":{"value":"0"},"max":{"value":"*"},"type":[{"code":{"value":"@Document.Section"}}],"mustUnderstand":{"value":"false"}}},{"path":{"value":"Document.extension"},"definition":{"short":{"value":"See Extensions"},"formal":{"value":"See Extensions"},"min":{"value":"0"},"max":{"value":"*"},"type":[{"code":{"value":"Extension"}}],"mustUnderstand":{"value":"false"}}},{"path":{"value":"Document.text"},"definition":{"short":{"value":"Text summary of resource (for human interpretation)"},"formal":{},"min":{"value":"1"},"max":{"value":"1"},"type":[{"code":{"value":"Narrative"}}],"mustUnderstand":{"value":"true"}}}]}],"text":{"status":"generated","div":"<div xmlns=\"http://www.w3.org/1999/xhtml\"><pre>\n&lt;<a title=\"A documentation of healthcare-related information that is assembled together into a single statement of meaning that establishes its own context. A document is composed of a set of resources that include both human and computer readable portions. A human may attest to the accuracy of the human readable portion, and may authenticate and/or sign the entire whole. A document may be kept as a set of logically linked resources, or they may be bundled together in an atom feed\" class=\"dict\" href=\"document-definitions.htm#Document\"><b>Document</b></a> xmlns=\"http://hl7.org/fhir\"&gt;\n &lt;<a title=\"Defines the medata and context for this document (this element must be supported or understood)\" class=\"dict\" href=\"document-definitions.htm#Document.information\"><span style=\"text-decoration: underline\"><b>information</b></span></a>&gt;  <span style=\"color: Gray\">&lt;!-- <span style=\"color: brown\"><b>1..1</b></span> Metadata and context for this document --&gt;</span>\n  &lt;<a title=\"Logical Identifier for the document, assigned when created. This identifier stays constant when subsequent versions of the document are created (this element must be supported or understood)\" class=\"dict\" href=\"document-definitions.htm#DocumentInformation.id\"><span style=\"text-decoration: underline\"><b>id</b></span></a>&gt;<span style=\"color: Gray\">&lt;!--</span><span style=\"color: brown\"><b>0..1</b></span><span style=\"color: darkgreen\"><a href=\"datatypes.htm#Identifier\">Identifier</a></span><span style=\"color: navy\">logical identifier for document (version-independent)</span><span style=\"color: Gray\"> --&gt;</span>&lt;/id&gt;\n  &lt;<a title=\"Version specific identifier for the document, assigned when created. This identifier changes when subsequent versions of the document are created (this element must be supported or understood)\" class=\"dict\" href=\"document-definitions.htm#DocumentInformation.versionId\"><span style=\"text-decoration: underline\"><b>versionId</b></span></a>&gt;<span style=\"color: Gray\">&lt;!--</span><span style=\"color: brown\"><b>0..1</b></span><span style=\"color: darkgreen\"><a href=\"datatypes.htm#Identifier\">Identifier</a></span><span style=\"color: navy\">version-specific identifier for document</span><span style=\"color: Gray\"> --&gt;</span>&lt;/versionId&gt;\n  &lt;<a title=\"the document creation time, when the document first came into being. Where the document is a transform from an original document in some other format, the ClinicalDocument.effectiveTime is the time the original document is created. (this element must be supported or understood)\" class=\"dict\" href=\"document-definitions.htm#DocumentInformation.instant\"><span style=\"text-decoration: underline\"><b>instant</b></span></a>&gt;<span style=\"color: Gray\">&lt;!--</span><span style=\"color: brown\"><b>1..1</b></span><span style=\"color: darkgreen\"><a href=\"datatypes.htm#instant\">instant</a></span><span style=\"color: navy\">Document Creation Time</span><span style=\"color: Gray\"> --&gt;</span>&lt;/instant&gt;\n  &lt;<a title=\"The code specifying the particular kind of document (e.g., Prescription, Discharge Summary, Report).\" class=\"dict\" href=\"document-definitions.htm#DocumentInformation.class\"><b>class</b></a>&gt;<span style=\"color: Gray\">&lt;!--</span><span style=\"color: brown\"><b>0..1</b></span><span style=\"color: darkgreen\"><a href=\"datatypes.htm#Coding\">Coding</a></span><span style=\"color: navy\">particular kind of document</span><span style=\"color: Gray\"> --&gt;</span>&lt;/class&gt;\n  &lt;<a title=\"Specifies the particular kind of document (e.g. History and Physical, Discharge Summary, Progress Note) (this element must be supported or understood)\" class=\"dict\" href=\"document-definitions.htm#DocumentInformation.type\"><span style=\"text-decoration: underline\"><b>type</b></span></a>&gt;<span style=\"color: Gray\">&lt;!--</span><span style=\"color: brown\"><b>1..1</b></span><span style=\"color: darkgreen\"><a href=\"datatypes.htm#CodeableConcept\">CodeableConcept</a></span><span style=\"color: navy\">Kind of Document (LOINC if possible)</span><span style=\"color: Gray\"> --&gt;</span>&lt;/type&gt;\n  &lt;<a title=\"Official human-readable label for the document\" class=\"dict\" href=\"document-definitions.htm#DocumentInformation.title\"><b>title</b></a>&gt;<span style=\"color: Gray\">&lt;!--</span><span style=\"color: brown\"><b>0..1</b></span><span style=\"color: darkgreen\"><a href=\"datatypes.htm#string\">string</a></span><span style=\"color: navy\">Document Title</span><span style=\"color: Gray\"> --&gt;</span>&lt;/title&gt;\n  &lt;<a title=\"The code specifying the level of confidentiality of the XDS Document. These codes are specific to an XDS Affinity Domain.\" class=\"dict\" href=\"document-definitions.htm#DocumentInformation.confidentialityCode\"><b>confidentialityCode</b></a>&gt;<span style=\"color: Gray\">&lt;!--</span><span style=\"color: brown\"><b>1..1</b></span><span style=\"color: darkgreen\"><a href=\"datatypes.htm#Coding\">Coding</a></span><span style=\"color: navy\">as defined by Affinity Domain</span><span style=\"color: Gray\"> --&gt;</span>&lt;/confidentialityCode&gt;\n  &lt;<a title=\"Identifies the primary subject of the document.   (this element must be supported or understood)\" class=\"dict\" href=\"document-definitions.htm#DocumentInformation.subject\"><span style=\"text-decoration: underline\"><b>subject</b></span></a>&gt;<span style=\"color: Gray\">&lt;!--</span><span style=\"color: brown\"><b>1..1</b></span><span style=\"color: darkgreen\"><a href=\"xml.htm#Resource\">Resource</a>(<a href=\"Person.htm#Person\">Person</a>|<a href=\"Patient.htm#Patient\">Patient</a>|<a href=\"Group.htm#Group\">Group</a>|<a href=\"Device.htm#Device\">Device</a>)</span><span style=\"color: navy\">Who/what the document is about</span><span style=\"color: Gray\"> --&gt;</span>&lt;/subject&gt;\n  &lt;<a title=\"Identifies who is responsible for the information in the document.  (Not necessarily who typed it in.)\" class=\"dict\" href=\"document-definitions.htm#DocumentInformation.author\"><b>author</b></a>&gt;<span style=\"color: Gray\">&lt;!--</span><span style=\"color: brown\"><b>1..*</b></span><span style=\"color: darkgreen\"><a href=\"xml.htm#Resource\">Resource</a>(<a href=\"Person.htm#Person\">Person</a>|<a href=\"Agent.htm#Agent\">Agent</a>)</span><span style=\"color: navy\">Who/what authored the final document</span><span style=\"color: Gray\"> --&gt;</span>&lt;/author&gt;\n  &lt;<a title=\"A participant who has attested to the accuracy of the document\" class=\"dict\" href=\"document-definitions.htm#DocumentInformation.attester\"><b>attester</b></a>&gt;  <span style=\"color: Gray\">&lt;!-- <span style=\"color: brown\"><b>0..*</b></span> Attests to accuracy of document --&gt;</span>\n   &lt;<a title=\"The type of attestation the authenticator offers\" class=\"dict\" href=\"document-definitions.htm#DocumentInformation.attester.mode\"><b>mode</b></a>&gt;<span style=\"color: Gray\">&lt;!--</span><span style=\"color: brown\"><b>1..1</b></span><span style=\"color: darkgreen\"><a href=\"datatypes.htm#code\">code</a></span><span style=\"color: navy\">Personal | professional | legal | official</span><span style=\"color: Gray\"> --&gt;</span>&lt;/mode&gt;\n   &lt;<a title=\"When document was attested by the party\" class=\"dict\" href=\"document-definitions.htm#DocumentInformation.attester.time\"><b>time</b></a>&gt;<span style=\"color: Gray\">&lt;!--</span><span style=\"color: brown\"><b>0..1</b></span><span style=\"color: darkgreen\"><a href=\"datatypes.htm#dateTime\">dateTime</a></span><span style=\"color: navy\">When document attested</span><span style=\"color: Gray\"> --&gt;</span>&lt;/time&gt;\n   &lt;<a title=\"Who attested the document in the specified way\" class=\"dict\" href=\"document-definitions.htm#DocumentInformation.attester.party\"><b>party</b></a>&gt;<span style=\"color: Gray\">&lt;!--</span><span style=\"color: brown\"><b>0..1</b></span><span style=\"color: darkgreen\"><a href=\"xml.htm#Resource\">Resource</a>(<a href=\"Person.htm#Person\">Person</a>|<a href=\"Agent.htm#Agent\">Agent</a>|<a href=\"Organization.htm#Organization\">Organization</a>)</span><span style=\"color: navy\">Who attested the document</span><span style=\"color: Gray\"> --&gt;</span>&lt;/party&gt;\n  &lt;/attester&gt;\n  &lt;<a title=\"Identifies the organization or group who is responsible for ongoing maintenance of and access to the document.\" class=\"dict\" href=\"document-definitions.htm#DocumentInformation.custodian\"><b>custodian</b></a>&gt;<span style=\"color: Gray\">&lt;!--</span><span style=\"color: brown\"><b>0..1</b></span><span style=\"color: darkgreen\"><a href=\"xml.htm#Resource\">Resource</a>(<a href=\"Organization.htm#Organization\">Organization</a>)</span><span style=\"color: navy\">Org which maintains the document</span><span style=\"color: Gray\"> --&gt;</span>&lt;/custodian&gt;\n  &lt;<a title=\"The main event/act/item, such as a colonoscopy or an appendectomy, being documented\" class=\"dict\" href=\"document-definitions.htm#DocumentInformation.event\"><b>event</b></a>&gt;  <span style=\"color: Gray\">&lt;!-- <span style=\"color: brown\"><b>0..1</b></span> The clinical event/act/item being documented --&gt;</span>\n   &lt;<a title=\"This list of codes represents the main clinical acts, such as a colonoscopy or an appendectomy, being documented. In some cases, the event is inherent in the typeCode, such as a &quot;History and Physical Report&quot; in which the procedure being documented is necessarily a &quot;History and Physical&quot; act.\" class=\"dict\" href=\"document-definitions.htm#DocumentInformation.event.code\"><b>code</b></a>&gt;<span style=\"color: Gray\">&lt;!--</span><span style=\"color: brown\"><b>0..*</b></span><span style=\"color: darkgreen\"><a href=\"datatypes.htm#CodeableConcept\">CodeableConcept</a></span><span style=\"color: navy\">code(s) that apply to the event being documented</span><span style=\"color: Gray\"> --&gt;</span>&lt;/code&gt;\n   &lt;<a title=\"The period of time covered by the document. There is no assertion that the document is a complete representation for this period, only that it documents events during this time\" class=\"dict\" href=\"document-definitions.htm#DocumentInformation.event.period\"><b>period</b></a>&gt;<span style=\"color: Gray\">&lt;!--</span><span style=\"color: brown\"><b>0..1</b></span><span style=\"color: darkgreen\"><a href=\"datatypes.htm#Period\">Period</a></span><span style=\"color: navy\">The period covered by the document</span><span style=\"color: Gray\"> --&gt;</span>&lt;/period&gt;\n   &lt;<a title=\"Full details for the event(s) the document concents\" class=\"dict\" href=\"document-definitions.htm#DocumentInformation.event.detail\"><b>detail</b></a>&gt;<span style=\"color: Gray\">&lt;!--</span><span style=\"color: brown\"><b>0..*</b></span><span style=\"color: darkgreen\"><a href=\"xml.htm#Resource\">Resource</a>(<a href=\"resources.htm\">Any</a>)</span><span style=\"color: navy\">Full details for the event(s) the document concents</span><span style=\"color: Gray\"> --&gt;</span>&lt;/detail&gt;\n  &lt;/event&gt;\n  &lt;<a title=\"Describes the clinical encounter or type of care this document is associated with.\" class=\"dict\" href=\"document-definitions.htm#DocumentInformation.encounter\"><b>encounter</b></a>&gt;<span style=\"color: Gray\">&lt;!--</span><span style=\"color: brown\"><b>0..1</b></span><span style=\"color: darkgreen\"><a href=\"xml.htm#Resource\">Resource</a>(<a href=\"resources.htm\">Admission</a>|<a href=\"resources.htm\">InterestOfCare</a>)</span><span style=\"color: navy\">Context of the document</span><span style=\"color: Gray\"> --&gt;</span>&lt;/encounter&gt;\n  &lt;<a title=\"This code represents the type of organizational setting of the clinical encounter during which the documented act occurred\" class=\"dict\" href=\"document-definitions.htm#DocumentInformation.facilityType\"><b>facilityType</b></a>&gt;<span style=\"color: Gray\">&lt;!--</span><span style=\"color: brown\"><b>0..1</b></span><span style=\"color: darkgreen\"><a href=\"datatypes.htm#CodeableConcept\">CodeableConcept</a></span><span style=\"color: navy\">type of organizational setting</span><span style=\"color: Gray\"> --&gt;</span>&lt;/facilityType&gt;\n  &lt;<a title=\"The code specifying the clinical specialty where the act that resulted in the document was performed (e.g., Family Practice, Laboratory, Radiology).\" class=\"dict\" href=\"document-definitions.htm#DocumentInformation.practiceSetting\"><b>practiceSetting</b></a>&gt;<span style=\"color: Gray\">&lt;!--</span><span style=\"color: brown\"><b>0..1</b></span><span style=\"color: darkgreen\"><a href=\"datatypes.htm#CodeableConcept\">CodeableConcept</a></span><span style=\"color: navy\">clinical speciality of the act</span><span style=\"color: Gray\"> --&gt;</span>&lt;/practiceSetting&gt;\n &lt;/information&gt;\n &lt;<a title=\"Identifies the document this document supersedes, if any. (this element must be supported or understood)\" class=\"dict\" href=\"document-definitions.htm#Document.replaces\"><span style=\"text-decoration: underline\"><b>replaces</b></span></a>&gt;<span style=\"color: Gray\">&lt;!--</span><span style=\"color: brown\"><b>0..1</b></span><span style=\"color: darkgreen\"><a href=\"datatypes.htm#id\">id</a></span><span style=\"color: navy\">If this document replaces another</span><span style=\"color: Gray\"> --&gt;</span>&lt;/replaces&gt;\n &lt;<a title=\"Additional provenance about the document and the resources that are the sections (this element must be supported or understood)\" class=\"dict\" href=\"document-definitions.htm#Document.provenance\"><span style=\"text-decoration: underline\"><b>provenance</b></span></a>&gt;<span style=\"color: Gray\">&lt;!--</span><span style=\"color: brown\"><b>0..*</b></span><span style=\"color: darkgreen\"><a href=\"xml.htm#Resource\">Resource</a>(<a href=\"Provenance.htm#Provenance\">Provenance</a>)</span><span style=\"color: navy\">Additional provenance about the document and it's parts</span><span style=\"color: Gray\"> --&gt;</span>&lt;/provenance&gt;\n &lt;<a title=\"A fixed stylesheet to use when rendering the documents\" class=\"dict\" href=\"document-definitions.htm#Document.stylesheet\"><b>stylesheet</b></a>&gt;<span style=\"color: Gray\">&lt;!--</span><span title=\"A document stylesheet must have a mime type of text/css\" style=\"color: deeppink\"><b>0..1</b></span><span style=\"color: darkgreen\"><a href=\"datatypes.htm#Attachment\">Attachment</a></span><span style=\"color: navy\">Stylesheet to use when rendering the document</span><span style=\"color: Gray\"> --&gt;</span>&lt;/stylesheet&gt;\n &lt;<a title=\"An alternative representation of the document that can be used in place of the html based rendering\" class=\"dict\" href=\"document-definitions.htm#Document.representation\"><b>representation</b></a>&gt;<span style=\"color: Gray\">&lt;!--</span><span title=\"A document must have a representation, one or more sections or both\" style=\"color: deeppink\"><b>0..1</b></span><span style=\"color: darkgreen\"><a href=\"datatypes.htm#Attachment\">Attachment</a></span><span style=\"color: navy\">Alternative representation of the document</span><span style=\"color: Gray\"> --&gt;</span>&lt;/representation&gt;\n &lt;<a title=\"Identifies a main topic within the document's table of contents\" class=\"dict\" href=\"document-definitions.htm#Document.section\"><b>section</b></a>&gt;  <span style=\"color: Gray\">&lt;!-- <span title=\"A document must have a representation, one or more sections or both\" style=\"color: deeppink\"><b>0..*</b></span> Document is broken into sections --&gt;</span>\n  &lt;<a title=\"A code identifying the kind of content contained within the section\" class=\"dict\" href=\"document-definitions.htm#Document.section.code\"><b>code</b></a>&gt;<span style=\"color: Gray\">&lt;!--</span><span style=\"color: brown\"><b>0..1</b></span><span style=\"color: darkgreen\"><a href=\"datatypes.htm#CodeableConcept\">CodeableConcept</a></span><span style=\"color: navy\">Classification of section (recommended)</span><span style=\"color: Gray\"> --&gt;</span>&lt;/code&gt;\n  &lt;<a title=\"Identifies the primary subject of the section.   (this element must be supported or understood)\" class=\"dict\" href=\"document-definitions.htm#Document.section.subject\"><span style=\"text-decoration: underline\"><b>subject</b></span></a>&gt;<span style=\"color: Gray\">&lt;!--</span><span style=\"color: brown\"><b>0..1</b></span><span style=\"color: darkgreen\"><a href=\"xml.htm#Resource\">Resource</a>(<a href=\"Patient.htm#Patient\">Patient</a>|<a href=\"Group.htm#Group\">Group</a>|<a href=\"Device.htm#Device\">Device</a>)</span><span style=\"color: navy\">If section different to document</span><span style=\"color: Gray\"> --&gt;</span>&lt;/subject&gt;\n  &lt;<a title=\"Identifies the discrete data that provides the content for the section. (this element must be supported or understood)\" class=\"dict\" href=\"document-definitions.htm#Document.section.content\"><span style=\"text-decoration: underline\"><b>content</b></span></a>&gt;<span style=\"color: Gray\">&lt;!--</span><span title=\"A section must have content or one or more sections, but not both.\" style=\"color: deeppink\"><b>0..1</b></span><span style=\"color: darkgreen\"><a href=\"xml.htm#Resource\">Resource</a>(<a href=\"resources.htm\">Any</a>)</span><span style=\"color: navy\">The actual data for the section</span><span style=\"color: Gray\"> --&gt;</span>&lt;/content&gt;\n  &lt;<a title=\"Identifies a subtopic within the section as part of the document's table of contents\" class=\"dict\" href=\"document-definitions.htm#Document.section.section\"><b>section</b></a>&gt;<span style=\"color: Gray\">&lt;!--</span><span title=\"A section must have content or one or more sections, but not both.\" style=\"color: deeppink\"><b>0..*</b></span><span style=\"color: darkgreen\">Content as for Document.Section</span><span style=\"color: navy\">Nested Section</span><span style=\"color: Gray\"> --&gt;</span>&lt;/section&gt;\n &lt;/section&gt;\n &lt;<a title=\"See Extensions\" class=\"dict\" href=\"document-definitions.htm#Document.extension\"><b>extension</b></a>&gt;<span style=\"color: Gray\">&lt;!--</span><span style=\"color: brown\"><b>0..*</b></span><span style=\"color: darkgreen\"><a href=\"extensibility.htm#Extension\">Extension</a></span><a href=\"extensibility.htm\"><span style=\"color: navy\">See Extensions</span></a><span style=\"color: Gray\"> --&gt;</span>&lt;/extension&gt;\n &lt;<a title=\"  (this element must be supported or understood)\" class=\"dict\" href=\"document-definitions.htm#Document.text\"><span style=\"text-decoration: underline\"><b>text</b></span></a>&gt;<span style=\"color: Gray\">&lt;!--</span><span style=\"color: brown\"><b>1..1</b></span><span style=\"color: darkgreen\"><a href=\"xml.htm#Narrative\">Narrative</a></span><span style=\"color: navy\">Text summary of resource (for human interpretation)</span><span style=\"color: Gray\"> --&gt;</span>&lt;/text&gt;\n&lt;/Document&gt;\n</pre></div>"}}}