{"Document":{"information":{"id":{"system":"http://healthintersections.com.au/test","id":"1"},"versionId":{"system":"urn:ietf:rfc:3986","id":"urn:uuid:72391709-b9ae-4053-b888-4bee268bf5da"},"instant":"2012-01-04T09:10:14+00:00","type":{"coding":[{"system":"http://loinc.org/","code":"11488-4","display":"Consultation note"}]},"confidentialityCode":{"system":"http://ihe.net/xds/connectathon/confidentialityCodes","code":"1.3.6.1.4.1.21367.2006.7.101","display":"Clinical-Staff"},"subject":{"type":"Patient","id":"xcda","display":"Henry Levin the 7th"},"author":[{"type":"Person","id":"xcda","display":"Robert Dolin MD"}],"attester":[{"mode":"legal","party":{"type":"Person","id":"xcda","display":"Robert Dolin MD"}}],"custodian":{"type":"Organization","id":"2.16.840.1.113883.19.5","display":"Good Health Clinic"}},"section":[{"code":{"coding":[{"system":"http://loinc.org/","code":"10164-2"}]},"content":{"type":"Prescription","id":"example"}}],"text":{"status":"generated","div":"<div xmlns=\"http://www.w3.org/1999/xhtml\"><p>Consultation note for Henry Levin the 7th</p></div>"}}}