{"Profile":{"name":{"value":"group"},"author":{"name":{"value":"todo (committee)"}},"description":{"value":"Basic Profile. Represents a defined collection of entities that may be discussed or acted upon collectively but which are not expected to act collectively and are not formally or legally recognized.  I.e. A collection of entities that isn't an Organization"},"status":{"code":{"value":"testing"},"date":{"value":"2012-12-04"}},"resource":[{"type":{"value":"Resource"},"element":[{"path":{"value":"Group"},"definition":{"short":{"value":"Group of multiple entities"},"formal":{"value":"Represents a defined collection of entities that may be discussed or acted upon collectively but which are not expected to act collectively and are not formally or legally recognized.  I.e. A collection of entities that isn't an Organization"},"min":{"value":"1"},"max":{"value":"1"},"type":[{"code":{"value":"Resource"}}],"mustUnderstand":{"value":"false"}}},{"path":{"value":"Group.identifier"},"definition":{"short":{"value":"Unique id"},"formal":{"value":"A unique business identifier for this group"},"min":{"value":"0"},"max":{"value":"1"},"type":[{"code":{"value":"Identifier"}}],"mustUnderstand":{"value":"false"}}},{"path":{"value":"Group.type"},"definition":{"short":{"value":"Group Classification"},"formal":{"value":"Identifies the broad classification of the kind of resources the group includes"},"min":{"value":"1"},"max":{"value":"1"},"type":[{"code":{"value":"code"}}],"mustUnderstand":{"value":"true"},"binding":{"value":"GroupType"}}},{"path":{"value":"Group.actual"},"definition":{"short":{"value":"Descriptive or actual"},"formal":{"value":"If true, indicates that the resource refers to a specific group of real individuals.  If false, the group defines a set of intended individuals"},"min":{"value":"1"},"max":{"value":"1"},"type":[{"code":{"value":"boolean"}}],"mustUnderstand":{"value":"true"}}},{"path":{"value":"Group.code"},"definition":{"short":{"value":"Kind of Group members"},"formal":{"value":"Provides a specific type of resource the group includes.  E.g. \"cow\", \"syringe\", etc."},"comments":{"value":"This would generally be omitted for Person resources"},"min":{"value":"0"},"max":{"value":"1"},"type":[{"code":{"value":"CodeableConcept"}}],"mustUnderstand":{"value":"false"},"binding":{"value":"GroupCode"}}},{"path":{"value":"Group.name"},"definition":{"short":{"value":"Label for Group"},"formal":{"value":"A label assigned to the group for human identification and communication"},"min":{"value":"0"},"max":{"value":"1"},"type":[{"code":{"value":"string"}}],"mustUnderstand":{"value":"false"}}},{"path":{"value":"Group.quantity"},"definition":{"short":{"value":"Number of members"},"formal":{"value":"A count of the number of resource instances that are part of the group"},"min":{"value":"0"},"max":{"value":"1"},"type":[{"code":{"value":"integer"}}],"mustUnderstand":{"value":"false"}}},{"path":{"value":"Group.characteristic"},"definition":{"short":{"value":"Trait of group members"},"formal":{"value":"Identifies the traits shared by members of the group"},"min":{"value":"0"},"max":{"value":"*"},"mustUnderstand":{"value":"false"}}},{"path":{"value":"Group.characteristic.type"},"definition":{"short":{"value":"Kind of characteristic"},"formal":{"value":"Identifies the kind of trait being asserted"},"min":{"value":"1"},"max":{"value":"1"},"type":[{"code":{"value":"CodeableConcept"}}],"mustUnderstand":{"value":"true"},"binding":{"value":"GroupCharacteristicType"}}},{"path":{"value":"Group.characteristic.value[x]"},"definition":{"short":{"value":"Value held by characteristic"},"formal":{"value":"The value of the trait that holds (or does not hold - see 'exclude') for members of the group"},"min":{"value":"1"},"max":{"value":"1"},"type":[{"code":{"value":"CodeableConcept"}},{"code":{"value":"string"}},{"code":{"value":"boolean"}}],"mustUnderstand":{"value":"true"},"binding":{"value":"GroupCharacteristicValue"}}},{"path":{"value":"Group.characteristic.exclude"},"definition":{"short":{"value":"Group includes or excludes"},"formal":{"value":"If true, indicates the characteristic is one that is NOT held by members of the group"},"min":{"value":"0"},"max":{"value":"1"},"type":[{"code":{"value":"boolean"}}],"mustUnderstand":{"value":"true"}}},{"path":{"value":"Group.member"},"definition":{"short":{"value":"Who is in group"},"formal":{"value":"Identifies the resource instances that are members of the group."},"min":{"value":"0"},"max":{"value":"*"},"type":[{"code":{"value":"Resource(Person|Animal|Device|Medication|Food)"}}],"mustUnderstand":{"value":"false"}}},{"path":{"value":"Group.extension"},"definition":{"short":{"value":"See Extensions"},"formal":{"value":"See Extensions"},"min":{"value":"0"},"max":{"value":"*"},"type":[{"code":{"value":"Extension"}}],"mustUnderstand":{"value":"false"}}},{"path":{"value":"Group.text"},"definition":{"short":{"value":"Text summary of resource (for human interpretation)"},"formal":{"value":"Text summary of resource (for human interpretation)"},"min":{"value":"1"},"max":{"value":"1"},"type":[{"code":{"value":"Narrative"}}],"mustUnderstand":{"value":"false"}}}]}],"text":{"status":"generated","div":"<div xmlns=\"http://www.w3.org/1999/xhtml\"><pre>\n&lt;<a title=\"Represents a defined collection of entities that may be discussed or acted upon collectively but which are not expected to act collectively and are not formally or legally recognized.  I.e. A collection of entities that isn't an Organization\" class=\"dict\" href=\"group-definitions.htm#Group\"><b>Group</b></a> xmlns=\"http://hl7.org/fhir\"&gt;\n &lt;<a title=\"A unique business identifier for this group\" class=\"dict\" href=\"group-definitions.htm#Group.identifier\"><b>identifier</b></a>&gt;<span style=\"color: Gray\">&lt;!--</span><span style=\"color: brown\"><b>0..1</b></span><span style=\"color: darkgreen\"><a href=\"datatypes.htm#Identifier\">Identifier</a></span><span style=\"color: navy\">Unique id</span><span style=\"color: Gray\"> --&gt;</span>&lt;/identifier&gt;\n &lt;<a title=\"Identifies the broad classification of the kind of resources the group includes (this element must be supported or understood)\" class=\"dict\" href=\"group-definitions.htm#Group.type\"><span style=\"text-decoration: underline\"><b>type</b></span></a>&gt;<span style=\"color: Gray\">&lt;!--</span><span title=\"Can only have a code for non-Person groups\" style=\"color: deeppink\"><b>1..1</b></span><span style=\"color: darkgreen\"><a href=\"datatypes.htm#code\">code</a></span><span style=\"color: navy\">Group Classification</span><span style=\"color: Gray\"> --&gt;</span>&lt;/type&gt;\n &lt;<a title=\"If true, indicates that the resource refers to a specific group of real individuals.  If false, the group defines a set of intended individuals (this element must be supported or understood)\" class=\"dict\" href=\"group-definitions.htm#Group.actual\"><span style=\"text-decoration: underline\"><b>actual</b></span></a>&gt;<span style=\"color: Gray\">&lt;!--</span><span title=\"Can only have members if group is &quot;actual&quot;\" style=\"color: deeppink\"><b>1..1</b></span><span style=\"color: darkgreen\"><a href=\"datatypes.htm#boolean\">boolean</a></span><span style=\"color: navy\">Descriptive or actual</span><span style=\"color: Gray\"> --&gt;</span>&lt;/actual&gt;\n &lt;<a title=\"Provides a specific type of resource the group includes.  E.g. &quot;cow&quot;, &quot;syringe&quot;, etc.\" class=\"dict\" href=\"group-definitions.htm#Group.code\"><b>code</b></a>&gt;<span style=\"color: Gray\">&lt;!--</span><span title=\"Can only have a code for non-Person groups\" style=\"color: deeppink\"><b>0..1</b></span><span style=\"color: darkgreen\"><a href=\"datatypes.htm#CodeableConcept\">CodeableConcept</a></span><span style=\"color: navy\">Kind of Group members</span><span style=\"color: Gray\"> --&gt;</span>&lt;/code&gt;\n &lt;<a title=\"A label assigned to the group for human identification and communication\" class=\"dict\" href=\"group-definitions.htm#Group.name\"><b>name</b></a>&gt;<span style=\"color: Gray\">&lt;!--</span><span style=\"color: brown\"><b>0..1</b></span><span style=\"color: darkgreen\"><a href=\"datatypes.htm#string\">string</a></span><span style=\"color: navy\">Label for Group</span><span style=\"color: Gray\"> --&gt;</span>&lt;/name&gt;\n &lt;<a title=\"A count of the number of resource instances that are part of the group\" class=\"dict\" href=\"group-definitions.htm#Group.quantity\"><b>quantity</b></a>&gt;<span style=\"color: Gray\">&lt;!--</span><span style=\"color: brown\"><b>0..1</b></span><span style=\"color: darkgreen\"><a href=\"datatypes.htm#integer\">integer</a></span><span style=\"color: navy\">Number of members</span><span style=\"color: Gray\"> --&gt;</span>&lt;/quantity&gt;\n &lt;<a title=\"Identifies the traits shared by members of the group\" class=\"dict\" href=\"group-definitions.htm#Group.characteristic\"><b>characteristic</b></a>&gt;  <span style=\"color: Gray\">&lt;!-- <span style=\"color: brown\"><b>0..*</b></span> Trait of group members --&gt;</span>\n  &lt;<a title=\"Identifies the kind of trait being asserted (this element must be supported or understood)\" class=\"dict\" href=\"group-definitions.htm#Group.characteristic.type\"><span style=\"text-decoration: underline\"><b>type</b></span></a>&gt;<span style=\"color: Gray\">&lt;!--</span><span style=\"color: brown\"><b>1..1</b></span><span style=\"color: darkgreen\"><a href=\"datatypes.htm#CodeableConcept\">CodeableConcept</a></span><span style=\"color: navy\">Kind of characteristic</span><span style=\"color: Gray\"> --&gt;</span>&lt;/type&gt;\n  &lt;<a title=\"The value of the trait that holds (or does not hold - see 'exclude') for members of the group (this element must be supported or understood)\" class=\"dict\" href=\"group-definitions.htm#Group.characteristic.value[x]\"><span style=\"text-decoration: underline\"><b>value[x]</b></span></a>&gt;<span style=\"color: Gray\">&lt;!--</span><span style=\"color: brown\"><b>1..1</b></span><span style=\"color: darkgreen\"><a href=\"datatypes.htm#CodeableConcept\">CodeableConcept</a>|<a href=\"datatypes.htm#string\">string</a>|<a href=\"datatypes.htm#boolean\">boolean</a></span><span style=\"color: navy\">Value held by characteristic</span><span style=\"color: Gray\"> --&gt;</span>&lt;/value[x]&gt;\n  &lt;<a title=\"If true, indicates the characteristic is one that is NOT held by members of the group (this element must be supported or understood)\" class=\"dict\" href=\"group-definitions.htm#Group.characteristic.exclude\"><span style=\"text-decoration: underline\"><b>exclude</b></span></a>&gt;<span style=\"color: Gray\">&lt;!--</span><span style=\"color: brown\"><b>0..1</b></span><span style=\"color: darkgreen\"><a href=\"datatypes.htm#boolean\">boolean</a></span><span style=\"color: navy\">Group includes or excludes</span><span style=\"color: Gray\"> --&gt;</span>&lt;/exclude&gt;\n &lt;/characteristic&gt;\n &lt;<a title=\"Identifies the resource instances that are members of the group.\" class=\"dict\" href=\"group-definitions.htm#Group.member\"><b>member</b></a>&gt;<span style=\"color: Gray\">&lt;!--</span><span title=\"Can only have members if group is &quot;actual&quot;\" style=\"color: deeppink\"><b>0..*</b></span><span style=\"color: darkgreen\"><a href=\"xml.htm#Resource\">Resource</a>(<a href=\"Person.htm#Person\">Person</a>|<a href=\"Animal.htm#Animal\">Animal</a>|<a href=\"Device.htm#Device\">Device</a>|<a href=\"resources.htm\">Medication</a>|<a href=\"resources.htm\">Food</a>)</span><span style=\"color: navy\">Who is in group</span><span style=\"color: Gray\"> --&gt;</span>&lt;/member&gt;\n &lt;<a title=\"See Extensions\" class=\"dict\" href=\"group-definitions.htm#Group.extension\"><b>extension</b></a>&gt;<span style=\"color: Gray\">&lt;!--</span><span style=\"color: brown\"><b>0..*</b></span><span style=\"color: darkgreen\"><a href=\"extensibility.htm#Extension\">Extension</a></span><a href=\"extensibility.htm\"><span style=\"color: navy\">See Extensions</span></a><span style=\"color: Gray\"> --&gt;</span>&lt;/extension&gt;\n &lt;<a title=\"Text summary of resource (for human interpretation)\" class=\"dict\" href=\"group-definitions.htm#Group.text\"><b>text</b></a>&gt;<span style=\"color: Gray\">&lt;!--</span><span style=\"color: brown\"><b>1..1</b></span><span style=\"color: darkgreen\"><a href=\"xml.htm#Narrative\">Narrative</a></span><span style=\"color: navy\">Text summary of resource (for human interpretation)</span><span style=\"color: Gray\"> --&gt;</span>&lt;/text&gt;\n&lt;/Group&gt;\n</pre></div>"}}}