{"Profile":{"name":{"value":"labreport"},"author":{"name":{"value":"todo (committee)"}},"description":{"value":"Basic Profile. The findings and interpretation of pathology tests performed on tissues and body fluids. This is typically done in a laboratory but may be done in other environments such as at the point of care"},"status":{"code":{"value":"testing"},"date":{"value":"2012-12-04"}},"resource":[{"type":{"value":"Resource"},"element":[{"path":{"value":"LabReport"},"definition":{"short":{"value":"Report of laboratory test results"},"formal":{"value":"The findings and interpretation of pathology tests performed on tissues and body fluids. This is typically done in a laboratory but may be done in other environments such as at the point of care"},"comments":{"value":"Not to be used for reporting on non-pathology test results e.g. diagnostic imaging, ECG or respiratory function tests. Not to be used to represent an entire cumulative report. This Pathology test result archetype represents only one of the result sets that is usually viewed as a vertical in a cumulative test report. A cumulative report is a view that is constructed from the results represented by multiple OBSERVATION archetypes. This archetype is suitable for representation of general pathology test results, but not intended to cover full synoptic reports. For these, additional resources are required to represent the data properly"},"min":{"value":"1"},"max":{"value":"1"},"type":[{"code":{"value":"Resource"}}],"mustUnderstand":{"value":"false"}}},{"path":{"value":"LabReport.status"},"definition":{"short":{"value":"registered|interim|final|amended|cancelled|withdrawn"},"formal":{"value":"The status of the pathology test result as a whole"},"min":{"value":"1"},"max":{"value":"1"},"type":[{"code":{"value":"code"}}],"mustUnderstand":{"value":"true"},"binding":{"value":"LabReportStatus"}}},{"path":{"value":"LabReport.issued"},"definition":{"short":{"value":"date issed for current status"},"formal":{"value":"The date and/or time that the result was issued from the source for the recorded ‘Test result status"},"comments":{"value":"May be different from LabReport.updated, because that is the status of this record, not the report the record is about"},"min":{"value":"1"},"max":{"value":"1"},"type":[{"code":{"value":"instant"}}],"mustUnderstand":{"value":"true"}}},{"path":{"value":"LabReport.patient"},"definition":{"short":{"value":"The patient the report is about"},"formal":{"value":"The patient about who the report is about"},"min":{"value":"1"},"max":{"value":"1"},"type":[{"code":{"value":"Resource(Patient)"}}],"mustUnderstand":{"value":"true"}}},{"path":{"value":"LabReport.admission"},"definition":{"short":{"value":"Admission Context"},"formal":{"value":"The admission that this diagnostic investigation is associated with"},"min":{"value":"0"},"max":{"value":"1"},"type":[{"code":{"value":"Resource(Admission)"}}],"mustUnderstand":{"value":"false"}}},{"path":{"value":"LabReport.laboratory"},"definition":{"short":{"value":"Responsible Laboratory"},"formal":{"value":"The laboratory service that issued the report"},"comments":{"value":"This is not necessarily the source of the atomic reports - it's the lab that takes responsibility for the clinical report"},"min":{"value":"1"},"max":{"value":"1"},"type":[{"code":{"value":"Resource(Organization)"}}],"mustUnderstand":{"value":"false"}}},{"path":{"value":"LabReport.reportId"},"definition":{"short":{"value":"Id for external references to this report"},"formal":{"value":"The local ID assigned to the report by the order filler, usually by the Laboratory Information System (LIS)."},"min":{"value":"0"},"max":{"value":"1"},"type":[{"code":{"value":"Identifier"}}],"mustUnderstand":{"value":"false"}}},{"path":{"value":"LabReport.requestDetail"},"definition":{"short":{"value":"What was requested"},"formal":{"value":"Details concerning a single pathology test requested."},"comments":{"value":"Note: Usually there is one test request for each result, however in some circumstances multiple test requests may be represented using a single Pathology test result resource"},"min":{"value":"0"},"max":{"value":"*"},"mustUnderstand":{"value":"false"}}},{"path":{"value":"LabReport.requestDetail.requestOrderId"},"definition":{"short":{"value":"Id assigned by requester"},"formal":{"value":"The local ID assigned to the order by the order requester."},"comments":{"value":"Equivalent to the Placer Order Identifier"},"min":{"value":"0"},"max":{"value":"1"},"type":[{"code":{"value":"Identifier"}}],"mustUnderstand":{"value":"false"}}},{"path":{"value":"LabReport.requestDetail.receiverOrderId"},"definition":{"short":{"value":"Receiver's Id for the request"},"formal":{"value":"The local ID assigned to the test order by the order filler, usually by the Laboratory Information System (LIS)."},"comments":{"value":"Usually equivalent to the DICOM Accession Number and the Filler Order Identifier."},"min":{"value":"0"},"max":{"value":"1"},"type":[{"code":{"value":"Identifier"}}],"mustUnderstand":{"value":"false"}}},{"path":{"value":"LabReport.requestDetail.requestTest"},"definition":{"short":{"value":"Test Requested"},"formal":{"value":"Identification of pathology test requested,"},"comments":{"value":"Useful where the test requested differs from the test actually performed."},"min":{"value":"0"},"max":{"value":"*"},"type":[{"code":{"value":"CodeableConcept"}}],"mustUnderstand":{"value":"false"},"binding":{"value":"LabRequests"}}},{"path":{"value":"LabReport.requestDetail.requester"},"definition":{"short":{"value":"Responsible for request"},"formal":{"value":"Details of the clinician or organisation requesting the laboratory test."},"min":{"value":"0"},"max":{"value":"1"},"type":[{"code":{"value":"Resource(Agent|Organization)"}}],"mustUnderstand":{"value":"false"}}},{"path":{"value":"LabReport.requestDetail.clinicalInfo"},"definition":{"short":{"value":"Clinical information provided"},"formal":{"value":"Details of the clinical information provided to the laboratory along with the original request"},"min":{"value":"0"},"max":{"value":"1"},"type":[{"code":{"value":"Resource(Any)"}}],"mustUnderstand":{"value":"false"}}},{"path":{"value":"LabReport.reportName"},"definition":{"short":{"value":"Name for the entire report"},"formal":{"value":"Identification of the pathology test performed, sometimes including specimen type."},"comments":{"value":"A test result may be for a single analyte, or a group of items, including panel tests."},"min":{"value":"1"},"max":{"value":"1"},"type":[{"code":{"value":"CodeableConcept"}}],"mustUnderstand":{"value":"true"},"binding":{"value":"LabReportNames"}}},{"path":{"value":"LabReport.service"},"definition":{"short":{"value":"Biochemistry, Haematology etc"},"formal":{"value":"The diagnostic service that performs the examination e.g. biochemistry, haematology."},"min":{"value":"0"},"max":{"value":"1"},"type":[{"code":{"value":"CodeableConcept"}}],"mustUnderstand":{"value":"false"},"binding":{"value":"LabServices"}}},{"path":{"value":"LabReport.diagnosticTime"},"definition":{"short":{"value":"Effective time of diagnostic report"},"formal":{"value":"The diagnostically relevant time for this report"},"comments":{"value":"The diagnostically relevant time can be derived from the specimen collection times, but the specimen information is not always available, and the exact relationship is not always automatic"},"min":{"value":"1"},"max":{"value":"1"},"type":[{"code":{"value":"dateTime"}}],"mustUnderstand":{"value":"true"}}},{"path":{"value":"LabReport.specimen"},"definition":{"short":{"value":"Specimen (incl. time of collection)"},"formal":{"value":"Details about the specimen if all individual test results are derived from the same specimen"},"comments":{"value":"If the specimen is sufficiently specified with a code in the Test result name, then this additional data may be redundant. If there are multiple specimens, these may be represented per 'Result group'"},"min":{"value":"0"},"max":{"value":"*"},"type":[{"code":{"value":"Resource(Specimen)"}}],"mustUnderstand":{"value":"false"}}},{"path":{"value":"LabReport.resultGroup"},"definition":{"short":{"value":"Results grouped by specimen/kind/category"},"formal":{"value":"A group of results. Results may be grouped by specimen, or by some value in LabReport.resultGroup.name to describe what binds all the results together."},"comments":{"value":"Many (most) lab reports don't really have a meaningful group. In these cases, just create a single group with no specimen or name"},"min":{"value":"0"},"max":{"value":"*"},"mustUnderstand":{"value":"true"}}},{"path":{"value":"LabReport.resultGroup.name"},"definition":{"short":{"value":"What defines the group"},"formal":{"value":"A code or name that describes the group of results"},"comments":{"value":"For example, the antibody code for a goup of antibody related test, or the organism code for a group of isolate/sensitivities. Leave blank if there is no particular meaning associated with the group"},"min":{"value":"0"},"max":{"value":"1"},"type":[{"code":{"value":"CodeableConcept"}}],"mustUnderstand":{"value":"true"},"binding":{"value":"LabResultGroupNames"}}},{"path":{"value":"LabReport.resultGroup.specimen"},"definition":{"short":{"value":"Specimen details"},"formal":{"value":"Details about the individual specimen to which these ‘Result group’ test results refer, where testing of multiple specimens is required."},"min":{"value":"0"},"max":{"value":"1"},"type":[{"code":{"value":"Resource(Specimen)"}}],"mustUnderstand":{"value":"false"}}},{"path":{"value":"LabReport.resultGroup.result"},"definition":{"short":{"value":"A particular result"},"formal":{"value":"Specific detailed result, including both the value of the result item, and additional information that may be useful for clinical interpretation. Results include whatever specific data items pathology labs report as part of the clinical service; it is not confined to measurements."},"min":{"value":"1"},"max":{"value":"*"},"mustUnderstand":{"value":"true"}}},{"path":{"value":"LabReport.resultGroup.result.name"},"definition":{"short":{"value":"Name or code of the result"},"formal":{"value":"Identifies the meaning of the value"},"comments":{"value":"results are fundamentally a name - value pair with additional clarifying information"},"min":{"value":"0"},"max":{"value":"1"},"type":[{"code":{"value":"CodeableConcept"}}],"mustUnderstand":{"value":"true"},"binding":{"value":"LabResultNames"}}},{"path":{"value":"LabReport.resultGroup.result.value[x]"},"definition":{"short":{"value":"Result. [x] = type name"},"formal":{"value":"Actual value of the result. Most result values will be numerical measurements, but others may be coded concepts, free text, or multimedia images"},"min":{"value":"0"},"max":{"value":"1"},"type":[{"code":{"value":"Quantity"}},{"code":{"value":"CodeableConcept"}},{"code":{"value":"Attachment"}},{"code":{"value":"Ratio"}},{"code":{"value":"Choice"}},{"code":{"value":"Period"}},{"code":{"value":"string"}}],"mustUnderstand":{"value":"true"}}},{"path":{"value":"LabReport.resultGroup.result.flag"},"definition":{"short":{"value":"+ | ++ | +++ | - | -- | --- "},"formal":{"value":"Flag indicating the abnormal status of the result"},"min":{"value":"0"},"max":{"value":"1"},"type":[{"code":{"value":"code"}}],"mustUnderstand":{"value":"true"},"binding":{"value":"LabResultFlag"}}},{"path":{"value":"LabReport.resultGroup.result.status"},"definition":{"short":{"value":"Registered|Interim|Final|Amended|Cancelled|Withdrawn"},"formal":{"value":"The status of the result value"},"min":{"value":"1"},"max":{"value":"1"},"type":[{"code":{"value":"code"}}],"mustUnderstand":{"value":"true"},"binding":{"value":"LabReportStatus"}}},{"path":{"value":"LabReport.resultGroup.result.comments"},"definition":{"short":{"value":"Comments about result"},"formal":{"value":"May include statements about significant, unexpected or unreliable. values, or information about the source of the value where this may be relevant to the interpretation of the result."},"min":{"value":"0"},"max":{"value":"1"},"type":[{"code":{"value":"string"}}],"mustUnderstand":{"value":"true"}}},{"path":{"value":"LabReport.resultGroup.result.referenceRange"},"definition":{"short":{"value":"Guide for interpretation"},"formal":{"value":"Guidance on how to interpret the value by comparison to a normal or recommended range"},"comments":{"value":"Most results only have one reference range. Some non-numerical results don't have a reference range"},"min":{"value":"0"},"max":{"value":"*"},"mustUnderstand":{"value":"true"}}},{"path":{"value":"LabReport.resultGroup.result.referenceRange.meaning"},"definition":{"short":{"value":"The meaning of this range"},"formal":{"value":"Code for the meaning of the reference range"},"min":{"value":"0"},"max":{"value":"1"},"type":[{"code":{"value":"CodeableConcept"}}],"mustUnderstand":{"value":"false"},"binding":{"value":"LabReferenceRanges"}}},{"path":{"value":"LabReport.resultGroup.result.referenceRange.range[x]"},"definition":{"short":{"value":"Reference"},"formal":{"value":"Actual value of the reference range.  May be a quantity (<20mg/L), an range (10-20 umol/L), or some text"},"comments":{"value":"Text reference ranges are typically used in endocrinology, or for legacy data with string reference ranges"},"min":{"value":"1"},"max":{"value":"1"},"type":[{"code":{"value":"Quantity"}},{"code":{"value":"Range"}},{"code":{"value":"string"}}],"mustUnderstand":{"value":"false"}}},{"path":{"value":"LabReport.conclusion"},"definition":{"short":{"value":"Clinical Interpretation of test results"},"formal":{"value":"Concise and clinically contextualised narrative interpretation of the pathology test results."},"comments":{"value":"common reports don't have a conclusion, but some do"},"min":{"value":"0"},"max":{"value":"1"},"type":[{"code":{"value":"string"}}],"mustUnderstand":{"value":"true"}}},{"path":{"value":"LabReport.codedDiagnosis"},"definition":{"short":{"value":"Codes for the conclusion"},"formal":{"value":"Codes for the conclusion"},"min":{"value":"0"},"max":{"value":"*"},"type":[{"code":{"value":"CodeableConcept"}}],"mustUnderstand":{"value":"false"},"binding":{"value":"LabDiagnosisCodes"}}},{"path":{"value":"LabReport.representation"},"definition":{"short":{"value":"Entire Report as issued"},"formal":{"value":"Rich text representation of the entire result as issued by the diagnostic service. Multiple formats are allowed but they must be semantically equivalent."},"comments":{"value":"Possible formats: text/html, text/plain, text/rtf, application/msword, application/pdf, application/rtf, application/vnd.oasis.opendocument.text, application/vnd.openxmlformats-officedocument.wordprocessingml.document"},"min":{"value":"0"},"max":{"value":"*"},"type":[{"code":{"value":"Attachment"}}],"mustUnderstand":{"value":"true"}}},{"path":{"value":"LabReport.extension"},"definition":{"short":{"value":"See Extensions"},"formal":{"value":"See Extensions"},"min":{"value":"0"},"max":{"value":"*"},"type":[{"code":{"value":"Extension"}}],"mustUnderstand":{"value":"false"}}},{"path":{"value":"LabReport.text"},"definition":{"short":{"value":"Text summary of resource (for human interpretation)"},"formal":{"value":"Text summary of resource (for human interpretation)"},"min":{"value":"1"},"max":{"value":"1"},"type":[{"code":{"value":"Narrative"}}],"mustUnderstand":{"value":"false"}}}]}],"text":{"status":"generated","div":"<div xmlns=\"http://www.w3.org/1999/xhtml\"><pre>\n&lt;<a title=\"The findings and interpretation of pathology tests performed on tissues and body fluids. This is typically done in a laboratory but may be done in other environments such as at the point of care\" class=\"dict\" href=\"labreport-definitions.htm#LabReport\"><b>LabReport</b></a> xmlns=\"http://hl7.org/fhir\"&gt;\n &lt;<a title=\"The status of the pathology test result as a whole (this element must be supported or understood)\" class=\"dict\" href=\"labreport-definitions.htm#LabReport.status\"><span style=\"text-decoration: underline\"><b>status</b></span></a>&gt;<span style=\"color: Gray\">&lt;!--</span><span style=\"color: brown\"><b>1..1</b></span><span style=\"color: darkgreen\"><a href=\"datatypes.htm#code\">code</a></span><span style=\"color: navy\">registered|interim|final|amended|cancelled|withdrawn</span><span style=\"color: Gray\"> --&gt;</span>&lt;/status&gt;\n &lt;<a title=\"The date and/or time that the result was issued from the source for the recorded ‘Test result status (this element must be supported or understood)\" class=\"dict\" href=\"labreport-definitions.htm#LabReport.issued\"><span style=\"text-decoration: underline\"><b>issued</b></span></a>&gt;<span style=\"color: Gray\">&lt;!--</span><span style=\"color: brown\"><b>1..1</b></span><span style=\"color: darkgreen\"><a href=\"datatypes.htm#instant\">instant</a></span><span style=\"color: navy\">date issed for current status</span><span style=\"color: Gray\"> --&gt;</span>&lt;/issued&gt;\n &lt;<a title=\"The patient about who the report is about (this element must be supported or understood)\" class=\"dict\" href=\"labreport-definitions.htm#LabReport.patient\"><span style=\"text-decoration: underline\"><b>patient</b></span></a>&gt;<span style=\"color: Gray\">&lt;!--</span><span style=\"color: brown\"><b>1..1</b></span><span style=\"color: darkgreen\"><a href=\"xml.htm#Resource\">Resource</a>(<a href=\"Patient.htm#Patient\">Patient</a>)</span><span style=\"color: navy\">The patient the report is about</span><span style=\"color: Gray\"> --&gt;</span>&lt;/patient&gt;\n &lt;<a title=\"The admission that this diagnostic investigation is associated with\" class=\"dict\" href=\"labreport-definitions.htm#LabReport.admission\"><b>admission</b></a>&gt;<span style=\"color: Gray\">&lt;!--</span><span style=\"color: brown\"><b>0..1</b></span><span style=\"color: darkgreen\"><a href=\"xml.htm#Resource\">Resource</a>(<a href=\"resources.htm\">Admission</a>)</span><span style=\"color: navy\">Admission Context</span><span style=\"color: Gray\"> --&gt;</span>&lt;/admission&gt;\n &lt;<a title=\"The laboratory service that issued the report\" class=\"dict\" href=\"labreport-definitions.htm#LabReport.laboratory\"><b>laboratory</b></a>&gt;<span style=\"color: Gray\">&lt;!--</span><span style=\"color: brown\"><b>1..1</b></span><span style=\"color: darkgreen\"><a href=\"xml.htm#Resource\">Resource</a>(<a href=\"Organization.htm#Organization\">Organization</a>)</span><span style=\"color: navy\">Responsible Laboratory</span><span style=\"color: Gray\"> --&gt;</span>&lt;/laboratory&gt;\n &lt;<a title=\"The local ID assigned to the report by the order filler, usually by the Laboratory Information System (LIS).\" class=\"dict\" href=\"labreport-definitions.htm#LabReport.reportId\"><b>reportId</b></a>&gt;<span style=\"color: Gray\">&lt;!--</span><span style=\"color: brown\"><b>0..1</b></span><span style=\"color: darkgreen\"><a href=\"datatypes.htm#Identifier\">Identifier</a></span><span style=\"color: navy\">Id for external references to this report</span><span style=\"color: Gray\"> --&gt;</span>&lt;/reportId&gt;\n &lt;<a title=\"Details concerning a single pathology test requested.\" class=\"dict\" href=\"labreport-definitions.htm#LabReport.requestDetail\"><b>requestDetail</b></a>&gt;  <span style=\"color: Gray\">&lt;!-- <span style=\"color: brown\"><b>0..*</b></span> What was requested --&gt;</span>\n  &lt;<a title=\"The local ID assigned to the order by the order requester.\" class=\"dict\" href=\"labreport-definitions.htm#LabReport.requestDetail.requestOrderId\"><b>requestOrderId</b></a>&gt;<span style=\"color: Gray\">&lt;!--</span><span style=\"color: brown\"><b>0..1</b></span><span style=\"color: darkgreen\"><a href=\"datatypes.htm#Identifier\">Identifier</a></span><span style=\"color: navy\">Id assigned by requester</span><span style=\"color: Gray\"> --&gt;</span>&lt;/requestOrderId&gt;\n  &lt;<a title=\"The local ID assigned to the test order by the order filler, usually by the Laboratory Information System (LIS).\" class=\"dict\" href=\"labreport-definitions.htm#LabReport.requestDetail.receiverOrderId\"><b>receiverOrderId</b></a>&gt;<span style=\"color: Gray\">&lt;!--</span><span style=\"color: brown\"><b>0..1</b></span><span style=\"color: darkgreen\"><a href=\"datatypes.htm#Identifier\">Identifier</a></span><span style=\"color: navy\">Receiver's Id for the request</span><span style=\"color: Gray\"> --&gt;</span>&lt;/receiverOrderId&gt;\n  &lt;<a title=\"Identification of pathology test requested,\" class=\"dict\" href=\"labreport-definitions.htm#LabReport.requestDetail.requestTest\"><b>requestTest</b></a>&gt;<span style=\"color: Gray\">&lt;!--</span><span style=\"color: brown\"><b>0..*</b></span><span style=\"color: darkgreen\"><a href=\"datatypes.htm#CodeableConcept\">CodeableConcept</a></span><span style=\"color: navy\">Test Requested</span><span style=\"color: Gray\"> --&gt;</span>&lt;/requestTest&gt;\n  &lt;<a title=\"Details of the clinician or organisation requesting the laboratory test.\" class=\"dict\" href=\"labreport-definitions.htm#LabReport.requestDetail.requester\"><b>requester</b></a>&gt;<span style=\"color: Gray\">&lt;!--</span><span style=\"color: brown\"><b>0..1</b></span><span style=\"color: darkgreen\"><a href=\"xml.htm#Resource\">Resource</a>(<a href=\"Agent.htm#Agent\">Agent</a>|<a href=\"Organization.htm#Organization\">Organization</a>)</span><span style=\"color: navy\">Responsible for request</span><span style=\"color: Gray\"> --&gt;</span>&lt;/requester&gt;\n  &lt;<a title=\"Details of the clinical information provided to the laboratory along with the original request\" class=\"dict\" href=\"labreport-definitions.htm#LabReport.requestDetail.clinicalInfo\"><b>clinicalInfo</b></a>&gt;<span style=\"color: Gray\">&lt;!--</span><span style=\"color: brown\"><b>0..1</b></span><span style=\"color: darkgreen\"><a href=\"xml.htm#Resource\">Resource</a>(<a href=\"resources.htm\">Any</a>)</span><span style=\"color: navy\">Clinical information provided</span><span style=\"color: Gray\"> --&gt;</span>&lt;/clinicalInfo&gt;\n &lt;/requestDetail&gt;\n &lt;<a title=\"Identification of the pathology test performed, sometimes including specimen type. (this element must be supported or understood)\" class=\"dict\" href=\"labreport-definitions.htm#LabReport.reportName\"><span style=\"text-decoration: underline\"><b>reportName</b></span></a>&gt;<span style=\"color: Gray\">&lt;!--</span><span style=\"color: brown\"><b>1..1</b></span><span style=\"color: darkgreen\"><a href=\"datatypes.htm#CodeableConcept\">CodeableConcept</a></span><span style=\"color: navy\">Name for the entire report</span><span style=\"color: Gray\"> --&gt;</span>&lt;/reportName&gt;\n &lt;<a title=\"The diagnostic service that performs the examination e.g. biochemistry, haematology.\" class=\"dict\" href=\"labreport-definitions.htm#LabReport.service\"><b>service</b></a>&gt;<span style=\"color: Gray\">&lt;!--</span><span style=\"color: brown\"><b>0..1</b></span><span style=\"color: darkgreen\"><a href=\"datatypes.htm#CodeableConcept\">CodeableConcept</a></span><span style=\"color: navy\">Biochemistry, Haematology etc</span><span style=\"color: Gray\"> --&gt;</span>&lt;/service&gt;\n &lt;<a title=\"The diagnostically relevant time for this report (this element must be supported or understood)\" class=\"dict\" href=\"labreport-definitions.htm#LabReport.diagnosticTime\"><span style=\"text-decoration: underline\"><b>diagnosticTime</b></span></a>&gt;<span style=\"color: Gray\">&lt;!--</span><span style=\"color: brown\"><b>1..1</b></span><span style=\"color: darkgreen\"><a href=\"datatypes.htm#dateTime\">dateTime</a></span><span style=\"color: navy\">Effective time of diagnostic report</span><span style=\"color: Gray\"> --&gt;</span>&lt;/diagnosticTime&gt;\n &lt;<a title=\"Details about the specimen if all individual test results are derived from the same specimen\" class=\"dict\" href=\"labreport-definitions.htm#LabReport.specimen\"><b>specimen</b></a>&gt;<span style=\"color: Gray\">&lt;!--</span><span style=\"color: brown\"><b>0..*</b></span><span style=\"color: darkgreen\"><a href=\"xml.htm#Resource\">Resource</a>(<a href=\"resources.htm\">Specimen</a>)</span><span style=\"color: navy\">Specimen (incl. time of collection)</span><span style=\"color: Gray\"> --&gt;</span>&lt;/specimen&gt;\n &lt;<a title=\"A group of results. Results may be grouped by specimen, or by some value in LabReport.resultGroup.name to describe what binds all the results together. (this element must be supported or understood)\" class=\"dict\" href=\"labreport-definitions.htm#LabReport.resultGroup\"><span style=\"text-decoration: underline\"><b>resultGroup</b></span></a>&gt;  <span style=\"color: Gray\">&lt;!-- <span style=\"color: brown\"><b>0..*</b></span> Results grouped by specimen/kind/category --&gt;</span>\n  &lt;<a title=\"A code or name that describes the group of results (this element must be supported or understood)\" class=\"dict\" href=\"labreport-definitions.htm#LabReport.resultGroup.name\"><span style=\"text-decoration: underline\"><b>name</b></span></a>&gt;<span style=\"color: Gray\">&lt;!--</span><span style=\"color: brown\"><b>0..1</b></span><span style=\"color: darkgreen\"><a href=\"datatypes.htm#CodeableConcept\">CodeableConcept</a></span><span style=\"color: navy\">What defines the group</span><span style=\"color: Gray\"> --&gt;</span>&lt;/name&gt;\n  &lt;<a title=\"Details about the individual specimen to which these ‘Result group’ test results refer, where testing of multiple specimens is required.\" class=\"dict\" href=\"labreport-definitions.htm#LabReport.resultGroup.specimen\"><b>specimen</b></a>&gt;<span style=\"color: Gray\">&lt;!--</span><span style=\"color: brown\"><b>0..1</b></span><span style=\"color: darkgreen\"><a href=\"xml.htm#Resource\">Resource</a>(<a href=\"resources.htm\">Specimen</a>)</span><span style=\"color: navy\">Specimen details</span><span style=\"color: Gray\"> --&gt;</span>&lt;/specimen&gt;\n  &lt;<a title=\"Specific detailed result, including both the value of the result item, and additional information that may be useful for clinical interpretation. Results include whatever specific data items pathology labs report as part of the clinical service; it is not confined to measurements. (this element must be supported or understood)\" class=\"dict\" href=\"labreport-definitions.htm#LabReport.resultGroup.result\"><span style=\"text-decoration: underline\"><b>result</b></span></a>&gt;  <span style=\"color: Gray\">&lt;!-- <span style=\"color: brown\"><b>1..*</b></span> A particular result --&gt;</span>\n   &lt;<a title=\"Identifies the meaning of the value (this element must be supported or understood)\" class=\"dict\" href=\"labreport-definitions.htm#LabReport.resultGroup.result.name\"><span style=\"text-decoration: underline\"><b>name</b></span></a>&gt;<span style=\"color: Gray\">&lt;!--</span><span style=\"color: brown\"><b>0..1</b></span><span style=\"color: darkgreen\"><a href=\"datatypes.htm#CodeableConcept\">CodeableConcept</a></span><span style=\"color: navy\">Name or code of the result</span><span style=\"color: Gray\"> --&gt;</span>&lt;/name&gt;\n   &lt;<a title=\"Actual value of the result. Most result values will be numerical measurements, but others may be coded concepts, free text, or multimedia images (this element must be supported or understood)\" class=\"dict\" href=\"labreport-definitions.htm#LabReport.resultGroup.result.value[x]\"><span style=\"text-decoration: underline\"><b>value[x]</b></span></a>&gt;<span style=\"color: Gray\">&lt;!--</span><span style=\"color: brown\"><b>0..1</b></span><span style=\"color: darkgreen\"><a href=\"datatypes.htm#Quantity\">Quantity</a>|<a href=\"datatypes.htm#CodeableConcept\">CodeableConcept</a>|<a href=\"datatypes.htm#Attachment\">Attachment</a>|\n              <a href=\"datatypes.htm#Ratio\">Ratio</a>|<a href=\"datatypes.htm#Choice\">Choice</a>|<a href=\"datatypes.htm#Period\">Period</a>|<a href=\"datatypes.htm#string\">string</a></span><span style=\"color: navy\">Result. [x] = type name</span><span style=\"color: Gray\"> --&gt;</span>&lt;/value[x]&gt;\n   &lt;<a title=\"Flag indicating the abnormal status of the result (this element must be supported or understood)\" class=\"dict\" href=\"labreport-definitions.htm#LabReport.resultGroup.result.flag\"><span style=\"text-decoration: underline\"><b>flag</b></span></a>&gt;<span style=\"color: Gray\">&lt;!--</span><span style=\"color: brown\"><b>0..1</b></span><span style=\"color: darkgreen\"><a href=\"datatypes.htm#code\">code</a></span><span style=\"color: navy\">+ | ++ | +++ | - | -- | --- </span><span style=\"color: Gray\"> --&gt;</span>&lt;/flag&gt;\n   &lt;<a title=\"The status of the result value (this element must be supported or understood)\" class=\"dict\" href=\"labreport-definitions.htm#LabReport.resultGroup.result.status\"><span style=\"text-decoration: underline\"><b>status</b></span></a>&gt;<span style=\"color: Gray\">&lt;!--</span><span style=\"color: brown\"><b>1..1</b></span><span style=\"color: darkgreen\"><a href=\"datatypes.htm#code\">code</a></span><span style=\"color: navy\">Registered|Interim|Final|Amended|Cancelled|Withdrawn</span><span style=\"color: Gray\"> --&gt;</span>&lt;/status&gt;\n   &lt;<a title=\"May include statements about significant, unexpected or unreliable. values, or information about the source of the value where this may be relevant to the interpretation of the result. (this element must be supported or understood)\" class=\"dict\" href=\"labreport-definitions.htm#LabReport.resultGroup.result.comments\"><span style=\"text-decoration: underline\"><b>comments</b></span></a>&gt;<span style=\"color: Gray\">&lt;!--</span><span style=\"color: brown\"><b>0..1</b></span><span style=\"color: darkgreen\"><a href=\"datatypes.htm#string\">string</a></span><span style=\"color: navy\">Comments about result</span><span style=\"color: Gray\"> --&gt;</span>&lt;/comments&gt;\n   &lt;<a title=\"Guidance on how to interpret the value by comparison to a normal or recommended range (this element must be supported or understood)\" class=\"dict\" href=\"labreport-definitions.htm#LabReport.resultGroup.result.referenceRange\"><span style=\"text-decoration: underline\"><b>referenceRange</b></span></a>&gt;  <span style=\"color: Gray\">&lt;!-- <span style=\"color: brown\"><b>0..*</b></span> Guide for interpretation --&gt;</span>\n    &lt;<a title=\"Code for the meaning of the reference range\" class=\"dict\" href=\"labreport-definitions.htm#LabReport.resultGroup.result.referenceRange.meaning\"><b>meaning</b></a>&gt;<span style=\"color: Gray\">&lt;!--</span><span style=\"color: brown\"><b>0..1</b></span><span style=\"color: darkgreen\"><a href=\"datatypes.htm#CodeableConcept\">CodeableConcept</a></span><span style=\"color: navy\">The meaning of this range</span><span style=\"color: Gray\"> --&gt;</span>&lt;/meaning&gt;\n    &lt;<a title=\"Actual value of the reference range.  May be a quantity (&lt;20mg/L), an range (10-20 umol/L), or some text\" class=\"dict\" href=\"labreport-definitions.htm#LabReport.resultGroup.result.referenceRange.range[x]\"><b>range[x]</b></a>&gt;<span style=\"color: Gray\">&lt;!--</span><span style=\"color: brown\"><b>1..1</b></span><span style=\"color: darkgreen\"><a href=\"datatypes.htm#Quantity\">Quantity</a>|<a href=\"datatypes.htm#Range\">Range</a>|<a href=\"datatypes.htm#string\">string</a></span><span style=\"color: navy\">Reference</span><span style=\"color: Gray\"> --&gt;</span>&lt;/range[x]&gt;\n   &lt;/referenceRange&gt;\n  &lt;/result&gt;\n &lt;/resultGroup&gt;\n &lt;<a title=\"Concise and clinically contextualised narrative interpretation of the pathology test results. (this element must be supported or understood)\" class=\"dict\" href=\"labreport-definitions.htm#LabReport.conclusion\"><span style=\"text-decoration: underline\"><b>conclusion</b></span></a>&gt;<span style=\"color: Gray\">&lt;!--</span><span style=\"color: brown\"><b>0..1</b></span><span style=\"color: darkgreen\"><a href=\"datatypes.htm#string\">string</a></span><span style=\"color: navy\">Clinical Interpretation of test results</span><span style=\"color: Gray\"> --&gt;</span>&lt;/conclusion&gt;\n &lt;<a title=\"Codes for the conclusion\" class=\"dict\" href=\"labreport-definitions.htm#LabReport.codedDiagnosis\"><b>codedDiagnosis</b></a>&gt;<span style=\"color: Gray\">&lt;!--</span><span style=\"color: brown\"><b>0..*</b></span><span style=\"color: darkgreen\"><a href=\"datatypes.htm#CodeableConcept\">CodeableConcept</a></span><span style=\"color: navy\">Codes for the conclusion</span><span style=\"color: Gray\"> --&gt;</span>&lt;/codedDiagnosis&gt;\n &lt;<a title=\"Rich text representation of the entire result as issued by the diagnostic service. Multiple formats are allowed but they must be semantically equivalent. (this element must be supported or understood)\" class=\"dict\" href=\"labreport-definitions.htm#LabReport.representation\"><span style=\"text-decoration: underline\"><b>representation</b></span></a>&gt;<span style=\"color: Gray\">&lt;!--</span><span style=\"color: brown\"><b>0..*</b></span><span style=\"color: darkgreen\"><a href=\"datatypes.htm#Attachment\">Attachment</a></span><span style=\"color: navy\">Entire Report as issued</span><span style=\"color: Gray\"> --&gt;</span>&lt;/representation&gt;\n &lt;<a title=\"See Extensions\" class=\"dict\" href=\"labreport-definitions.htm#LabReport.extension\"><b>extension</b></a>&gt;<span style=\"color: Gray\">&lt;!--</span><span style=\"color: brown\"><b>0..*</b></span><span style=\"color: darkgreen\"><a href=\"extensibility.htm#Extension\">Extension</a></span><a href=\"extensibility.htm\"><span style=\"color: navy\">See Extensions</span></a><span style=\"color: Gray\"> --&gt;</span>&lt;/extension&gt;\n &lt;<a title=\"Text summary of resource (for human interpretation)\" class=\"dict\" href=\"labreport-definitions.htm#LabReport.text\"><b>text</b></a>&gt;<span style=\"color: Gray\">&lt;!--</span><span style=\"color: brown\"><b>1..1</b></span><span style=\"color: darkgreen\"><a href=\"xml.htm#Narrative\">Narrative</a></span><span style=\"color: navy\">Text summary of resource (for human interpretation)</span><span style=\"color: Gray\"> --&gt;</span>&lt;/text&gt;\n&lt;/LabReport&gt;\n</pre></div>"}}}