{"Profile":{"name":{"value":"list"},"author":{"name":{"value":"todo (committee)"}},"description":{"value":"Basic Profile. A set of information summarized from a list of other resources"},"status":{"code":{"value":"testing"},"date":{"value":"2012-12-04"}},"resource":[{"type":{"value":"Resource"},"element":[{"path":{"value":"List"},"definition":{"short":{"value":"Information summarized from a list of other resources"},"formal":{"value":"A set of information summarized from a list of other resources"},"min":{"value":"1"},"max":{"value":"1"},"type":[{"code":{"value":"Resource"}}],"mustUnderstand":{"value":"false"}}},{"path":{"value":"List.code"},"definition":{"short":{"value":"What the purpose of this list is"},"formal":{"value":"This code defines the purpose of the list - why it was created"},"comments":{"value":"If there is no code, the purpose of the list is implied where it is used, such as in a document section using Document.section.code"},"min":{"value":"0"},"max":{"value":"1"},"type":[{"code":{"value":"CodeableConcept"}}],"mustUnderstand":{"value":"false"},"binding":{"value":"ListCode"}}},{"path":{"value":"List.source"},"definition":{"short":{"value":"Source of the list"},"formal":{"value":"The entity responsible for deciding what the contents of the list were"},"comments":{"value":"The primary and important source is the entity that made the decisions what items are in the list. This may be software or user"},"min":{"value":"0"},"max":{"value":"1"},"type":[{"code":{"value":"Resource(Person|Agent|Device)"}}],"mustUnderstand":{"value":"false"}}},{"path":{"value":"List.date"},"definition":{"short":{"value":"When the list was prepared"},"formal":{"value":"The date that the list was prepared"},"comments":{"value":"The actual important date is the date of currency of the resources that were summarized, but it is usually assumed that these are current when the preparation occurs"},"min":{"value":"0"},"max":{"value":"1"},"type":[{"code":{"value":"dateTime"}}],"mustUnderstand":{"value":"false"}}},{"path":{"value":"List.ordered"},"definition":{"short":{"value":"Whether list is ordered or not"},"formal":{"value":"Whether the list is ordered or not"},"comments":{"value":"Applications SHOULD render ordered lists in the order provided, but MAY allow users to re-order based on their own preferences as well"},"min":{"value":"0"},"max":{"value":"1"},"type":[{"code":{"value":"boolean"}}],"mustUnderstand":{"value":"false"}}},{"path":{"value":"List.entry"},"definition":{"short":{"value":"Entries in the list"},"formal":{"value":"Entries in this list"},"comments":{"value":"If there are no entries in the list, an emptyReason SHOULD be provided"},"min":{"value":"0"},"max":{"value":"*"},"mustUnderstand":{"value":"false"}}},{"path":{"value":"List.entry.status"},"definition":{"short":{"value":"added | retained | updated| deleted"},"formal":{"value":"Status of an entry in this list."},"comments":{"value":"If no status is provided, it must be known that the status of deleted does not apply. A deleted entry should be displayed in narrative as deleted"},"min":{"value":"0"},"max":{"value":"1"},"type":[{"code":{"value":"code"}}],"mustUnderstand":{"value":"true"},"binding":{"value":"ListEntryStatus"}}},{"path":{"value":"List.entry.item"},"definition":{"short":{"value":"Actual entry"},"formal":{"value":"A reference to the actual resource from which data was derived"},"min":{"value":"1"},"max":{"value":"1"},"type":[{"code":{"value":"Resource(Any)"}}],"mustUnderstand":{"value":"true"}}},{"path":{"value":"List.emptyReason"},"definition":{"short":{"value":"Why list is empty"},"formal":{"value":"If the list is empty, why the list is empty"},"comments":{"value":"The various reasons for an empty list make a significant interpretation to its interpretation"},"min":{"value":"0"},"max":{"value":"1"},"type":[{"code":{"value":"CodeableConcept"}}],"mustUnderstand":{"value":"false"},"binding":{"value":"ListEmptyReason"}}},{"path":{"value":"List.extension"},"definition":{"short":{"value":"See Extensions"},"formal":{"value":"See Extensions"},"min":{"value":"0"},"max":{"value":"*"},"type":[{"code":{"value":"Extension"}}],"mustUnderstand":{"value":"false"}}},{"path":{"value":"List.text"},"definition":{"short":{"value":"Text summary of resource (for human interpretation)"},"formal":{"value":"Text summary of resource (for human interpretation)"},"min":{"value":"1"},"max":{"value":"1"},"type":[{"code":{"value":"Narrative"}}],"mustUnderstand":{"value":"false"}}}]}],"text":{"status":"generated","div":"<div xmlns=\"http://www.w3.org/1999/xhtml\"><pre>\n&lt;<a title=\"A set of information summarized from a list of other resources\" class=\"dict\" href=\"list-definitions.htm#List\"><b>List</b></a> xmlns=\"http://hl7.org/fhir\"&gt;\n &lt;<a title=\"This code defines the purpose of the list - why it was created\" class=\"dict\" href=\"list-definitions.htm#List.code\"><b>code</b></a>&gt;<span style=\"color: Gray\">&lt;!--</span><span style=\"color: brown\"><b>0..1</b></span><span style=\"color: darkgreen\"><a href=\"datatypes.htm#CodeableConcept\">CodeableConcept</a></span><span style=\"color: navy\">What the purpose of this list is</span><span style=\"color: Gray\"> --&gt;</span>&lt;/code&gt;\n &lt;<a title=\"The entity responsible for deciding what the contents of the list were\" class=\"dict\" href=\"list-definitions.htm#List.source\"><b>source</b></a>&gt;<span style=\"color: Gray\">&lt;!--</span><span style=\"color: brown\"><b>0..1</b></span><span style=\"color: darkgreen\"><a href=\"xml.htm#Resource\">Resource</a>(<a href=\"Person.htm#Person\">Person</a>|<a href=\"Agent.htm#Agent\">Agent</a>|<a href=\"Device.htm#Device\">Device</a>)</span><span style=\"color: navy\">Source of the list</span><span style=\"color: Gray\"> --&gt;</span>&lt;/source&gt;\n &lt;<a title=\"The date that the list was prepared\" class=\"dict\" href=\"list-definitions.htm#List.date\"><b>date</b></a>&gt;<span style=\"color: Gray\">&lt;!--</span><span style=\"color: brown\"><b>0..1</b></span><span style=\"color: darkgreen\"><a href=\"datatypes.htm#dateTime\">dateTime</a></span><span style=\"color: navy\">When the list was prepared</span><span style=\"color: Gray\"> --&gt;</span>&lt;/date&gt;\n &lt;<a title=\"Whether the list is ordered or not\" class=\"dict\" href=\"list-definitions.htm#List.ordered\"><b>ordered</b></a>&gt;<span style=\"color: Gray\">&lt;!--</span><span style=\"color: brown\"><b>0..1</b></span><span style=\"color: darkgreen\"><a href=\"datatypes.htm#boolean\">boolean</a></span><span style=\"color: navy\">Whether list is ordered or not</span><span style=\"color: Gray\"> --&gt;</span>&lt;/ordered&gt;\n &lt;<a title=\"Entries in this list\" class=\"dict\" href=\"list-definitions.htm#List.entry\"><b>entry</b></a>&gt;  <span style=\"color: Gray\">&lt;!-- <span title=\"A list can only have an emptyReason if it is empty\" style=\"color: deeppink\"><b>0..*</b></span> Entries in the list --&gt;</span>\n  &lt;<a title=\"Status of an entry in this list. (this element must be supported or understood)\" class=\"dict\" href=\"list-definitions.htm#List.entry.status\"><span style=\"text-decoration: underline\"><b>status</b></span></a>&gt;<span style=\"color: Gray\">&lt;!--</span><span style=\"color: brown\"><b>0..1</b></span><span style=\"color: darkgreen\"><a href=\"datatypes.htm#code\">code</a></span><span style=\"color: navy\">added | retained | updated| deleted</span><span style=\"color: Gray\"> --&gt;</span>&lt;/status&gt;\n  &lt;<a title=\"A reference to the actual resource from which data was derived (this element must be supported or understood)\" class=\"dict\" href=\"list-definitions.htm#List.entry.item\"><span style=\"text-decoration: underline\"><b>item</b></span></a>&gt;<span style=\"color: Gray\">&lt;!--</span><span style=\"color: brown\"><b>1..1</b></span><span style=\"color: darkgreen\"><a href=\"xml.htm#Resource\">Resource</a>(<a href=\"resources.htm\">Any</a>)</span><span style=\"color: navy\">Actual entry</span><span style=\"color: Gray\"> --&gt;</span>&lt;/item&gt;\n &lt;/entry&gt;\n &lt;<a title=\"If the list is empty, why the list is empty\" class=\"dict\" href=\"list-definitions.htm#List.emptyReason\"><b>emptyReason</b></a>&gt;<span style=\"color: Gray\">&lt;!--</span><span title=\"A list can only have an emptyReason if it is empty\" style=\"color: deeppink\"><b>0..1</b></span><span style=\"color: darkgreen\"><a href=\"datatypes.htm#CodeableConcept\">CodeableConcept</a></span><span style=\"color: navy\">Why list is empty</span><span style=\"color: Gray\"> --&gt;</span>&lt;/emptyReason&gt;\n &lt;<a title=\"See Extensions\" class=\"dict\" href=\"list-definitions.htm#List.extension\"><b>extension</b></a>&gt;<span style=\"color: Gray\">&lt;!--</span><span style=\"color: brown\"><b>0..*</b></span><span style=\"color: darkgreen\"><a href=\"extensibility.htm#Extension\">Extension</a></span><a href=\"extensibility.htm\"><span style=\"color: navy\">See Extensions</span></a><span style=\"color: Gray\"> --&gt;</span>&lt;/extension&gt;\n &lt;<a title=\"Text summary of resource (for human interpretation)\" class=\"dict\" href=\"list-definitions.htm#List.text\"><b>text</b></a>&gt;<span style=\"color: Gray\">&lt;!--</span><span style=\"color: brown\"><b>1..1</b></span><span style=\"color: darkgreen\"><a href=\"xml.htm#Narrative\">Narrative</a></span><span style=\"color: navy\">Text summary of resource (for human interpretation)</span><span style=\"color: Gray\"> --&gt;</span>&lt;/text&gt;\n&lt;/List&gt;\n</pre></div>"}}}