{"List":{"code":{"coding":[{"system":"http://snomed.info/","code":"182836005","display":"Review of medication"}],"text":"Medication Review"},"source":{"type":"Person","id":"grahame"},"date":{"value":"2012-11-26T07:30:23+11:00"},"emptyReason":{"coding":[{"system":"http://hl7.org/fhir/special-values","code":"nil known","display":"The are no known applicable values in this context"}],"text":"The patient is not on any medications"},"text":{"status":"generated","div":"<div xmlns=\"http://www.w3.org/1999/xhtml\"><p>The patient is not on any medications</p></div>"}}}