{"List":{"source":{"type":"Person","id":"grahame"},"date":{"value":"2012-11-25T22:17:00+11:00"},"entry":[{"status":{"value":"deleted"},"item":{"type":"Problem","id":"example"}},{"status":{"value":"added"},"item":{"type":"Problem","id":"example2"}}],"text":{"status":"generated","div":"<div xmlns=\"http://www.w3.org/1999/xhtml\"><table><thead><tr><th>Problem</th><th>Severity</th><th>Date</th><th>Location</th><th>Status</th></tr></thead><tbody><tr><td>Burnt Ear</td><td>Severe</td><td>24-May 2012</td><td>Left Ear</td><td>deleted</td></tr><tr><td>Asthma</td><td>Mild</td><td>21-Nov 2012</td><td>--</td><td>added</td></tr></tbody></table></div>"}}}