{"Profile":{"name":{"value":"medicationadministration"},"author":{"name":{"value":"todo (committee)"}},"description":{"value":"Basic Profile. Describes the event of a patient being given a dose of a medication.  This may be as simple as swallowing a tablet or it may be a long running infusion.\n\nRelated resources tie this event to the authorizing prescription, and the specific encounter between patient and health care provider"},"status":{"code":{"value":"testing"},"date":{"value":"2012-12-04"}},"resource":[{"type":{"value":"Resource"},"element":[{"path":{"value":"MedicationAdministration"},"definition":{"short":{"value":"Administration of medication to a patient"},"formal":{"value":"Describes the event of a patient being given a dose of a medication.  This may be as simple as swallowing a tablet or it may be a long running infusion.\n\nRelated resources tie this event to the authorizing prescription, and the specific encounter between patient and health care provider"},"min":{"value":"1"},"max":{"value":"1"},"type":[{"code":{"value":"Resource"}}],"mustUnderstand":{"value":"false"}}},{"path":{"value":"MedicationAdministration.administrationEventStatus"},"definition":{"short":{"value":"Administration event status"},"formal":{"value":"Will generally be set to show that the administration has been completed.  For some long running administrations such as infusions it is possible for an administration to be started but not completed or it may be paused while some other process is under way."},"min":{"value":"1"},"max":{"value":"1"},"type":[{"code":{"value":"code"}}],"mustUnderstand":{"value":"false"},"binding":{"value":"MedicationAdministrationStatus"}}},{"path":{"value":"MedicationAdministration.isNegated"},"definition":{"short":{"value":"Is event negated"},"formal":{"value":"Set this to true if the record is saying that the medication was NOT administered."},"min":{"value":"0"},"max":{"value":"1"},"type":[{"code":{"value":"boolean"}}],"mustUnderstand":{"value":"false"}}},{"path":{"value":"MedicationAdministration.negatedReason"},"definition":{"short":{"value":"Reason event is negated"},"formal":{"value":"A code indicating why the administration has been negated.\n\nUse only if isNegated is set to TRUE"},"min":{"value":"0"},"max":{"value":"*"},"type":[{"code":{"value":"CodeableConcept"}}],"mustUnderstand":{"value":"false"},"binding":{"value":"MedicationAdministrationNegationReason"}}},{"path":{"value":"MedicationAdministration.effectiveTime"},"definition":{"short":{"value":"Effective time"},"formal":{"value":"An interval of time during which the administration takes place.  For many administrations, such as swallowing a tablet the lower and upper values of the interval will be the same."},"min":{"value":"1"},"max":{"value":"1"},"type":[{"code":{"value":"Period"}}],"mustUnderstand":{"value":"false"}}},{"path":{"value":"MedicationAdministration.method"},"definition":{"short":{"value":"Administration method"},"formal":{"value":"A coded value indicating the method by which the medication is introduced into or onto the body. Most commonly used for injections.  Examples:  Slow Push; Deep IV.\n\nTerminologies used often pre-coordinate this term with the route and or form of administration."},"min":{"value":"0"},"max":{"value":"1"},"type":[{"code":{"value":"CodeableConcept"}}],"mustUnderstand":{"value":"false"},"binding":{"value":"MedicationAdministrationMethod"}}},{"path":{"value":"MedicationAdministration.approachSite"},"definition":{"short":{"value":"Approach site"},"formal":{"value":"A coded value indicating the location on the body where the medication is introduced into or onto the body.   Where the code system indicates laterality by means of a separate coded concept this must be post-coordinated with the code indicating the location."},"min":{"value":"0"},"max":{"value":"1"},"type":[{"code":{"value":"CodeableConcept"}}],"mustUnderstand":{"value":"false"},"binding":{"value":"MedicationAdministrationSite"}}},{"path":{"value":"MedicationAdministration.route"},"definition":{"short":{"value":"Route of administration"},"formal":{"value":"A coded value indicating the path in or on the body by which the medication is introduced into or onto the body.  Where the code system indicates laterality by means of a separate coded concept this must be post-coordinated with the code indicating the route."},"min":{"value":"0"},"max":{"value":"1"},"type":[{"code":{"value":"CodeableConcept"}}],"mustUnderstand":{"value":"false"},"binding":{"value":"RouteOfAdministration"}}},{"path":{"value":"MedicationAdministration.administeredDose"},"definition":{"short":{"value":"Administered dose"},"formal":{"value":"The amount of a medication administered to the patient as a single amount."},"comments":{"value":"(??Need to check work for Puffs.)"},"min":{"value":"0"},"max":{"value":"1"},"type":[{"code":{"value":"Quantity"}}],"mustUnderstand":{"value":"false"}}},{"path":{"value":"MedicationAdministration.doseRate"},"definition":{"short":{"value":"Dose rate"},"formal":{"value":"The amount of a medication administered to the patient over a period of time.\n\nExample 250ml/30min"},"comments":{"value":"(??Need to check work for Puffs.)"},"min":{"value":"0"},"max":{"value":"1"},"type":[{"code":{"value":"Quantity"}}],"mustUnderstand":{"value":"false"}}},{"path":{"value":"MedicationAdministration.id"},"definition":{"short":{"value":"id"},"formal":{"value":"External identifier - FHIR will generate its own internal IDs (probably URLs) which do not need to be explicitly managed by the resource.  The identifier here is one that would be used by another non-FHIR system - for example an automated medication pump would provide a record each time it operated; an administration while the patient was off the ward might be made with a different system and entered after the event.  Particularly important if these records have to be updated."},"min":{"value":"0"},"max":{"value":"*"},"type":[{"code":{"value":"HumanId"}}],"mustUnderstand":{"value":"false"}}},{"path":{"value":"MedicationAdministration.prescription"},"definition":{"short":{"value":"Prescription"},"formal":{"value":"A link to a resource that provides the original request, instruction and authority to perform the administration."},"min":{"value":"1"},"max":{"value":"1"},"type":[{"code":{"value":"Resource(Prescription)"}}],"mustUnderstand":{"value":"false"}}},{"path":{"value":"MedicationAdministration.patient"},"definition":{"short":{"value":"Patient"},"formal":{"value":"A link to a resource representing the person to whom the medication was given."},"min":{"value":"1"},"max":{"value":"1"},"type":[{"code":{"value":"Resource(Patient)"}}],"mustUnderstand":{"value":"false"}}},{"path":{"value":"MedicationAdministration.medication"},"definition":{"short":{"value":"Medication"},"formal":{"value":"This is either a link to a resource representing the details of the medication or a simple attribute carrying a code that identifies the medication from a known list of medications."},"min":{"value":"1"},"max":{"value":"*"},"type":[{"code":{"value":"CodeableConcept"}}],"mustUnderstand":{"value":"false"},"binding":{"value":"AMedicinesTerminology"}}},{"path":{"value":"MedicationAdministration.encounter"},"definition":{"short":{"value":"Encounter"},"formal":{"value":"An identifier or a link to a resource that identifies the particular occurrence of contact between patient and health care provider."},"min":{"value":"0"},"max":{"value":"1"},"type":[{"code":{"value":"HumanId"}}],"mustUnderstand":{"value":"false"}}},{"path":{"value":"MedicationAdministration.administrationDevice"},"definition":{"short":{"value":"Administration device"},"formal":{"value":"An identifier or a link to a resource that identifies a device used in administering the medication to the patient."},"min":{"value":"0"},"max":{"value":"*"},"type":[{"code":{"value":"Resource(Device)"}}],"mustUnderstand":{"value":"false"}}},{"path":{"value":"MedicationAdministration.text"},"definition":{"short":{"value":"Text summary of resource (for human interpretation)"},"formal":{"value":"Text summary of resource (for human interpretation)"},"min":{"value":"1"},"max":{"value":"1"},"type":[{"code":{"value":"Narrative"}}],"mustUnderstand":{"value":"false"}}},{"path":{"value":"MedicationAdministration.extension"},"definition":{"short":{"value":"Extensions to the MedicationAdministration resource"},"formal":{"value":"Extensions to the MedicationAdministration resource"},"min":{"value":"0"},"max":{"value":"*"},"type":[{"code":{"value":"Extension"}}],"mustUnderstand":{"value":"false"}}}]}],"text":{"status":"generated","div":"<div xmlns=\"http://www.w3.org/1999/xhtml\"><pre>\n&lt;<a title=\"Describes the event of a patient being given a dose of a medication.  This may be as simple as swallowing a tablet or it may be a long running infusion.  Related resources tie this event to the authorizing prescription, and the specific encounter between patient and health care provider\" class=\"dict\" href=\"medicationadministration-definitions.htm#MedicationAdministration\"><b>MedicationAdministration</b></a> xmlns=\"http://hl7.org/fhir\"&gt;\n &lt;<a title=\"Will generally be set to show that the administration has been completed.  For some long running administrations such as infusions it is possible for an administration to be started but not completed or it may be paused while some other process is under way.\" class=\"dict\" href=\"medicationadministration-definitions.htm#MedicationAdministration.administrationEventStatus\"><b>administrationEventStatus</b></a>&gt;<span style=\"color: Gray\">&lt;!--</span><span style=\"color: brown\"><b>1..1</b></span><span style=\"color: darkgreen\"><a href=\"datatypes.htm#code\">code</a></span><span style=\"color: navy\">Administration event status</span><span style=\"color: Gray\"> --&gt;</span>&lt;/administrationEventStatus&gt;\n &lt;<a title=\"Set this to true if the record is saying that the medication was NOT administered.\" class=\"dict\" href=\"medicationadministration-definitions.htm#MedicationAdministration.isNegated\"><b>isNegated</b></a>&gt;<span style=\"color: Gray\">&lt;!--</span><span style=\"color: brown\"><b>0..1</b></span><span style=\"color: darkgreen\"><a href=\"datatypes.htm#boolean\">boolean</a></span><span style=\"color: navy\">Is event negated</span><span style=\"color: Gray\"> --&gt;</span>&lt;/isNegated&gt;\n &lt;<a title=\"A code indicating why the administration has been negated.  Use only if isNegated is set to TRUE\" class=\"dict\" href=\"medicationadministration-definitions.htm#MedicationAdministration.negatedReason\"><b>negatedReason</b></a>&gt;<span style=\"color: Gray\">&lt;!--</span><span style=\"color: brown\"><b>0..*</b></span><span style=\"color: darkgreen\"><a href=\"datatypes.htm#CodeableConcept\">CodeableConcept</a></span><span style=\"color: navy\">Reason event is negated</span><span style=\"color: Gray\"> --&gt;</span>&lt;/negatedReason&gt;\n &lt;<a title=\"An interval of time during which the administration takes place.  For many administrations, such as swallowing a tablet the lower and upper values of the interval will be the same.\" class=\"dict\" href=\"medicationadministration-definitions.htm#MedicationAdministration.effectiveTime\"><b>effectiveTime</b></a>&gt;<span style=\"color: Gray\">&lt;!--</span><span style=\"color: brown\"><b>1..1</b></span><span style=\"color: darkgreen\"><a href=\"datatypes.htm#Period\">Period</a></span><span style=\"color: navy\">Effective time</span><span style=\"color: Gray\"> --&gt;</span>&lt;/effectiveTime&gt;\n &lt;<a title=\"A coded value indicating the method by which the medication is introduced into or onto the body. Most commonly used for injections.  Examples:  Slow Push; Deep IV.  Terminologies used often pre-coordinate this term with the route and or form of administration.\" class=\"dict\" href=\"medicationadministration-definitions.htm#MedicationAdministration.method\"><b>method</b></a>&gt;<span style=\"color: Gray\">&lt;!--</span><span style=\"color: brown\"><b>0..1</b></span><span style=\"color: darkgreen\"><a href=\"datatypes.htm#CodeableConcept\">CodeableConcept</a></span><span style=\"color: navy\">Administration method</span><span style=\"color: Gray\"> --&gt;</span>&lt;/method&gt;\n &lt;<a title=\"A coded value indicating the location on the body where the medication is introduced into or onto the body.   Where the code system indicates laterality by means of a separate coded concept this must be post-coordinated with the code indicating the location.\" class=\"dict\" href=\"medicationadministration-definitions.htm#MedicationAdministration.approachSite\"><b>approachSite</b></a>&gt;<span style=\"color: Gray\">&lt;!--</span><span style=\"color: brown\"><b>0..1</b></span><span style=\"color: darkgreen\"><a href=\"datatypes.htm#CodeableConcept\">CodeableConcept</a></span><span style=\"color: navy\">Approach site</span><span style=\"color: Gray\"> --&gt;</span>&lt;/approachSite&gt;\n &lt;<a title=\"A coded value indicating the path in or on the body by which the medication is introduced into or onto the body.  Where the code system indicates laterality by means of a separate coded concept this must be post-coordinated with the code indicating the route.\" class=\"dict\" href=\"medicationadministration-definitions.htm#MedicationAdministration.route\"><b>route</b></a>&gt;<span style=\"color: Gray\">&lt;!--</span><span style=\"color: brown\"><b>0..1</b></span><span style=\"color: darkgreen\"><a href=\"datatypes.htm#CodeableConcept\">CodeableConcept</a></span><span style=\"color: navy\">Route of administration</span><span style=\"color: Gray\"> --&gt;</span>&lt;/route&gt;\n &lt;<a title=\"The amount of a medication administered to the patient as a single amount.\" class=\"dict\" href=\"medicationadministration-definitions.htm#MedicationAdministration.administeredDose\"><b>administeredDose</b></a>&gt;<span style=\"color: Gray\">&lt;!--</span><span style=\"color: brown\"><b>0..1</b></span><span style=\"color: darkgreen\"><a href=\"datatypes.htm#Quantity\">Quantity</a></span><span style=\"color: navy\">Administered dose</span><span style=\"color: Gray\"> --&gt;</span>&lt;/administeredDose&gt;\n &lt;<a title=\"The amount of a medication administered to the patient over a period of time.  Example 250ml/30min\" class=\"dict\" href=\"medicationadministration-definitions.htm#MedicationAdministration.doseRate\"><b>doseRate</b></a>&gt;<span style=\"color: Gray\">&lt;!--</span><span style=\"color: brown\"><b>0..1</b></span><span style=\"color: darkgreen\"><a href=\"datatypes.htm#Quantity\">Quantity</a></span><span style=\"color: navy\">Dose rate</span><span style=\"color: Gray\"> --&gt;</span>&lt;/doseRate&gt;\n &lt;<a title=\"External identifier - FHIR will generate its own internal IDs (probably URLs) which do not need to be explicitly managed by the resource.  The identifier here is one that would be used by another non-FHIR system - for example an automated medication pump would provide a record each time it operated; an administration while the patient was off the ward might be made with a different system and entered after the event.  Particularly important if these records have to be updated.\" class=\"dict\" href=\"medicationadministration-definitions.htm#MedicationAdministration.id\"><b>id</b></a>&gt;<span style=\"color: Gray\">&lt;!--</span><span style=\"color: brown\"><b>0..*</b></span><span style=\"color: darkgreen\"><a href=\"datatypes.htm#HumanId\">HumanId</a></span><span style=\"color: navy\">id</span><span style=\"color: Gray\"> --&gt;</span>&lt;/id&gt;\n &lt;<a title=\"A link to a resource that provides the original request, instruction and authority to perform the administration.\" class=\"dict\" href=\"medicationadministration-definitions.htm#MedicationAdministration.prescription\"><b>prescription</b></a>&gt;<span style=\"color: Gray\">&lt;!--</span><span style=\"color: brown\"><b>1..1</b></span><span style=\"color: darkgreen\"><a href=\"xml.htm#Resource\">Resource</a>(<a href=\"Prescription.htm#Prescription\">Prescription</a>)</span><span style=\"color: navy\">Prescription</span><span style=\"color: Gray\"> --&gt;</span>&lt;/prescription&gt;\n &lt;<a title=\"A link to a resource representing the person to whom the medication was given.\" class=\"dict\" href=\"medicationadministration-definitions.htm#MedicationAdministration.patient\"><b>patient</b></a>&gt;<span style=\"color: Gray\">&lt;!--</span><span style=\"color: brown\"><b>1..1</b></span><span style=\"color: darkgreen\"><a href=\"xml.htm#Resource\">Resource</a>(<a href=\"Patient.htm#Patient\">Patient</a>)</span><span style=\"color: navy\">Patient</span><span style=\"color: Gray\"> --&gt;</span>&lt;/patient&gt;\n &lt;<a title=\"This is either a link to a resource representing the details of the medication or a simple attribute carrying a code that identifies the medication from a known list of medications.\" class=\"dict\" href=\"medicationadministration-definitions.htm#MedicationAdministration.medication\"><b>medication</b></a>&gt;<span style=\"color: Gray\">&lt;!--</span><span style=\"color: brown\"><b>1..*</b></span><span style=\"color: darkgreen\"><a href=\"datatypes.htm#CodeableConcept\">CodeableConcept</a></span><span style=\"color: navy\">Medication</span><span style=\"color: Gray\"> --&gt;</span>&lt;/medication&gt;\n &lt;<a title=\"An identifier or a link to a resource that identifies the particular occurrence of contact between patient and health care provider.\" class=\"dict\" href=\"medicationadministration-definitions.htm#MedicationAdministration.encounter\"><b>encounter</b></a>&gt;<span style=\"color: Gray\">&lt;!--</span><span style=\"color: brown\"><b>0..1</b></span><span style=\"color: darkgreen\"><a href=\"datatypes.htm#HumanId\">HumanId</a></span><span style=\"color: navy\">Encounter</span><span style=\"color: Gray\"> --&gt;</span>&lt;/encounter&gt;\n &lt;<a title=\"An identifier or a link to a resource that identifies a device used in administering the medication to the patient.\" class=\"dict\" href=\"medicationadministration-definitions.htm#MedicationAdministration.administrationDevice\"><b>administrationDevice</b></a>&gt;<span style=\"color: Gray\">&lt;!--</span><span style=\"color: brown\"><b>0..*</b></span><span style=\"color: darkgreen\"><a href=\"xml.htm#Resource\">Resource</a>(<a href=\"Device.htm#Device\">Device</a>)</span><span style=\"color: navy\">Administration device</span><span style=\"color: Gray\"> --&gt;</span>&lt;/administrationDevice&gt;\n &lt;<a title=\"Text summary of resource (for human interpretation)\" class=\"dict\" href=\"medicationadministration-definitions.htm#MedicationAdministration.text\"><b>text</b></a>&gt;<span style=\"color: Gray\">&lt;!--</span><span style=\"color: brown\"><b>1..1</b></span><span style=\"color: darkgreen\"><a href=\"xml.htm#Narrative\">Narrative</a></span><span style=\"color: navy\">Text summary of resource (for human interpretation)</span><span style=\"color: Gray\"> --&gt;</span>&lt;/text&gt;\n &lt;<a title=\"Extensions to the MedicationAdministration resource\" class=\"dict\" href=\"medicationadministration-definitions.htm#MedicationAdministration.extension\"><b>extension</b></a>&gt;<span style=\"color: Gray\">&lt;!--</span><span style=\"color: brown\"><b>0..*</b></span><span style=\"color: darkgreen\"><a href=\"extensibility.htm#Extension\">Extension</a></span><span style=\"color: navy\">Extensions to the MedicationAdministration resource</span><span style=\"color: Gray\"> --&gt;</span>&lt;/extension&gt;\n&lt;/MedicationAdministration&gt;\n</pre></div>"}}}