{"MedicationAdministration":{"administrationEventStatus":{"value":"completed"},"effectiveTime":{"start":"2012-06-01T14:30:00","end":"2012-06-01T14:30:00"},"route":{"coding":[{"system":"http://snomed.info/","code":"363743006","display":"oral administration of treatment"}]},"administeredDose":{"value":"10","units":"ml","system":"http://unitsofmeasure.org/","code":"ml"},"prescription":{"type":"Prescription","id":"example"},"patient":{"type":"Patient","id":"a23"},"medication":[{"coding":[{"system":"http://snomed.info/","code":"123456789","display":"Penicillin VK oral suspension 125mg/5ml"}]}],"text":{"status":"generated","div":"<div xmlns=\"http://www.w3.org/1999/xhtml\"><p>Penicillin VK 10ml suspension administered by oral route at 14:30 on 1 June 2012</p><p>on the authority of prescription ref: example</p><p>to patient ref: a23</p></div>"}}}