{"Observation":{"identifier":{"system":"urn:ietf:rfc:3986","id":"187e0c12-8dd2-67e2-99b2-bf273c878281"},"type":{"coding":[{"system":"http://loinc.org/","code":"55284-4","display":"Blood pressure systolic and diastolic"}]},"validDate":{"value":"2012-09-17"},"subject":{"type":"Patient","id":"a23"},"performer":{"type":"Agent","id":"example"},"interpretation":{"coding":[{"system":"http://hl7.org/v3/ObservationInterpretation","code":"N","display":"normal"}]},"component":[{"type":{"coding":[{"system":"http://loinc.org/","code":"8580-6","display":"Systolic blood pressure"}]},"valueQuantity":{"value":"107","units":"mm[Hg]"}},{"type":{"coding":[{"system":"http://loinc.org/","code":"8462-4","display":"Diastolic blood pressure"}]},"valueQuantity":{"value":"65","units":"mm[Hg]"}}],"text":{"status":"generated","div":"<div xmlns=\"http://www.w3.org/1999/xhtml\">Sept 17, 2012: Blood pressure 107/65 (normal)</div>"}}}