{"Profile":{"name":{"value":"observation"},"author":{"name":{"value":"todo (committee)"}},"description":{"value":"Basic Profile. Simple assertions and measurements made about a patient, device or other subject"},"status":{"code":{"value":"testing"},"date":{"value":"2012-12-04"}},"resource":[{"type":{"value":"Resource"},"element":[{"path":{"value":"Observation"},"definition":{"short":{"value":"Simple observations"},"formal":{"value":"Simple assertions and measurements made about a patient, device or other subject"},"comments":{"value":"Used for \"simple\" observations such as vital signs, height, weight, smoking status, comments, etc.  *Not* used for lab results, diagnostic images or other more complex observations."},"min":{"value":"1"},"max":{"value":"1"},"type":[{"code":{"value":"Resource"}}],"mustUnderstand":{"value":"false"}}},{"path":{"value":"Observation.identifier"},"definition":{"short":{"value":"Observation id"},"formal":{"value":"A unique identifier for the simple observation"},"min":{"value":"0"},"max":{"value":"1"},"type":[{"code":{"value":"Identifier"}}],"mustUnderstand":{"value":"false"}}},{"path":{"value":"Observation.type"},"definition":{"short":{"value":"Kind of observation"},"formal":{"value":"Identifies what type of observation was performed"},"min":{"value":"1"},"max":{"value":"1"},"type":[{"code":{"value":"CodeableConcept"}}],"mustUnderstand":{"value":"true"},"binding":{"value":"SimpleObservationType"}}},{"path":{"value":"Observation.bodySite"},"definition":{"short":{"value":"Observed body part"},"formal":{"value":"Indicates where on the subject's body the observation was made."},"comments":{"value":"Only used if not implicit in code for SimpleObservation.result.type"},"min":{"value":"0"},"max":{"value":"1"},"type":[{"code":{"value":"CodeableConcept"}}],"mustUnderstand":{"value":"false"},"binding":{"value":"ObservationBodySite"}}},{"path":{"value":"Observation.method"},"definition":{"short":{"value":"How it was done"},"formal":{"value":"Indicates the mechanism used to perform the observation"},"comments":{"value":"Only used if not implicit in code for SimpleObservation.result.type"},"min":{"value":"0"},"max":{"value":"1"},"type":[{"code":{"value":"CodeableConcept"}}],"mustUnderstand":{"value":"false"},"binding":{"value":"SimpleObservationMethod"}}},{"path":{"value":"Observation.valid[x]"},"definition":{"short":{"value":"Relevant time/time-period"},"formal":{"value":"The time or time-period the observed value is asserted as being true"},"min":{"value":"0"},"max":{"value":"1"},"type":[{"code":{"value":"Period"}},{"code":{"value":"dateTime"}},{"code":{"value":"date"}}],"mustUnderstand":{"value":"false"}}},{"path":{"value":"Observation.subject"},"definition":{"short":{"value":"Who observation is about"},"formal":{"value":"The thing the observation is being made about"},"min":{"value":"0"},"max":{"value":"1"},"type":[{"code":{"value":"Resource(Patient|Group|Device|Animal)"}}],"mustUnderstand":{"value":"true"}}},{"path":{"value":"Observation.performer"},"definition":{"short":{"value":"Who did the observation"},"formal":{"value":"Who was responsible for asserting the observed value as \"true\""},"comments":{"value":"This would only be \"Device\" if the device takes responsibility for the measurement, not to capture the device used by a human to make the measurement.  (The latter could be captured as an extension.)"},"min":{"value":"0"},"max":{"value":"1"},"type":[{"code":{"value":"Resource(Agent|Person|Device)"}}],"mustUnderstand":{"value":"false"}}},{"path":{"value":"Observation.value[x]"},"definition":{"short":{"value":"Actual result"},"formal":{"value":"The information determined as a result of making the observation"},"comments":{"value":"Result value set should allow for Unkown and other exceptional values.  The datatype for this element should be determined by SimpleObservation.result.type"},"min":{"value":"0"},"max":{"value":"1"},"type":[{"code":{"value":"Quantity"}},{"code":{"value":"CodeableConcept"}},{"code":{"value":"Attachment"}},{"code":{"value":"Ratio"}},{"code":{"value":"Choice"}},{"code":{"value":"Period"}},{"code":{"value":"string"}}],"mustUnderstand":{"value":"true"},"binding":{"value":"SimpleObservationResult"}}},{"path":{"value":"Observation.interpretation"},"definition":{"short":{"value":"High, low, normal, etc."},"formal":{"value":"The assessment made based on the result of the observation."},"min":{"value":"0"},"max":{"value":"1"},"type":[{"code":{"value":"CodeableConcept"}}],"mustUnderstand":{"value":"false"},"binding":{"value":"SimpleObservationInterpretation"}}},{"path":{"value":"Observation.normalValue[x]"},"definition":{"short":{"value":"Expected normal value range"},"formal":{"value":"For numeric results, indicates the boundaries within which \"normal\" values should occur"},"comments":{"value":"This might be generic or be specific to the patient's age, gender, weight and other factors."},"min":{"value":"0"},"max":{"value":"1"},"type":[{"code":{"value":"Range"}},{"code":{"value":"string"}}],"mustUnderstand":{"value":"false"}}},{"path":{"value":"Observation.component"},"definition":{"short":{"value":"Component observation"},"formal":{"value":"Component observation"},"comments":{"value":"In most cases, this is only expected to recurse to a maximum of one level"},"min":{"value":"0"},"max":{"value":"*"},"mustUnderstand":{"value":"true"}}},{"path":{"value":"Observation.component.type"},"definition":{"short":{"value":"Kind of component observation"},"formal":{"value":"Identifies what type of sub-observation was performed"},"min":{"value":"1"},"max":{"value":"1"},"type":[{"code":{"value":"CodeableConcept"}}],"mustUnderstand":{"value":"true"},"binding":{"value":"SimpleSubObservationType"}}},{"path":{"value":"Observation.component.value[x]"},"definition":{"short":{"value":"Actual componentresult"},"formal":{"value":"The information determined as a result of making the sub-observation"},"comments":{"value":"Result value set should allow for Unkown and other exceptional values.  The datatype for this element should be determined by SimpleObservation.result.type"},"min":{"value":"1"},"max":{"value":"1"},"type":[{"code":{"value":"Quantity"}},{"code":{"value":"CodeableConcept"}},{"code":{"value":"Attachment"}},{"code":{"value":"Ratio"}},{"code":{"value":"Choice"}},{"code":{"value":"Period"}},{"code":{"value":"string"}}],"mustUnderstand":{"value":"true"},"binding":{"value":"SimpleSubObservationResult"}}},{"path":{"value":"Observation.extension"},"definition":{"short":{"value":"See Extensions"},"formal":{"value":"See Extensions"},"min":{"value":"0"},"max":{"value":"*"},"type":[{"code":{"value":"Extension"}}],"mustUnderstand":{"value":"false"}}},{"path":{"value":"Observation.text"},"definition":{"short":{"value":"Text summary of resource (for human interpretation)"},"formal":{"value":"Text summary of resource (for human interpretation)"},"min":{"value":"1"},"max":{"value":"1"},"type":[{"code":{"value":"Narrative"}}],"mustUnderstand":{"value":"false"}}}]}],"text":{"status":"generated","div":"<div xmlns=\"http://www.w3.org/1999/xhtml\"><pre>\n&lt;<a title=\"Simple assertions and measurements made about a patient, device or other subject\" class=\"dict\" href=\"observation-definitions.htm#Observation\"><b>Observation</b></a> xmlns=\"http://hl7.org/fhir\"&gt;\n &lt;<a title=\"A unique identifier for the simple observation\" class=\"dict\" href=\"observation-definitions.htm#Observation.identifier\"><b>identifier</b></a>&gt;<span style=\"color: Gray\">&lt;!--</span><span style=\"color: brown\"><b>0..1</b></span><span style=\"color: darkgreen\"><a href=\"datatypes.htm#Identifier\">Identifier</a></span><span style=\"color: navy\">Observation id</span><span style=\"color: Gray\"> --&gt;</span>&lt;/identifier&gt;\n &lt;<a title=\"Identifies what type of observation was performed (this element must be supported or understood)\" class=\"dict\" href=\"observation-definitions.htm#Observation.type\"><span style=\"text-decoration: underline\"><b>type</b></span></a>&gt;<span style=\"color: Gray\">&lt;!--</span><span style=\"color: brown\"><b>1..1</b></span><span style=\"color: darkgreen\"><a href=\"datatypes.htm#CodeableConcept\">CodeableConcept</a></span><span style=\"color: navy\">Kind of observation</span><span style=\"color: Gray\"> --&gt;</span>&lt;/type&gt;\n &lt;<a title=\"Indicates where on the subject's body the observation was made.\" class=\"dict\" href=\"observation-definitions.htm#Observation.bodySite\"><b>bodySite</b></a>&gt;<span style=\"color: Gray\">&lt;!--</span><span style=\"color: brown\"><b>0..1</b></span><span style=\"color: darkgreen\"><a href=\"datatypes.htm#CodeableConcept\">CodeableConcept</a></span><span style=\"color: navy\">Observed body part</span><span style=\"color: Gray\"> --&gt;</span>&lt;/bodySite&gt;\n &lt;<a title=\"Indicates the mechanism used to perform the observation\" class=\"dict\" href=\"observation-definitions.htm#Observation.method\"><b>method</b></a>&gt;<span style=\"color: Gray\">&lt;!--</span><span style=\"color: brown\"><b>0..1</b></span><span style=\"color: darkgreen\"><a href=\"datatypes.htm#CodeableConcept\">CodeableConcept</a></span><span style=\"color: navy\">How it was done</span><span style=\"color: Gray\"> --&gt;</span>&lt;/method&gt;\n &lt;<a title=\"The time or time-period the observed value is asserted as being true\" class=\"dict\" href=\"observation-definitions.htm#Observation.valid[x]\"><b>valid[x]</b></a>&gt;<span style=\"color: Gray\">&lt;!--</span><span style=\"color: brown\"><b>0..1</b></span><span style=\"color: darkgreen\"><a href=\"datatypes.htm#Period\">Period</a>|<a href=\"datatypes.htm#dateTime\">dateTime</a>|<a href=\"datatypes.htm#date\">date</a></span><span style=\"color: navy\">Relevant time/time-period</span><span style=\"color: Gray\"> --&gt;</span>&lt;/valid[x]&gt;\n &lt;<a title=\"The thing the observation is being made about (this element must be supported or understood)\" class=\"dict\" href=\"observation-definitions.htm#Observation.subject\"><span style=\"text-decoration: underline\"><b>subject</b></span></a>&gt;<span style=\"color: Gray\">&lt;!--</span><span style=\"color: brown\"><b>0..1</b></span><span style=\"color: darkgreen\"><a href=\"xml.htm#Resource\">Resource</a>(<a href=\"Patient.htm#Patient\">Patient</a>|<a href=\"Group.htm#Group\">Group</a>|<a href=\"Device.htm#Device\">Device</a>|<a href=\"Animal.htm#Animal\">Animal</a>)</span><span style=\"color: navy\">Who observation is about</span><span style=\"color: Gray\"> --&gt;</span>&lt;/subject&gt;\n &lt;<a title=\"Who was responsible for asserting the observed value as &quot;true&quot;\" class=\"dict\" href=\"observation-definitions.htm#Observation.performer\"><b>performer</b></a>&gt;<span style=\"color: Gray\">&lt;!--</span><span style=\"color: brown\"><b>0..1</b></span><span style=\"color: darkgreen\"><a href=\"xml.htm#Resource\">Resource</a>(<a href=\"Agent.htm#Agent\">Agent</a>|<a href=\"Person.htm#Person\">Person</a>|<a href=\"Device.htm#Device\">Device</a>)</span><span style=\"color: navy\">Who did the observation</span><span style=\"color: Gray\"> --&gt;</span>&lt;/performer&gt;\n &lt;<a title=\"The information determined as a result of making the observation (this element must be supported or understood)\" class=\"dict\" href=\"observation-definitions.htm#Observation.value[x]\"><span style=\"text-decoration: underline\"><b>value[x]</b></span></a>&gt;<span style=\"color: Gray\">&lt;!--</span><span title=\"Can have value or components but not both; Can only have normal range if value is a quantity\" style=\"color: deeppink\"><b>0..1</b></span><span style=\"color: darkgreen\"><a href=\"datatypes.htm#Quantity\">Quantity</a>|<a href=\"datatypes.htm#CodeableConcept\">CodeableConcept</a>|<a href=\"datatypes.htm#Attachment\">Attachment</a>|\n              <a href=\"datatypes.htm#Ratio\">Ratio</a>|<a href=\"datatypes.htm#Choice\">Choice</a>|<a href=\"datatypes.htm#Period\">Period</a>|<a href=\"datatypes.htm#string\">string</a></span><span style=\"color: navy\">Actual result</span><span style=\"color: Gray\"> --&gt;</span>&lt;/value[x]&gt;\n &lt;<a title=\"The assessment made based on the result of the observation.\" class=\"dict\" href=\"observation-definitions.htm#Observation.interpretation\"><b>interpretation</b></a>&gt;<span style=\"color: Gray\">&lt;!--</span><span style=\"color: brown\"><b>0..1</b></span><span style=\"color: darkgreen\"><a href=\"datatypes.htm#CodeableConcept\">CodeableConcept</a></span><span style=\"color: navy\">High, low, normal, etc.</span><span style=\"color: Gray\"> --&gt;</span>&lt;/interpretation&gt;\n &lt;<a title=\"For numeric results, indicates the boundaries within which &quot;normal&quot; values should occur\" class=\"dict\" href=\"observation-definitions.htm#Observation.normalValue[x]\"><b>normalValue[x]</b></a>&gt;<span style=\"color: Gray\">&lt;!--</span><span title=\"Can only have normal range if value is a quantity\" style=\"color: deeppink\"><b>0..1</b></span><span style=\"color: darkgreen\"><a href=\"datatypes.htm#Range\">Range</a>|<a href=\"datatypes.htm#string\">string</a></span><span style=\"color: navy\">Expected normal value range</span><span style=\"color: Gray\"> --&gt;</span>&lt;/normalValue[x]&gt;\n &lt;<a title=\"Component observation (this element must be supported or understood)\" class=\"dict\" href=\"observation-definitions.htm#Observation.component\"><span style=\"text-decoration: underline\"><b>component</b></span></a>&gt;  <span style=\"color: Gray\">&lt;!-- <span title=\"Can have value or components but not both\" style=\"color: deeppink\"><b>0..*</b></span> Component observation --&gt;</span>\n  &lt;<a title=\"Identifies what type of sub-observation was performed (this element must be supported or understood)\" class=\"dict\" href=\"observation-definitions.htm#Observation.component.type\"><span style=\"text-decoration: underline\"><b>type</b></span></a>&gt;<span style=\"color: Gray\">&lt;!--</span><span style=\"color: brown\"><b>1..1</b></span><span style=\"color: darkgreen\"><a href=\"datatypes.htm#CodeableConcept\">CodeableConcept</a></span><span style=\"color: navy\">Kind of component observation</span><span style=\"color: Gray\"> --&gt;</span>&lt;/type&gt;\n  &lt;<a title=\"The information determined as a result of making the sub-observation (this element must be supported or understood)\" class=\"dict\" href=\"observation-definitions.htm#Observation.component.value[x]\"><span style=\"text-decoration: underline\"><b>value[x]</b></span></a>&gt;<span style=\"color: Gray\">&lt;!--</span><span style=\"color: brown\"><b>1..1</b></span><span style=\"color: darkgreen\"><a href=\"datatypes.htm#Quantity\">Quantity</a>|<a href=\"datatypes.htm#CodeableConcept\">CodeableConcept</a>|<a href=\"datatypes.htm#Attachment\">Attachment</a>|\n              <a href=\"datatypes.htm#Ratio\">Ratio</a>|<a href=\"datatypes.htm#Choice\">Choice</a>|<a href=\"datatypes.htm#Period\">Period</a>|<a href=\"datatypes.htm#string\">string</a></span><span style=\"color: navy\">Actual componentresult</span><span style=\"color: Gray\"> --&gt;</span>&lt;/value[x]&gt;\n &lt;/component&gt;\n &lt;<a title=\"See Extensions\" class=\"dict\" href=\"observation-definitions.htm#Observation.extension\"><b>extension</b></a>&gt;<span style=\"color: Gray\">&lt;!--</span><span style=\"color: brown\"><b>0..*</b></span><span style=\"color: darkgreen\"><a href=\"extensibility.htm#Extension\">Extension</a></span><a href=\"extensibility.htm\"><span style=\"color: navy\">See Extensions</span></a><span style=\"color: Gray\"> --&gt;</span>&lt;/extension&gt;\n &lt;<a title=\"Text summary of resource (for human interpretation)\" class=\"dict\" href=\"observation-definitions.htm#Observation.text\"><b>text</b></a>&gt;<span style=\"color: Gray\">&lt;!--</span><span style=\"color: brown\"><b>1..1</b></span><span style=\"color: darkgreen\"><a href=\"xml.htm#Narrative\">Narrative</a></span><span style=\"color: navy\">Text summary of resource (for human interpretation)</span><span style=\"color: Gray\"> --&gt;</span>&lt;/text&gt;\n&lt;/Observation&gt;\n</pre></div>"}}}