{"Organization":{"identifier":[{"identifier":{"system":"http://www.acme.org.au/units","id":"Gastro"}}],"name":[{"value":"Gastroenterology"}],"telecom":[{"system":"phone","value":"+1 555 234 3523","use":"mobile"},{"system":"email","value":"gastro@acme.org","use":"work"}],"relatedOrganization":[{"organization":{"type":"Organization","id":"1","display":"ACME Healthcare, Inc"},"type":{"coding":[{"system":"oid:2.16.840.1.113883.5.110","code":"TERR"}]}}],"text":{"status":"generated","div":"<div xmlns=\"http://www.w3.org/1999/xhtml\"><p>Gastroenterology @ Acme Hospital. ph: +1 555 234 3523, email: <a href=\"mailto:gastro@acme.org\">gastro@acme.org</a></p></div>"}}}