{"Profile":{"name":{"value":"organization"},"author":{"name":{"value":"todo (committee)"}},"description":{"value":"Basic Profile. For any company/corporation/institution/government department that has relevance to the care process"},"status":{"code":{"value":"testing"},"date":{"value":"2012-12-04"}},"resource":[{"type":{"value":"Resource"},"element":[{"path":{"value":"Organization"},"definition":{"short":{"value":"Company/institution/government involved in healthcare"},"formal":{"value":"For any company/corporation/institution/government department that has relevance to the care process"},"min":{"value":"1"},"max":{"value":"1"},"type":[{"code":{"value":"Resource"}}],"mustUnderstand":{"value":"false"}}},{"path":{"value":"Organization.identifier"},"definition":{"short":{"value":"Identifier for this organization"},"formal":{"value":"Identifier for the organization that is used to identify the organization across multiple disparate systems"},"min":{"value":"0"},"max":{"value":"*"},"type":[{"code":{"value":"HumanId"}}],"mustUnderstand":{"value":"true"}}},{"path":{"value":"Organization.name"},"definition":{"short":{"value":"Name used for the organization"},"formal":{"value":"A name associated with the organization"},"comments":{"value":"Don't use HumanName since that has many non-organization things in it"},"min":{"value":"0"},"max":{"value":"*"},"type":[{"code":{"value":"string"}}],"mustUnderstand":{"value":"true"}}},{"path":{"value":"Organization.address"},"definition":{"short":{"value":"An address for the organization"},"formal":{"value":"An address for the organization"},"comments":{"value":"Organization may have multiple addresses with different uses or applicable periods. The use code home is not to be used"},"min":{"value":"0"},"max":{"value":"*"},"type":[{"code":{"value":"Address"}}],"mustUnderstand":{"value":"false"}}},{"path":{"value":"Organization.telecom"},"definition":{"short":{"value":"A contact detail for the organization"},"formal":{"value":"A contact detail for the organization"},"comments":{"value":"The use code home is not to be used. Note that these contacts are not the contact details of people who are employed by or represent the organization, but official contacts for the organization itself"},"min":{"value":"0"},"max":{"value":"*"},"type":[{"code":{"value":"Contact"}}],"mustUnderstand":{"value":"false"}}},{"path":{"value":"Organization.type"},"definition":{"short":{"value":"Kind of organization"},"formal":{"value":"The kind of organization that this is"},"comments":{"value":"Organizations can be corporations, wards, sections, clinical teams, government departments, etc. Note that code is generally a classifier of the type of organization; in many applications, codes are used to identity a particular organization (say, ward) as opposed to another of the same type - these are identifiers, not codes"},"min":{"value":"0"},"max":{"value":"1"},"type":[{"code":{"value":"CodeableConcept"}}],"mustUnderstand":{"value":"false"},"binding":{"value":"OrganizationType"}}},{"path":{"value":"Organization.status"},"definition":{"short":{"value":"The status of this organization's record"},"formal":{"value":"Indication of whether this organization's record is still active."},"comments":{"value":"Default is \"active\"."},"min":{"value":"0"},"max":{"value":"1"},"type":[{"code":{"value":"code"}}],"mustUnderstand":{"value":"true"},"binding":{"value":"RecordStatus"}}},{"path":{"value":"Organization.accreditation"},"definition":{"short":{"value":"Formal certifications that convey authority"},"formal":{"value":"The qualifications/certifications an organization has, including format educational achievements, accreditations, and current certifications. All these qualifications may be used to determine what roles the organization may play in a healthcare environment"},"min":{"value":"0"},"max":{"value":"*"},"mustUnderstand":{"value":"false"}}},{"path":{"value":"Organization.accreditation.identifier"},"definition":{"short":{"value":"Identifier for the accreditation"},"formal":{"value":"The identifier of the accreditation"},"min":{"value":"0"},"max":{"value":"1"},"type":[{"code":{"value":"Identifier"}}],"mustUnderstand":{"value":"false"}}},{"path":{"value":"Organization.accreditation.code"},"definition":{"short":{"value":"What kind of accreditation"},"formal":{"value":"The type of the accreditation"},"min":{"value":"0"},"max":{"value":"1"},"type":[{"code":{"value":"CodeableConcept"}}],"mustUnderstand":{"value":"false"},"binding":{"value":"OrganizationAccreditation"}}},{"path":{"value":"Organization.accreditation.institution"},"definition":{"short":{"value":"Who conferred accreditation"},"formal":{"value":"The organization that conferred/confers the accreditation"},"min":{"value":"0"},"max":{"value":"1"},"type":[{"code":{"value":"Resource(Organization)"}}],"mustUnderstand":{"value":"false"}}},{"path":{"value":"Organization.accreditation.period"},"definition":{"short":{"value":"When the accreditation is valid (date only)"},"formal":{"value":"The period for which the accreditation is held"},"min":{"value":"0"},"max":{"value":"1"},"type":[{"code":{"value":"Period"}}],"mustUnderstand":{"value":"false"}}},{"path":{"value":"Organization.relatedOrganization"},"definition":{"short":{"value":"Sub-, super-, and partner organizations"},"formal":{"value":"Other organizations that are related to this organization. The relationship might be one of several types: sub- or super- orgnizations (i.e. ward in a hospital, owning corporation of a hospital) or partner organizations (i.e. the operating corporation for a hospital)"},"min":{"value":"0"},"max":{"value":"*"},"mustUnderstand":{"value":"false"}}},{"path":{"value":"Organization.relatedOrganization.organization"},"definition":{"short":{"value":"The related organization"},"formal":{"value":"The organization that is related to this organization"},"min":{"value":"1"},"max":{"value":"1"},"type":[{"code":{"value":"Resource(Organization)"}}],"mustUnderstand":{"value":"true"}}},{"path":{"value":"Organization.relatedOrganization.type"},"definition":{"short":{"value":"How the organizations are related"},"formal":{"value":"Code that specifies how this organization is related to the subject. A code is required."},"min":{"value":"1"},"max":{"value":"1"},"type":[{"code":{"value":"CodeableConcept"}}],"mustUnderstand":{"value":"false"},"binding":{"value":"OrganizationRelationship"}}},{"path":{"value":"Organization.contactPerson"},"definition":{"short":{"value":"Contact person for the organization"},"formal":{"value":"Contact details for a person acting as a contact for the organization"},"min":{"value":"0"},"max":{"value":"*"},"mustUnderstand":{"value":"false"}}},{"path":{"value":"Organization.contactPerson.type"},"definition":{"short":{"value":"The type of contact person"},"formal":{"value":"Indicates a purpose for which the person can be contacted."},"min":{"value":"0"},"max":{"value":"1"},"type":[{"code":{"value":"CodeableConcept"}}],"mustUnderstand":{"value":"false"},"binding":{"value":"ContactPersonType"}}},{"path":{"value":"Organization.contactPerson.address"},"definition":{"short":{"value":"Contact person's address"},"formal":{"value":"Address to use when contacting the contact person for this organization"},"comments":{"value":"The use code home is not to be used. "},"min":{"value":"0"},"max":{"value":"1"},"type":[{"code":{"value":"Address"}}],"mustUnderstand":{"value":"false"}}},{"path":{"value":"Organization.contactPerson.telecom"},"definition":{"short":{"value":"Contact person's telecom details"},"formal":{"value":"Telecom details for the contact person at this organization"},"comments":{"value":"The use code home is not to be used."},"min":{"value":"0"},"max":{"value":"*"},"type":[{"code":{"value":"Contact"}}],"mustUnderstand":{"value":"false"}}},{"path":{"value":"Organization.contactPerson.name"},"definition":{"short":{"value":"Name of the contact person"},"formal":{"value":"Name of the contact person"},"min":{"value":"0"},"max":{"value":"1"},"type":[{"code":{"value":"HumanName"}}],"mustUnderstand":{"value":"false"}}},{"path":{"value":"Organization.contactPerson.person"},"definition":{"short":{"value":"The person that is the contact person"},"formal":{"value":"Link to the actual person that is a contact person for the organization"},"min":{"value":"0"},"max":{"value":"1"},"type":[{"code":{"value":"Resource(Person)"}}],"mustUnderstand":{"value":"false"}}},{"path":{"value":"Organization.extension"},"definition":{"short":{"value":"See Extensions"},"formal":{"value":"See Extensions"},"min":{"value":"0"},"max":{"value":"*"},"type":[{"code":{"value":"Extension"}}],"mustUnderstand":{"value":"false"}}},{"path":{"value":"Organization.text"},"definition":{"short":{"value":"Text summary of resource (for human interpretation)"},"formal":{"value":"Text summary of resource (for human interpretation)"},"min":{"value":"1"},"max":{"value":"1"},"type":[{"code":{"value":"Narrative"}}],"mustUnderstand":{"value":"false"}}}]}],"text":{"status":"generated","div":"<div xmlns=\"http://www.w3.org/1999/xhtml\"><pre>\n&lt;<a title=\"For any company/corporation/institution/government department that has relevance to the care process\" class=\"dict\" href=\"organization-definitions.htm#Organization\"><b>Organization</b></a> xmlns=\"http://hl7.org/fhir\"&gt;\n &lt;<a title=\"Identifier for the organization that is used to identify the organization across multiple disparate systems (this element must be supported or understood)\" class=\"dict\" href=\"organization-definitions.htm#Organization.identifier\"><span style=\"text-decoration: underline\"><b>identifier</b></span></a>&gt;<span style=\"color: Gray\">&lt;!--</span><span style=\"color: brown\"><b>0..*</b></span><span style=\"color: darkgreen\"><a href=\"datatypes.htm#HumanId\">HumanId</a></span><span style=\"color: navy\">Identifier for this organization</span><span style=\"color: Gray\"> --&gt;</span>&lt;/identifier&gt;\n &lt;<a title=\"A name associated with the organization (this element must be supported or understood)\" class=\"dict\" href=\"organization-definitions.htm#Organization.name\"><span style=\"text-decoration: underline\"><b>name</b></span></a>&gt;<span style=\"color: Gray\">&lt;!--</span><span style=\"color: brown\"><b>0..*</b></span><span style=\"color: darkgreen\"><a href=\"datatypes.htm#string\">string</a></span><span style=\"color: navy\">Name used for the organization</span><span style=\"color: Gray\"> --&gt;</span>&lt;/name&gt;\n &lt;<a title=\"An address for the organization\" class=\"dict\" href=\"organization-definitions.htm#Organization.address\"><b>address</b></a>&gt;<span style=\"color: Gray\">&lt;!--</span><span style=\"color: brown\"><b>0..*</b></span><span style=\"color: darkgreen\"><a href=\"datatypes.htm#Address\">Address</a></span><span style=\"color: navy\">An address for the organization</span><span style=\"color: Gray\"> --&gt;</span>&lt;/address&gt;\n &lt;<a title=\"A contact detail for the organization\" class=\"dict\" href=\"organization-definitions.htm#Organization.telecom\"><b>telecom</b></a>&gt;<span style=\"color: Gray\">&lt;!--</span><span style=\"color: brown\"><b>0..*</b></span><span style=\"color: darkgreen\"><a href=\"datatypes.htm#Contact\">Contact</a></span><span style=\"color: navy\">A contact detail for the organization</span><span style=\"color: Gray\"> --&gt;</span>&lt;/telecom&gt;\n &lt;<a title=\"The kind of organization that this is\" class=\"dict\" href=\"organization-definitions.htm#Organization.type\"><b>type</b></a>&gt;<span style=\"color: Gray\">&lt;!--</span><span style=\"color: brown\"><b>0..1</b></span><span style=\"color: darkgreen\"><a href=\"datatypes.htm#CodeableConcept\">CodeableConcept</a></span><span style=\"color: navy\">Kind of organization</span><span style=\"color: Gray\"> --&gt;</span>&lt;/type&gt;\n &lt;<a title=\"Indication of whether this organization's record is still active. (this element must be supported or understood)\" class=\"dict\" href=\"organization-definitions.htm#Organization.status\"><span style=\"text-decoration: underline\"><b>status</b></span></a>&gt;<span style=\"color: Gray\">&lt;!--</span><span style=\"color: brown\"><b>0..1</b></span><span style=\"color: darkgreen\"><a href=\"datatypes.htm#code\">code</a></span><span style=\"color: navy\">The status of this organization's record</span><span style=\"color: Gray\"> --&gt;</span>&lt;/status&gt;\n &lt;<a title=\"The qualifications/certifications an organization has, including format educational achievements, accreditations, and current certifications. All these qualifications may be used to determine what roles the organization may play in a healthcare environment\" class=\"dict\" href=\"organization-definitions.htm#Organization.accreditation\"><b>accreditation</b></a>&gt;  <span style=\"color: Gray\">&lt;!-- <span style=\"color: brown\"><b>0..*</b></span> Formal certifications that convey authority --&gt;</span>\n  &lt;<a title=\"The identifier of the accreditation\" class=\"dict\" href=\"organization-definitions.htm#Organization.accreditation.identifier\"><b>identifier</b></a>&gt;<span style=\"color: Gray\">&lt;!--</span><span style=\"color: brown\"><b>0..1</b></span><span style=\"color: darkgreen\"><a href=\"datatypes.htm#Identifier\">Identifier</a></span><span style=\"color: navy\">Identifier for the accreditation</span><span style=\"color: Gray\"> --&gt;</span>&lt;/identifier&gt;\n  &lt;<a title=\"The type of the accreditation\" class=\"dict\" href=\"organization-definitions.htm#Organization.accreditation.code\"><b>code</b></a>&gt;<span style=\"color: Gray\">&lt;!--</span><span style=\"color: brown\"><b>0..1</b></span><span style=\"color: darkgreen\"><a href=\"datatypes.htm#CodeableConcept\">CodeableConcept</a></span><span style=\"color: navy\">What kind of accreditation</span><span style=\"color: Gray\"> --&gt;</span>&lt;/code&gt;\n  &lt;<a title=\"The organization that conferred/confers the accreditation\" class=\"dict\" href=\"organization-definitions.htm#Organization.accreditation.institution\"><b>institution</b></a>&gt;<span style=\"color: Gray\">&lt;!--</span><span style=\"color: brown\"><b>0..1</b></span><span style=\"color: darkgreen\"><a href=\"xml.htm#Resource\">Resource</a>(<a href=\"Organization.htm#Organization\">Organization</a>)</span><span style=\"color: navy\">Who conferred accreditation</span><span style=\"color: Gray\"> --&gt;</span>&lt;/institution&gt;\n  &lt;<a title=\"The period for which the accreditation is held\" class=\"dict\" href=\"organization-definitions.htm#Organization.accreditation.period\"><b>period</b></a>&gt;<span style=\"color: Gray\">&lt;!--</span><span style=\"color: brown\"><b>0..1</b></span><span style=\"color: darkgreen\"><a href=\"datatypes.htm#Period\">Period</a></span><span style=\"color: navy\">When the accreditation is valid (date only)</span><span style=\"color: Gray\"> --&gt;</span>&lt;/period&gt;\n &lt;/accreditation&gt;\n &lt;<a title=\"Other organizations that are related to this organization. The relationship might be one of several types: sub- or super- orgnizations (i.e. ward in a hospital, owning corporation of a hospital) or partner organizations (i.e. the operating corporation for a hospital)\" class=\"dict\" href=\"organization-definitions.htm#Organization.relatedOrganization\"><b>relatedOrganization</b></a>&gt;  <span style=\"color: Gray\">&lt;!-- <span style=\"color: brown\"><b>0..*</b></span> Sub-, super-, and partner organizations --&gt;</span>\n  &lt;<a title=\"The organization that is related to this organization (this element must be supported or understood)\" class=\"dict\" href=\"organization-definitions.htm#Organization.relatedOrganization.organization\"><span style=\"text-decoration: underline\"><b>organization</b></span></a>&gt;<span style=\"color: Gray\">&lt;!--</span><span style=\"color: brown\"><b>1..1</b></span><span style=\"color: darkgreen\"><a href=\"xml.htm#Resource\">Resource</a>(<a href=\"Organization.htm#Organization\">Organization</a>)</span><span style=\"color: navy\">The related organization</span><span style=\"color: Gray\"> --&gt;</span>&lt;/organization&gt;\n  &lt;<a title=\"Code that specifies how this organization is related to the subject. A code is required.\" class=\"dict\" href=\"organization-definitions.htm#Organization.relatedOrganization.type\"><b>type</b></a>&gt;<span style=\"color: Gray\">&lt;!--</span><span style=\"color: brown\"><b>1..1</b></span><span style=\"color: darkgreen\"><a href=\"datatypes.htm#CodeableConcept\">CodeableConcept</a></span><span style=\"color: navy\">How the organizations are related</span><span style=\"color: Gray\"> --&gt;</span>&lt;/type&gt;\n &lt;/relatedOrganization&gt;\n &lt;<a title=\"Contact details for a person acting as a contact for the organization\" class=\"dict\" href=\"organization-definitions.htm#Organization.contactPerson\"><b>contactPerson</b></a>&gt;  <span style=\"color: Gray\">&lt;!-- <span style=\"color: brown\"><b>0..*</b></span> Contact person for the organization --&gt;</span>\n  &lt;<a title=\"Indicates a purpose for which the person can be contacted.\" class=\"dict\" href=\"organization-definitions.htm#Organization.contactPerson.type\"><b>type</b></a>&gt;<span style=\"color: Gray\">&lt;!--</span><span style=\"color: brown\"><b>0..1</b></span><span style=\"color: darkgreen\"><a href=\"datatypes.htm#CodeableConcept\">CodeableConcept</a></span><span style=\"color: navy\">The type of contact person</span><span style=\"color: Gray\"> --&gt;</span>&lt;/type&gt;\n  &lt;<a title=\"Address to use when contacting the contact person for this organization\" class=\"dict\" href=\"organization-definitions.htm#Organization.contactPerson.address\"><b>address</b></a>&gt;<span style=\"color: Gray\">&lt;!--</span><span style=\"color: brown\"><b>0..1</b></span><span style=\"color: darkgreen\"><a href=\"datatypes.htm#Address\">Address</a></span><span style=\"color: navy\">Contact person's address</span><span style=\"color: Gray\"> --&gt;</span>&lt;/address&gt;\n  &lt;<a title=\"Telecom details for the contact person at this organization\" class=\"dict\" href=\"organization-definitions.htm#Organization.contactPerson.telecom\"><b>telecom</b></a>&gt;<span style=\"color: Gray\">&lt;!--</span><span style=\"color: brown\"><b>0..*</b></span><span style=\"color: darkgreen\"><a href=\"datatypes.htm#Contact\">Contact</a></span><span style=\"color: navy\">Contact person's telecom details</span><span style=\"color: Gray\"> --&gt;</span>&lt;/telecom&gt;\n  &lt;<a title=\"Name of the contact person\" class=\"dict\" href=\"organization-definitions.htm#Organization.contactPerson.name\"><b>name</b></a>&gt;<span style=\"color: Gray\">&lt;!--</span><span title=\"Either supply a name for a contactperson or a reference to a Person resource\" style=\"color: deeppink\"><b>0..1</b></span><span style=\"color: darkgreen\"><a href=\"datatypes.htm#HumanName\">HumanName</a></span><span style=\"color: navy\">Name of the contact person</span><span style=\"color: Gray\"> --&gt;</span>&lt;/name&gt;\n  &lt;<a title=\"Link to the actual person that is a contact person for the organization\" class=\"dict\" href=\"organization-definitions.htm#Organization.contactPerson.person\"><b>person</b></a>&gt;<span style=\"color: Gray\">&lt;!--</span><span title=\"Either supply a name for a contactperson or a reference to a Person resource\" style=\"color: deeppink\"><b>0..1</b></span><span style=\"color: darkgreen\"><a href=\"xml.htm#Resource\">Resource</a>(<a href=\"Person.htm#Person\">Person</a>)</span><span style=\"color: navy\">The person that is the contact person</span><span style=\"color: Gray\"> --&gt;</span>&lt;/person&gt;\n &lt;/contactPerson&gt;\n &lt;<a title=\"See Extensions\" class=\"dict\" href=\"organization-definitions.htm#Organization.extension\"><b>extension</b></a>&gt;<span style=\"color: Gray\">&lt;!--</span><span style=\"color: brown\"><b>0..*</b></span><span style=\"color: darkgreen\"><a href=\"extensibility.htm#Extension\">Extension</a></span><a href=\"extensibility.htm\"><span style=\"color: navy\">See Extensions</span></a><span style=\"color: Gray\"> --&gt;</span>&lt;/extension&gt;\n &lt;<a title=\"Text summary of resource (for human interpretation)\" class=\"dict\" href=\"organization-definitions.htm#Organization.text\"><b>text</b></a>&gt;<span style=\"color: Gray\">&lt;!--</span><span style=\"color: brown\"><b>1..1</b></span><span style=\"color: darkgreen\"><a href=\"xml.htm#Narrative\">Narrative</a></span><span style=\"color: navy\">Text summary of resource (for human interpretation)</span><span style=\"color: Gray\"> --&gt;</span>&lt;/text&gt;\n&lt;/Organization&gt;\n</pre></div>"}}}