{"Profile":{"name":{"value":"patient"},"author":{"name":{"value":"todo (committee)"}},"description":{"value":"Basic Profile. A patient is a person or animal that is receiving care"},"status":{"code":{"value":"testing"},"date":{"value":"2012-12-04"}},"resource":[{"type":{"value":"Resource"},"element":[{"path":{"value":"Patient"},"definition":{"short":{"value":"Person or animal receiving care"},"formal":{"value":"A patient is a person or animal that is receiving care"},"min":{"value":"1"},"max":{"value":"1"},"type":[{"code":{"value":"Resource"}}],"mustUnderstand":{"value":"false"}}},{"path":{"value":"Patient.link"},"definition":{"short":{"value":"Other patients linked to this resource"},"formal":{"value":"A linked patient record is a record that concerns the same patient. Records are linked after it is realized that at least one was created in error."},"comments":{"value":"More then two patient records may be linked. Note that there is a special transaction for linking patient records in the RESTful context, as record linking consistency must be maintained"},"min":{"value":"0"},"max":{"value":"*"},"type":[{"code":{"value":"Resource(Patient)"}}],"mustUnderstand":{"value":"true"}}},{"path":{"value":"Patient.active"},"definition":{"short":{"value":"Whether this patient record is active (in use)"},"formal":{"value":"Whether the patient record is in use, or has been removed from active use"},"comments":{"value":"If a record is inactive, and linked to an active record, then future patient/person/record updates should occur on the other patient"},"min":{"value":"1"},"max":{"value":"1"},"type":[{"code":{"value":"boolean"}}],"mustUnderstand":{"value":"true"}}},{"path":{"value":"Patient.subject"},"definition":{"short":{"value":"The person or animal that is the patient"},"formal":{"value":"The person or animal that this patient record is about"},"min":{"value":"1"},"max":{"value":"1"},"type":[{"code":{"value":"Resource(Person|Animal)"}}],"mustUnderstand":{"value":"true"}}},{"path":{"value":"Patient.provider"},"definition":{"short":{"value":"Organization managing the patient"},"formal":{"value":"The provider for whom this is a patient record"},"min":{"value":"1"},"max":{"value":"1"},"type":[{"code":{"value":"Resource(Organization)"}}],"mustUnderstand":{"value":"true"}}},{"path":{"value":"Patient.identifier"},"definition":{"short":{"value":"An identifier for the person as this patient"},"formal":{"value":"An identifier that applies to this person as a patient"},"min":{"value":"0"},"max":{"value":"*"},"type":[{"code":{"value":"HumanId"}}],"mustUnderstand":{"value":"true"}}},{"path":{"value":"Patient.diet"},"definition":{"short":{"value":"Dietary restrictions for the patient"},"formal":{"value":"Dietary restrictions for the patient"},"comments":{"value":"not for specifying medical diets, but for casual dietary restrictions such as vegetarian, diary-free, nut-free, etc"},"min":{"value":"0"},"max":{"value":"1"},"type":[{"code":{"value":"CodeableConcept"}}],"mustUnderstand":{"value":"false"},"binding":{"value":"PatientDiet"}}},{"path":{"value":"Patient.confidentiality"},"definition":{"short":{"value":"Confidentiality of the patient records"},"formal":{"value":"Confidentiality of the patient records"},"comments":{"value":"Confidentiality tracking also occurs at more detailed points in the medical record"},"min":{"value":"0"},"max":{"value":"1"},"type":[{"code":{"value":"CodeableConcept"}}],"mustUnderstand":{"value":"false"},"binding":{"value":"PatientConfidentiality"}}},{"path":{"value":"Patient.recordLocation"},"definition":{"short":{"value":"Where the paper record is"},"formal":{"value":"The location of the paper record for the patient, if there is one"},"min":{"value":"0"},"max":{"value":"1"},"type":[{"code":{"value":"CodeableConcept"}}],"mustUnderstand":{"value":"false"},"binding":{"value":"PaperRecordLocation"}}},{"path":{"value":"Patient.extension"},"definition":{"short":{"value":"See Extensions"},"formal":{"value":"See Extensions"},"min":{"value":"0"},"max":{"value":"*"},"type":[{"code":{"value":"Extension"}}],"mustUnderstand":{"value":"false"}}},{"path":{"value":"Patient.text"},"definition":{"short":{"value":"Text summary of resource (for human interpretation)"},"formal":{"value":"Text summary of resource (for human interpretation)"},"min":{"value":"1"},"max":{"value":"1"},"type":[{"code":{"value":"Narrative"}}],"mustUnderstand":{"value":"false"}}}]}],"text":{"status":"generated","div":"<div xmlns=\"http://www.w3.org/1999/xhtml\"><pre>\n&lt;<a title=\"A patient is a person or animal that is receiving care\" class=\"dict\" href=\"patient-definitions.htm#Patient\"><b>Patient</b></a> xmlns=\"http://hl7.org/fhir\"&gt;\n &lt;<a title=\"A linked patient record is a record that concerns the same patient. Records are linked after it is realized that at least one was created in error. (this element must be supported or understood)\" class=\"dict\" href=\"patient-definitions.htm#Patient.link\"><span style=\"text-decoration: underline\"><b>link</b></span></a>&gt;<span style=\"color: Gray\">&lt;!--</span><span style=\"color: brown\"><b>0..*</b></span><span style=\"color: darkgreen\"><a href=\"xml.htm#Resource\">Resource</a>(<a href=\"Patient.htm#Patient\">Patient</a>)</span><span style=\"color: navy\">Other patients linked to this resource</span><span style=\"color: Gray\"> --&gt;</span>&lt;/link&gt;\n &lt;<a title=\"Whether the patient record is in use, or has been removed from active use (this element must be supported or understood)\" class=\"dict\" href=\"patient-definitions.htm#Patient.active\"><span style=\"text-decoration: underline\"><b>active</b></span></a>&gt;<span style=\"color: Gray\">&lt;!--</span><span style=\"color: brown\"><b>1..1</b></span><span style=\"color: darkgreen\"><a href=\"datatypes.htm#boolean\">boolean</a></span><span style=\"color: navy\">Whether this patient record is active (in use)</span><span style=\"color: Gray\"> --&gt;</span>&lt;/active&gt;\n &lt;<a title=\"The person or animal that this patient record is about (this element must be supported or understood)\" class=\"dict\" href=\"patient-definitions.htm#Patient.subject\"><span style=\"text-decoration: underline\"><b>subject</b></span></a>&gt;<span style=\"color: Gray\">&lt;!--</span><span style=\"color: brown\"><b>1..1</b></span><span style=\"color: darkgreen\"><a href=\"xml.htm#Resource\">Resource</a>(<a href=\"Person.htm#Person\">Person</a>|<a href=\"Animal.htm#Animal\">Animal</a>)</span><span style=\"color: navy\">The person or animal that is the patient</span><span style=\"color: Gray\"> --&gt;</span>&lt;/subject&gt;\n &lt;<a title=\"The provider for whom this is a patient record (this element must be supported or understood)\" class=\"dict\" href=\"patient-definitions.htm#Patient.provider\"><span style=\"text-decoration: underline\"><b>provider</b></span></a>&gt;<span style=\"color: Gray\">&lt;!--</span><span style=\"color: brown\"><b>1..1</b></span><span style=\"color: darkgreen\"><a href=\"xml.htm#Resource\">Resource</a>(<a href=\"Organization.htm#Organization\">Organization</a>)</span><span style=\"color: navy\">Organization managing the patient</span><span style=\"color: Gray\"> --&gt;</span>&lt;/provider&gt;\n &lt;<a title=\"An identifier that applies to this person as a patient (this element must be supported or understood)\" class=\"dict\" href=\"patient-definitions.htm#Patient.identifier\"><span style=\"text-decoration: underline\"><b>identifier</b></span></a>&gt;<span style=\"color: Gray\">&lt;!--</span><span style=\"color: brown\"><b>0..*</b></span><span style=\"color: darkgreen\"><a href=\"datatypes.htm#HumanId\">HumanId</a></span><span style=\"color: navy\">An identifier for the person as this patient</span><span style=\"color: Gray\"> --&gt;</span>&lt;/identifier&gt;\n &lt;<a title=\"Dietary restrictions for the patient\" class=\"dict\" href=\"patient-definitions.htm#Patient.diet\"><b>diet</b></a>&gt;<span style=\"color: Gray\">&lt;!--</span><span style=\"color: brown\"><b>0..1</b></span><span style=\"color: darkgreen\"><a href=\"datatypes.htm#CodeableConcept\">CodeableConcept</a></span><span style=\"color: navy\">Dietary restrictions for the patient</span><span style=\"color: Gray\"> --&gt;</span>&lt;/diet&gt;\n &lt;<a title=\"Confidentiality of the patient records\" class=\"dict\" href=\"patient-definitions.htm#Patient.confidentiality\"><b>confidentiality</b></a>&gt;<span style=\"color: Gray\">&lt;!--</span><span style=\"color: brown\"><b>0..1</b></span><span style=\"color: darkgreen\"><a href=\"datatypes.htm#CodeableConcept\">CodeableConcept</a></span><span style=\"color: navy\">Confidentiality of the patient records</span><span style=\"color: Gray\"> --&gt;</span>&lt;/confidentiality&gt;\n &lt;<a title=\"The location of the paper record for the patient, if there is one\" class=\"dict\" href=\"patient-definitions.htm#Patient.recordLocation\"><b>recordLocation</b></a>&gt;<span style=\"color: Gray\">&lt;!--</span><span style=\"color: brown\"><b>0..1</b></span><span style=\"color: darkgreen\"><a href=\"datatypes.htm#CodeableConcept\">CodeableConcept</a></span><span style=\"color: navy\">Where the paper record is</span><span style=\"color: Gray\"> --&gt;</span>&lt;/recordLocation&gt;\n &lt;<a title=\"See Extensions\" class=\"dict\" href=\"patient-definitions.htm#Patient.extension\"><b>extension</b></a>&gt;<span style=\"color: Gray\">&lt;!--</span><span style=\"color: brown\"><b>0..*</b></span><span style=\"color: darkgreen\"><a href=\"extensibility.htm#Extension\">Extension</a></span><a href=\"extensibility.htm\"><span style=\"color: navy\">See Extensions</span></a><span style=\"color: Gray\"> --&gt;</span>&lt;/extension&gt;\n &lt;<a title=\"Text summary of resource (for human interpretation)\" class=\"dict\" href=\"patient-definitions.htm#Patient.text\"><b>text</b></a>&gt;<span style=\"color: Gray\">&lt;!--</span><span style=\"color: brown\"><b>1..1</b></span><span style=\"color: darkgreen\"><a href=\"xml.htm#Narrative\">Narrative</a></span><span style=\"color: navy\">Text summary of resource (for human interpretation)</span><span style=\"color: Gray\"> --&gt;</span>&lt;/text&gt;\n&lt;/Patient&gt;\n</pre></div>"}}}