{"Profile":{"name":{"value":"person"},"author":{"name":{"value":"todo (committee)"}},"description":{"value":"Basic Profile. A person who is involved in the healthcare process"},"status":{"code":{"value":"testing"},"date":{"value":"2012-12-04"}},"resource":[{"type":{"value":"Resource"},"element":[{"path":{"value":"Person"},"definition":{"short":{"value":"Person involved in healthcare"},"formal":{"value":"A person who is involved in the healthcare process"},"comments":{"value":"The Person resource does justice to Person registries that keep track of Persons regardless of their role. The Person resource is also a primary resource to point to for people acting in a particular role such as SubjectofCare, Provider, and Agent. Very few attributes are specific to any role and so Person is kept lean. Most attributes are expected to be tied to the role the Person plays rather than the Person himself. Examples of that are Guardian (SubjectofCare), ContactParty (SubjectOfCare, Provider), and multipleBirthInd (SubjectofCare)"},"min":{"value":"1"},"max":{"value":"1"},"type":[{"code":{"value":"Resource"}}],"mustUnderstand":{"value":"false"}}},{"path":{"value":"Person.identifier"},"definition":{"short":{"value":"A Human identifier for this person"},"formal":{"value":"Identifier for a person within a particular scope."},"min":{"value":"0"},"max":{"value":"*"},"type":[{"code":{"value":"HumanId"}}],"mustUnderstand":{"value":"true"}}},{"path":{"value":"Person.name"},"definition":{"short":{"value":"A name associated with the person"},"formal":{"value":"A name associated with the person"},"comments":{"value":"Person may have multiple names with different uses or applicable periods."},"min":{"value":"0"},"max":{"value":"*"},"type":[{"code":{"value":"HumanName"}}],"mustUnderstand":{"value":"true"}}},{"path":{"value":"Person.telecom"},"definition":{"short":{"value":"A contact detail for the person"},"formal":{"value":"A contact detail for the person, e.g. a telephone number or an email address."},"comments":{"value":"Person may have multiple ways to be contacted with different uses or applicable periods. \nMay need to have options for contacting the person urgently, and also to help with identification"},"min":{"value":"0"},"max":{"value":"*"},"type":[{"code":{"value":"Contact"}}],"mustUnderstand":{"value":"true"}}},{"path":{"value":"Person.gender"},"definition":{"short":{"value":"Administrative Gender"},"formal":{"value":"Administrative Gender"},"min":{"value":"0"},"max":{"value":"1"},"type":[{"code":{"value":"Coding"}}],"mustUnderstand":{"value":"true"},"binding":{"value":"AdministrativeGender"}}},{"path":{"value":"Person.birthDate"},"definition":{"short":{"value":"The birth date for the person"},"formal":{"value":"The birth date for the person."},"comments":{"value":"At least an estimated year should be provided as a guess if the real dob is unknown"},"min":{"value":"0"},"max":{"value":"1"},"type":[{"code":{"value":"dateTime"}}],"mustUnderstand":{"value":"true"}}},{"path":{"value":"Person.deceased"},"definition":{"short":{"value":"Indicates if the Person is deceased or not"},"formal":{"value":"Indicates if the Person is deceased or not"},"comments":{"value":"If there's no value in the instance it means there is no statement on whether or not the person deceased. Most systems will interpret the absence of a value as a sign of the person being alive."},"min":{"value":"0"},"max":{"value":"1"},"type":[{"code":{"value":"boolean"}}],"mustUnderstand":{"value":"true"}}},{"path":{"value":"Person.address"},"definition":{"short":{"value":"One or more addresses for the person"},"formal":{"value":"One or more addresses for the person"},"comments":{"value":"Person may have multiple addresses with different uses or applicable periods"},"min":{"value":"0"},"max":{"value":"*"},"type":[{"code":{"value":"Address"}}],"mustUnderstand":{"value":"true"}}},{"path":{"value":"Person.maritalStatus"},"definition":{"short":{"value":"Marital (civil) status of the person"},"formal":{"value":"This field contains the patient's marital (civil) status."},"min":{"value":"0"},"max":{"value":"1"},"type":[{"code":{"value":"CodeableConcept"}}],"mustUnderstand":{"value":"true"},"binding":{"value":"MaritalStatus"}}},{"path":{"value":"Person.language"},"definition":{"short":{"value":"The person's  proficiency level of a language"},"formal":{"value":"A language spoken by the person, with proficiency"},"comments":{"value":"If no language is specified, this *implies* that the default local language is spoken.\nIf you need to convey proficiency for multiple modes than you need multiple Person.language associations."},"min":{"value":"0"},"max":{"value":"*"},"mustUnderstand":{"value":"true"}}},{"path":{"value":"Person.language.language"},"definition":{"short":{"value":"Language with optional region"},"formal":{"value":"The ISO-639-1 alpha 2 code in lower case for the language, optionally followed by a hyphen and the ISO-3166-1 alpha 2 code for the region in upper case. E.g. \"en\" for English, or \"en-US\" for American English versus \"en-EN\" for England English"},"comments":{"value":"The structure aa-BB with this exact casing is one the most widely used notations for locale. However not all systems actually code this but instead have it as free text. Hence CodeableConcept instead of code as the data type"},"min":{"value":"1"},"max":{"value":"1"},"type":[{"code":{"value":"CodeableConcept"}}],"mustUnderstand":{"value":"true"},"binding":{"value":"Language"}}},{"path":{"value":"Person.language.mode"},"definition":{"short":{"value":"Language method of expression"},"formal":{"value":"A value representing the person's method of expression of this language. Examples: expressed spoken, expressed written, expressed signed, received spoken, received written, received signed"},"comments":{"value":"It's expected that modeCode and proficiencyLevelCode work in conjunction. It makes less sense to convey modeCode unless you want to distinctly denote someone proficiency for a particular mode. It's however perfectly acceptable to have a proficiencyLevelCode without a modeCode"},"min":{"value":"0"},"max":{"value":"1"},"type":[{"code":{"value":"CodeableConcept"}}],"mustUnderstand":{"value":"false"},"binding":{"value":"LanguageAbilityMode"}}},{"path":{"value":"Person.language.proficiencyLevel"},"definition":{"short":{"value":"Proficiency level of the language"},"formal":{"value":"A code that describes how well the language is spoken"},"comments":{"value":"See comments for Person.language.modeCode"},"min":{"value":"0"},"max":{"value":"1"},"type":[{"code":{"value":"CodeableConcept"}}],"mustUnderstand":{"value":"true"},"binding":{"value":"LanguageAbilityProficiency"}}},{"path":{"value":"Person.language.preference"},"definition":{"short":{"value":"Language preference indicator"},"formal":{"value":"Indicates whether or not the Person prefers this language (over other languages he masters up a certain level)"},"min":{"value":"0"},"max":{"value":"1"},"type":[{"code":{"value":"boolean"}}],"mustUnderstand":{"value":"false"}}},{"path":{"value":"Person.extension"},"definition":{"short":{"value":"See Extensions"},"formal":{"value":"See Extensions"},"min":{"value":"0"},"max":{"value":"*"},"type":[{"code":{"value":"Extension"}}],"mustUnderstand":{"value":"false"}}},{"path":{"value":"Person.text"},"definition":{"short":{"value":"Text summary of resource (for human interpretation)"},"formal":{"value":"Text summary of resource (for human interpretation)"},"min":{"value":"1"},"max":{"value":"1"},"type":[{"code":{"value":"Narrative"}}],"mustUnderstand":{"value":"false"}}}]}],"text":{"status":"generated","div":"<div xmlns=\"http://www.w3.org/1999/xhtml\"><pre>\n&lt;<a title=\"A person who is involved in the healthcare process\" class=\"dict\" href=\"person-definitions.htm#Person\"><b>Person</b></a> xmlns=\"http://hl7.org/fhir\"&gt;\n &lt;<a title=\"Identifier for a person within a particular scope. (this element must be supported or understood)\" class=\"dict\" href=\"person-definitions.htm#Person.identifier\"><span style=\"text-decoration: underline\"><b>identifier</b></span></a>&gt;<span style=\"color: Gray\">&lt;!--</span><span style=\"color: brown\"><b>0..*</b></span><span style=\"color: darkgreen\"><a href=\"datatypes.htm#HumanId\">HumanId</a></span><span style=\"color: navy\">A Human identifier for this person</span><span style=\"color: Gray\"> --&gt;</span>&lt;/identifier&gt;\n &lt;<a title=\"A name associated with the person (this element must be supported or understood)\" class=\"dict\" href=\"person-definitions.htm#Person.name\"><span style=\"text-decoration: underline\"><b>name</b></span></a>&gt;<span style=\"color: Gray\">&lt;!--</span><span style=\"color: brown\"><b>0..*</b></span><span style=\"color: darkgreen\"><a href=\"datatypes.htm#HumanName\">HumanName</a></span><span style=\"color: navy\">A name associated with the person</span><span style=\"color: Gray\"> --&gt;</span>&lt;/name&gt;\n &lt;<a title=\"A contact detail for the person, e.g. a telephone number or an email address. (this element must be supported or understood)\" class=\"dict\" href=\"person-definitions.htm#Person.telecom\"><span style=\"text-decoration: underline\"><b>telecom</b></span></a>&gt;<span style=\"color: Gray\">&lt;!--</span><span style=\"color: brown\"><b>0..*</b></span><span style=\"color: darkgreen\"><a href=\"datatypes.htm#Contact\">Contact</a></span><span style=\"color: navy\">A contact detail for the person</span><span style=\"color: Gray\"> --&gt;</span>&lt;/telecom&gt;\n &lt;<a title=\"Administrative Gender (this element must be supported or understood)\" class=\"dict\" href=\"person-definitions.htm#Person.gender\"><span style=\"text-decoration: underline\"><b>gender</b></span></a>&gt;<span style=\"color: Gray\">&lt;!--</span><span style=\"color: brown\"><b>0..1</b></span><span style=\"color: darkgreen\"><a href=\"datatypes.htm#Coding\">Coding</a></span><span style=\"color: navy\">Administrative Gender</span><span style=\"color: Gray\"> --&gt;</span>&lt;/gender&gt;\n &lt;<a title=\"The birth date for the person. (this element must be supported or understood)\" class=\"dict\" href=\"person-definitions.htm#Person.birthDate\"><span style=\"text-decoration: underline\"><b>birthDate</b></span></a>&gt;<span style=\"color: Gray\">&lt;!--</span><span style=\"color: brown\"><b>0..1</b></span><span style=\"color: darkgreen\"><a href=\"datatypes.htm#dateTime\">dateTime</a></span><span style=\"color: navy\">The birth date for the person</span><span style=\"color: Gray\"> --&gt;</span>&lt;/birthDate&gt;\n &lt;<a title=\"Indicates if the Person is deceased or not (this element must be supported or understood)\" class=\"dict\" href=\"person-definitions.htm#Person.deceased\"><span style=\"text-decoration: underline\"><b>deceased</b></span></a>&gt;<span style=\"color: Gray\">&lt;!--</span><span style=\"color: brown\"><b>0..1</b></span><span style=\"color: darkgreen\"><a href=\"datatypes.htm#boolean\">boolean</a></span><span style=\"color: navy\">Indicates if the Person is deceased or not</span><span style=\"color: Gray\"> --&gt;</span>&lt;/deceased&gt;\n &lt;<a title=\"One or more addresses for the person (this element must be supported or understood)\" class=\"dict\" href=\"person-definitions.htm#Person.address\"><span style=\"text-decoration: underline\"><b>address</b></span></a>&gt;<span style=\"color: Gray\">&lt;!--</span><span style=\"color: brown\"><b>0..*</b></span><span style=\"color: darkgreen\"><a href=\"datatypes.htm#Address\">Address</a></span><span style=\"color: navy\">One or more addresses for the person</span><span style=\"color: Gray\"> --&gt;</span>&lt;/address&gt;\n &lt;<a title=\"This field contains the patient's marital (civil) status. (this element must be supported or understood)\" class=\"dict\" href=\"person-definitions.htm#Person.maritalStatus\"><span style=\"text-decoration: underline\"><b>maritalStatus</b></span></a>&gt;<span style=\"color: Gray\">&lt;!--</span><span style=\"color: brown\"><b>0..1</b></span><span style=\"color: darkgreen\"><a href=\"datatypes.htm#CodeableConcept\">CodeableConcept</a></span><span style=\"color: navy\">Marital (civil) status of the person</span><span style=\"color: Gray\"> --&gt;</span>&lt;/maritalStatus&gt;\n &lt;<a title=\"A language spoken by the person, with proficiency (this element must be supported or understood)\" class=\"dict\" href=\"person-definitions.htm#Person.language\"><span style=\"text-decoration: underline\"><b>language</b></span></a>&gt;  <span style=\"color: Gray\">&lt;!-- <span style=\"color: brown\"><b>0..*</b></span> The person's  proficiency level of a language --&gt;</span>\n  &lt;<a title=\"The ISO-639-1 alpha 2 code in lower case for the language, optionally followed by a hyphen and the ISO-3166-1 alpha 2 code for the region in upper case. E.g. &quot;en&quot; for English, or &quot;en-US&quot; for American English versus &quot;en-EN&quot; for England English (this element must be supported or understood)\" class=\"dict\" href=\"person-definitions.htm#Person.language.language\"><span style=\"text-decoration: underline\"><b>language</b></span></a>&gt;<span style=\"color: Gray\">&lt;!--</span><span style=\"color: brown\"><b>1..1</b></span><span style=\"color: darkgreen\"><a href=\"datatypes.htm#CodeableConcept\">CodeableConcept</a></span><span style=\"color: navy\">Language with optional region</span><span style=\"color: Gray\"> --&gt;</span>&lt;/language&gt;\n  &lt;<a title=\"A value representing the person's method of expression of this language. Examples: expressed spoken, expressed written, expressed signed, received spoken, received written, received signed\" class=\"dict\" href=\"person-definitions.htm#Person.language.mode\"><b>mode</b></a>&gt;<span style=\"color: Gray\">&lt;!--</span><span style=\"color: brown\"><b>0..1</b></span><span style=\"color: darkgreen\"><a href=\"datatypes.htm#CodeableConcept\">CodeableConcept</a></span><span style=\"color: navy\">Language method of expression</span><span style=\"color: Gray\"> --&gt;</span>&lt;/mode&gt;\n  &lt;<a title=\"A code that describes how well the language is spoken (this element must be supported or understood)\" class=\"dict\" href=\"person-definitions.htm#Person.language.proficiencyLevel\"><span style=\"text-decoration: underline\"><b>proficiencyLevel</b></span></a>&gt;<span style=\"color: Gray\">&lt;!--</span><span style=\"color: brown\"><b>0..1</b></span><span style=\"color: darkgreen\"><a href=\"datatypes.htm#CodeableConcept\">CodeableConcept</a></span><span style=\"color: navy\">Proficiency level of the language</span><span style=\"color: Gray\"> --&gt;</span>&lt;/proficiencyLevel&gt;\n  &lt;<a title=\"Indicates whether or not the Person prefers this language (over other languages he masters up a certain level)\" class=\"dict\" href=\"person-definitions.htm#Person.language.preference\"><b>preference</b></a>&gt;<span style=\"color: Gray\">&lt;!--</span><span style=\"color: brown\"><b>0..1</b></span><span style=\"color: darkgreen\"><a href=\"datatypes.htm#boolean\">boolean</a></span><span style=\"color: navy\">Language preference indicator</span><span style=\"color: Gray\"> --&gt;</span>&lt;/preference&gt;\n &lt;/language&gt;\n &lt;<a title=\"See Extensions\" class=\"dict\" href=\"person-definitions.htm#Person.extension\"><b>extension</b></a>&gt;<span style=\"color: Gray\">&lt;!--</span><span style=\"color: brown\"><b>0..*</b></span><span style=\"color: darkgreen\"><a href=\"extensibility.htm#Extension\">Extension</a></span><a href=\"extensibility.htm\"><span style=\"color: navy\">See Extensions</span></a><span style=\"color: Gray\"> --&gt;</span>&lt;/extension&gt;\n &lt;<a title=\"Text summary of resource (for human interpretation)\" class=\"dict\" href=\"person-definitions.htm#Person.text\"><b>text</b></a>&gt;<span style=\"color: Gray\">&lt;!--</span><span style=\"color: brown\"><b>1..1</b></span><span style=\"color: darkgreen\"><a href=\"xml.htm#Narrative\">Narrative</a></span><span style=\"color: navy\">Text summary of resource (for human interpretation)</span><span style=\"color: Gray\"> --&gt;</span>&lt;/text&gt;\n&lt;/Person&gt;\n</pre></div>"}}}