{"Person":{"identifier":[{"use":"usual","label":"MRN","identifier":{"system":"oid:1.2.36.146.595.217.0.1","id":"12345"},"period":{"start":"2001-05-06"}}],"name":[{"use":"official","family":["Chalmers"],"given":["Peter","James"]},{"use":"usual","given":["Jim"]}],"telecom":[{"use":"home"},{"system":"phone","value":"(03) 5555 6473","use":"work"}],"gender":{"system":"http://hl7.org/fhir/sid/v2-0001","code":"M","display":"Male"},"birthDate":{"value":"1974-12-25"},"deceased":{"value":"false"},"address":[{"use":"home","line":["534 Erewhon St"],"city":"PleasantVille","state":"Vic","zip":"3999"}],"text":{"status":"generated","div":"<div xmlns=\"http://www.w3.org/1999/xhtml\"><table><tbody><tr><td>Name</td><td>Peter James <b>Chalmers</b> (\"Jim\")</td></tr><tr><td>Address</td><td>534 Erewhon, Pleasantville, Vic, 3999</td></tr><tr><td>Contacts</td><td>Home: unknown. Work: (03) 5555 6473</td></tr><tr><td>Id</td><td>MRN: 12345 (Acme Healthcare)</td></tr></tbody></table></div>"}}}