{"title":"Standard Person Examples","updated":"2012-05-29T23:45:32+00:00","id":"urn:uuid:b248b1b2-1686-4b94-9936-37d7a5f94b51","link":[{"rel":"self","href":"http://www.hl7.org/fhir/patient-examples.xml"}],"entry":[{"title":"patient, female","link":[{"rel":"self","href":"http://hl7.org/fhir/person/@1/history/@1"}],"id":"http://hl7.org/fhir/person/@1","updated":"2012-05-29T23:45:32+00:00","author":[{"name":"Grahame Grieve / HL7 publishing committee"}],"summary":"<div xmlns=\"http://www.w3.org/1999/xhtml\">Everywoman, Eve. SSN:\n\t\t\t\t\t\t444222222</div>","category":[{"term":"Person","scheme":"http://hl7.org/fhir/sid/fhir/resource-types"}],"content":{"Person":{"identifier":[{"label":"SSN","identifier":{"system":"http://hl7.org/fhir/sid/us-ssn","id":"444222222"}}],"name":[{"use":"official","family":["Everywoman"],"given":["Eve"]}],"telecom":[{"system":"phone","value":"555-555-2003","use":"work"}],"gender":{"system":"http://hl7.org/fhir/sid/v2-0001","code":"F"},"birthDate":{"value":"1973-05-31"},"address":[{"use":"home","line":["2222 Home Street"]}],"text":{"status":"generated","div":"<div xmlns=\"http://www.w3.org/1999/xhtml\">Everywoman, Eve. SSN:\n\t\t\t\t\t\t444222222</div>"}}}},{"title":"patient, male","link":[{"rel":"self","href":"http://hl7.org/fhir/person/@2/history/@1"}],"id":"http://hl7.org/fhir/person/@2","updated":"2012-05-29T23:45:32+00:00","author":[{"name":"Grahame Grieve"}],"summary":"<div xmlns=\"http://www.w3.org/1999/xhtml\">Everyman, Adam. SSN:\n\t\t\t\t\t\t444333333</div>","category":[{"term":"Person","scheme":"http://hl7.org/fhir/sid/fhir/resource-types"}],"content":{"Person":{"identifier":[{"label":"SSN","identifier":{"system":"http://hl7.org/fhir/sid/us-ssn","id":"444333333"}}],"name":[{"use":"official","family":["Everyman"],"given":["Adam"]}],"telecom":[{"system":"phone","value":"555-555-2004","use":"work"}],"gender":{"system":"http://hl7.org/fhir/sid/v2-0001","code":"M"},"address":[{"use":"home","line":["2222 Home Street"]}],"text":{"status":"generated","div":"<div xmlns=\"http://www.w3.org/1999/xhtml\">Everyman, Adam. SSN:\n\t\t\t\t\t\t444333333</div>"}}}},{"title":"patient, child","link":[{"rel":"self","href":"http://hl7.org/fhir/person/@3/history/@1"}],"id":"http://hl7.org/fhir/person/@3","updated":"2012-05-29T23:45:32+00:00","author":[{"name":"Grahame Grieve"}],"summary":"<div xmlns=\"http://www.w3.org/1999/xhtml\">Kidd, Kari. SSN:\n\t\t\t\t\t\t444555555</div>","category":[{"term":"Person","scheme":"http://hl7.org/fhir/sid/fhir/resource-types"}],"content":{"Person":{"identifier":[{"label":"SSN","identifier":{"system":"http://hl7.org/fhir/sid/us-ssn","id":"444555555"}}],"name":[{"use":"official","family":["Kidd"],"given":["Kari"]}],"telecom":[{"system":"phone","value":"555-555-2005","use":"work"}],"gender":{"system":"http://hl7.org/fhir/sid/v2-0001","code":"F"},"address":[{"use":"home","line":["2222 Home Street"]}],"text":{"status":"generated","div":"<div xmlns=\"http://www.w3.org/1999/xhtml\">Kidd, Kari. SSN:\n\t\t\t\t\t\t444555555</div>"}}}},{"title":"family, daughter","link":[{"rel":"self","href":"http://hl7.org/fhir/person/@4/history/@1"}],"id":"http://hl7.org/fhir/person/@4","updated":"2012-05-29T23:45:32+00:00","author":[{"name":"Grahame Grieve"}],"summary":"<div xmlns=\"http://www.w3.org/1999/xhtml\">Nuclear, Nancy. SSN:\n\t\t\t\t\t\t444114567</div>","category":[{"term":"Person","scheme":"http://hl7.org/fhir/sid/fhir/resource-types"}],"content":{"Person":{"identifier":[{"label":"SSN","identifier":{"system":"http://hl7.org/fhir/sid/us-ssn","id":"444114567"}}],"name":[{"use":"official","family":["Nuclear"],"given":["Nancy"]}],"telecom":[{"system":"phone","value":"555-555-5001","use":"work"}],"gender":{"system":"http://hl7.org/fhir/sid/v2-0001","code":"F"},"address":[{"use":"home","line":["6666 Home Street"]}],"text":{"status":"generated","div":"<div xmlns=\"http://www.w3.org/1999/xhtml\">Nuclear, Nancy. SSN:\n\t\t\t\t\t\t444114567</div>"}}}},{"title":"family, husband","link":[{"rel":"self","href":"http://hl7.org/fhir/person/@5/history/@1"}],"id":"http://hl7.org/fhir/person/@5","updated":"2012-05-29T23:45:32+00:00","author":[{"name":"Grahame Grieve"}],"summary":"<div xmlns=\"http://www.w3.org/1999/xhtml\">Nuclear, Neville. SSN:\n\t\t\t\t\t\t444111234</div>","category":[{"term":"Person","scheme":"http://hl7.org/fhir/sid/fhir/resource-types"}],"content":{"Person":{"identifier":[{"label":"SSN","identifier":{"system":"http://hl7.org/fhir/sid/us-ssn","id":"444111234"}}],"name":[{"use":"official","family":["Nuclear"],"given":["Neville"]}],"telecom":[{"system":"phone","value":"555-555-5001","use":"work"}],"gender":{"system":"http://hl7.org/fhir/sid/v2-0001","code":"M"},"address":[{"use":"home","line":["6666 Home Street"]}],"text":{"status":"generated","div":"<div xmlns=\"http://www.w3.org/1999/xhtml\">Nuclear, Neville. SSN:\n\t\t\t\t\t\t444111234</div>"}}}},{"title":"family, son","link":[{"rel":"self","href":"http://hl7.org/fhir/person/@6/history/@1"}],"id":"http://hl7.org/fhir/person/@6","updated":"2012-05-29T23:45:32+00:00","author":[{"name":"Grahame Grieve"}],"summary":"<div xmlns=\"http://www.w3.org/1999/xhtml\">Nuclear, Ned. SSN:\n\t\t\t\t\t\t444113456</div>","category":[{"term":"Person","scheme":"http://hl7.org/fhir/sid/fhir/resource-types"}],"content":{"Person":{"identifier":[{"label":"SSN","identifier":{"system":"http://hl7.org/fhir/sid/us-ssn","id":"444113456"}}],"name":[{"use":"official","family":["Nuclear"],"given":["Ned"]}],"telecom":[{"system":"phone","value":"555-555-5001","use":"work"}],"gender":{"system":"http://hl7.org/fhir/sid/v2-0001","code":"M"},"address":[{"use":"home","line":["6666 Home Street"]}],"text":{"status":"generated","div":"<div xmlns=\"http://www.w3.org/1999/xhtml\">Nuclear, Ned. SSN:\n\t\t\t\t\t\t444113456</div>"}}}},{"title":"family, wife","link":[{"rel":"self","href":"http://hl7.org/fhir/person/@7/history/@1"}],"id":"http://hl7.org/fhir/person/@7","updated":"2012-05-29T23:45:32+00:00","author":[{"name":"Grahame Grieve"}],"summary":"<div xmlns=\"http://www.w3.org/1999/xhtml\">Nuclear, Nelda. SSN:\n\t\t\t\t\t\t444112345</div>","category":[{"term":"Person","scheme":"http://hl7.org/fhir/sid/fhir/resource-types"}],"content":{"Person":{"identifier":[{"label":"SSN","identifier":{"system":"http://hl7.org/fhir/sid/us-ssn","id":"444112345"}}],"name":[{"use":"official","family":["Nuclear"],"given":["Nelda"]}],"telecom":[{"system":"phone","value":"555-555-5001","use":"work"}],"gender":{"system":"http://hl7.org/fhir/sid/v2-0001","code":"F"},"address":[{"use":"home","line":["6666 Home Street"]}],"text":{"status":"generated","div":"<div xmlns=\"http://www.w3.org/1999/xhtml\">Nuclear, Nelda. SSN:\n\t\t\t\t\t\t444112345</div>"}}}},{"title":"next of kin (parent)","link":[{"rel":"self","href":"http://hl7.org/fhir/person/@8/history/@1"}],"id":"http://hl7.org/fhir/person/@8","updated":"2012-05-29T23:45:32+00:00","author":[{"name":"Grahame Grieve"}],"summary":"<div xmlns=\"http://www.w3.org/1999/xhtml\">Mum, Martha. SSN:\n\t\t\t\t\t\t444666666</div>","category":[{"term":"Person","scheme":"http://hl7.org/fhir/sid/fhir/resource-types"}],"content":{"Person":{"identifier":[{"label":"SSN","identifier":{"system":"http://hl7.org/fhir/sid/us-ssn","id":"444666666"}}],"name":[{"use":"official","family":["Mum"],"given":["Martha"]}],"telecom":[{"system":"phone","value":"555-555-2006","use":"work"}],"gender":{"system":"http://hl7.org/fhir/sid/v2-0001","code":"F"},"address":[{"use":"home","line":["4444 Home Street"]}],"text":{"status":"generated","div":"<div xmlns=\"http://www.w3.org/1999/xhtml\">Mum, Martha. SSN:\n\t\t\t\t\t\t444666666</div>"}}}},{"title":"next of kin (child)","link":[{"rel":"self","href":"http://hl7.org/fhir/person/@9/history/@1"}],"id":"http://hl7.org/fhir/person/@9","updated":"2012-05-29T23:45:32+00:00","author":[{"name":"Grahame Grieve"}],"summary":"<div xmlns=\"http://www.w3.org/1999/xhtml\">Sons, Stuart. SSN:\n\t\t\t\t\t\t444777777</div>","category":[{"term":"Person","scheme":"http://hl7.org/fhir/sid/fhir/resource-types"}],"content":{"Person":{"identifier":[{"label":"SSN","identifier":{"system":"http://hl7.org/fhir/sid/us-ssn","id":"444777777"}}],"name":[{"use":"official","family":["Sons"],"given":["Stuart"]}],"telecom":[{"system":"phone","value":"555-555-2007","use":"work"}],"gender":{"system":"http://hl7.org/fhir/sid/v2-0001","code":"M"},"address":[{"use":"home","line":["4444 Home Street"]}],"text":{"status":"generated","div":"<div xmlns=\"http://www.w3.org/1999/xhtml\">Sons, Stuart. SSN:\n\t\t\t\t\t\t444777777</div>"}}}},{"title":"next of kin (spouse)","link":[{"rel":"self","href":"http://hl7.org/fhir/person/@10/history/@1"}],"id":"http://hl7.org/fhir/person/@10","updated":"2012-05-29T23:45:32+00:00","author":[{"name":"Grahame Grieve"}],"summary":"<div xmlns=\"http://www.w3.org/1999/xhtml\">Betterhalf, Boris. SSN:\n\t\t\t\t\t\t444888888</div>","category":[{"term":"Person","scheme":"http://hl7.org/fhir/sid/fhir/resource-types"}],"content":{"Person":{"identifier":[{"label":"SSN","identifier":{"system":"http://hl7.org/fhir/sid/us-ssn","id":"444888888"}}],"name":[{"use":"official","family":["Betterhalf"],"given":["Boris"]}],"telecom":[{"system":"phone","value":"555-555-2008","use":"work"}],"gender":{"system":"http://hl7.org/fhir/sid/v2-0001","code":"M"},"address":[{"use":"home","line":["2222 Home Street"]}],"text":{"status":"generated","div":"<div xmlns=\"http://www.w3.org/1999/xhtml\">Betterhalf, Boris. SSN:\n\t\t\t\t\t\t444888888</div>"}}}},{"title":"next of kin (other)","link":[{"rel":"self","href":"http://hl7.org/fhir/person/@11/history/@1"}],"id":"http://hl7.org/fhir/person/@11","updated":"2012-05-29T23:45:32+00:00","author":[{"name":"Grahame Grieve"}],"summary":"<div xmlns=\"http://www.w3.org/1999/xhtml\">Relative, Ralph. SSN:\n\t\t\t\t\t\t444999999</div>","category":[{"term":"Person","scheme":"http://hl7.org/fhir/sid/fhir/resource-types"}],"content":{"Person":{"identifier":[{"label":"SSN","identifier":{"system":"http://hl7.org/fhir/sid/us-ssn","id":"444999999"}}],"name":[{"use":"official","family":["Relative"],"given":["Ralph"]}],"telecom":[{"system":"phone","value":"555-555-2009","use":"work"}],"gender":{"system":"http://hl7.org/fhir/sid/v2-0001","code":"M"},"address":[{"use":"home","line":["4444 Home Street"]}],"text":{"status":"generated","div":"<div xmlns=\"http://www.w3.org/1999/xhtml\">Relative, Ralph. SSN:\n\t\t\t\t\t\t444999999</div>"}}}},{"title":"contact person","link":[{"rel":"self","href":"http://hl7.org/fhir/person/@12/history/@1"}],"id":"http://hl7.org/fhir/person/@12","updated":"2012-05-29T23:45:32+00:00","author":[{"name":"Grahame Grieve"}],"summary":"<div xmlns=\"http://www.w3.org/1999/xhtml\">Contact, Carrie. SSN:\n\t\t\t\t\t\t555222222</div>","category":[{"term":"Person","scheme":"http://hl7.org/fhir/sid/fhir/resource-types"}],"content":{"Person":{"identifier":[{"label":"SSN","identifier":{"system":"http://hl7.org/fhir/sid/us-ssn","id":"555222222"}}],"name":[{"use":"official","family":["Contact"],"given":["Carrie"]}],"telecom":[{"system":"phone","value":"555-555-2010","use":"work"}],"gender":{"system":"http://hl7.org/fhir/sid/v2-0001","code":"F"},"address":[{"use":"home","line":["5555 Home Street"]}],"text":{"status":"generated","div":"<div xmlns=\"http://www.w3.org/1999/xhtml\">Contact, Carrie. SSN:\n\t\t\t\t\t\t555222222</div>"}}}},{"title":"healthcare provider","link":[{"rel":"self","href":"http://hl7.org/fhir/person/@13/history/@1"}],"id":"http://hl7.org/fhir/person/@13","updated":"2012-05-29T23:45:32+00:00","author":[{"name":"Grahame Grieve"}],"summary":"<div xmlns=\"http://www.w3.org/1999/xhtml\">Seven, Henry. SSN:\n\t\t\t\t\t\t333333333</div>","category":[{"term":"Person","scheme":"http://hl7.org/fhir/sid/fhir/resource-types"}],"content":{"Person":{"identifier":[{"label":"SSN","identifier":{"system":"http://hl7.org/fhir/sid/us-ssn","id":"333333333"}}],"name":[{"use":"official","family":["Seven"],"given":["Henry"]}],"telecom":[{"system":"phone","value":"555-555-1002","use":"work"}],"gender":{"system":"http://hl7.org/fhir/sid/v2-0001","code":"M"},"address":[{"use":"home","line":["1002 Healthcare Drive"]}],"text":{"status":"generated","div":"<div xmlns=\"http://www.w3.org/1999/xhtml\">Seven, Henry. SSN:\n\t\t\t\t\t\t333333333</div>"}}}},{"title":"assigned practitioner","link":[{"rel":"self","href":"http://hl7.org/fhir/person/@14/history/@1"}],"id":"http://hl7.org/fhir/person/@14","updated":"2012-05-29T23:45:32+00:00","author":[{"name":"Grahame Grieve"}],"summary":"<div xmlns=\"http://www.w3.org/1999/xhtml\">Assigned, Amanda. SSN:\n\t\t\t\t\t\t33344444</div>","category":[{"term":"Person","scheme":"http://hl7.org/fhir/sid/fhir/resource-types"}],"content":{"Person":{"identifier":[{"label":"SSN","identifier":{"system":"http://hl7.org/fhir/sid/us-ssn","id":"33344444"}}],"name":[{"use":"official","family":["Assigned"],"given":["Amanda"]}],"telecom":[{"system":"phone","value":"555-555-1021","use":"work"}],"gender":{"system":"http://hl7.org/fhir/sid/v2-0001","code":"F"},"address":[{"use":"home","line":["1020 Healthcare Drive"]}],"text":{"status":"generated","div":"<div xmlns=\"http://www.w3.org/1999/xhtml\">Assigned, Amanda. SSN:\n\t\t\t\t\t\t33344444</div>"}}}},{"title":"physician","link":[{"rel":"self","href":"http://hl7.org/fhir/person/@15/history/@1"}],"id":"http://hl7.org/fhir/person/@15","updated":"2012-05-29T23:45:32+00:00","author":[{"name":"Grahame Grieve"}],"summary":"<div xmlns=\"http://www.w3.org/1999/xhtml\">Hippocrates, Harold. SSN:\n\t\t\t\t\t\t444444444</div>","category":[{"term":"Person","scheme":"http://hl7.org/fhir/sid/fhir/resource-types"}],"content":{"Person":{"identifier":[{"label":"SSN","identifier":{"system":"http://hl7.org/fhir/sid/us-ssn","id":"444444444"}}],"name":[{"use":"official","family":["Hippocrates"],"given":["Harold"]}],"telecom":[{"system":"phone","value":"555-555-1003","use":"work"}],"gender":{"system":"http://hl7.org/fhir/sid/v2-0001","code":"M"},"address":[{"use":"home","line":["1003 Healthcare Drive"]}],"text":{"status":"generated","div":"<div xmlns=\"http://www.w3.org/1999/xhtml\">Hippocrates, Harold. SSN:\n\t\t\t\t\t\t444444444</div>"}}}},{"title":"primary care physician","link":[{"rel":"self","href":"http://hl7.org/fhir/person/@16/history/@1"}],"id":"http://hl7.org/fhir/person/@16","updated":"2012-05-29T23:45:32+00:00","author":[{"name":"Grahame Grieve"}],"summary":"<div xmlns=\"http://www.w3.org/1999/xhtml\">Primary, Patricia. SSN:\n\t\t\t\t\t\t555555555</div>","category":[{"term":"Person","scheme":"http://hl7.org/fhir/sid/fhir/resource-types"}],"content":{"Person":{"identifier":[{"label":"SSN","identifier":{"system":"http://hl7.org/fhir/sid/us-ssn","id":"555555555"}}],"name":[{"use":"official","family":["Primary"],"given":["Patricia"]}],"telecom":[{"system":"phone","value":"555-555-1004","use":"work"}],"gender":{"system":"http://hl7.org/fhir/sid/v2-0001","code":"F"},"address":[{"use":"home","line":["1004 Healthcare Drive"]}],"text":{"status":"generated","div":"<div xmlns=\"http://www.w3.org/1999/xhtml\">Primary, Patricia. SSN:\n\t\t\t\t\t\t555555555</div>"}}}},{"title":"admitting physician","link":[{"rel":"self","href":"http://hl7.org/fhir/person/@17/history/@1"}],"id":"http://hl7.org/fhir/person/@17","updated":"2012-05-29T23:45:32+00:00","author":[{"name":"Grahame Grieve"}],"summary":"<div xmlns=\"http://www.w3.org/1999/xhtml\">Admit, Alan. SSN:\n\t\t\t\t\t\t666666666</div>","category":[{"term":"Person","scheme":"http://hl7.org/fhir/sid/fhir/resource-types"}],"content":{"Person":{"identifier":[{"label":"SSN","identifier":{"system":"http://hl7.org/fhir/sid/us-ssn","id":"666666666"}}],"name":[{"use":"official","family":["Admit"],"given":["Alan"]}],"telecom":[{"system":"phone","value":"555-555-1005","use":"work"}],"gender":{"system":"http://hl7.org/fhir/sid/v2-0001","code":"M"},"address":[{"use":"home","line":["1005 Healthcare Drive"]}],"text":{"status":"generated","div":"<div xmlns=\"http://www.w3.org/1999/xhtml\">Admit, Alan. SSN:\n\t\t\t\t\t\t666666666</div>"}}}},{"title":"attending physician","link":[{"rel":"self","href":"http://hl7.org/fhir/person/@18/history/@1"}],"id":"http://hl7.org/fhir/person/@18","updated":"2012-05-29T23:45:32+00:00","author":[{"name":"Grahame Grieve"}],"summary":"<div xmlns=\"http://www.w3.org/1999/xhtml\">Attend, Aaron. SSN:\n\t\t\t\t\t\t777777777</div>","category":[{"term":"Person","scheme":"http://hl7.org/fhir/sid/fhir/resource-types"}],"content":{"Person":{"identifier":[{"label":"SSN","identifier":{"system":"http://hl7.org/fhir/sid/us-ssn","id":"777777777"}}],"name":[{"use":"official","family":["Attend"],"given":["Aaron"]}],"telecom":[{"system":"phone","value":"555-555-1006","use":"work"}],"gender":{"system":"http://hl7.org/fhir/sid/v2-0001","code":"M"},"address":[{"use":"home","line":["1006 Healthcare Drive"]}],"text":{"status":"generated","div":"<div xmlns=\"http://www.w3.org/1999/xhtml\">Attend, Aaron. SSN:\n\t\t\t\t\t\t777777777</div>"}}}},{"title":"referring physician","link":[{"rel":"self","href":"http://hl7.org/fhir/person/@19/history/@1"}],"id":"http://hl7.org/fhir/person/@19","updated":"2012-05-29T23:45:32+00:00","author":[{"name":"Grahame Grieve"}],"summary":"<div xmlns=\"http://www.w3.org/1999/xhtml\">Sender, Sam. SSN:\n\t\t\t\t\t\t888888888</div>","category":[{"term":"Person","scheme":"http://hl7.org/fhir/sid/fhir/resource-types"}],"content":{"Person":{"identifier":[{"label":"SSN","identifier":{"system":"http://hl7.org/fhir/sid/us-ssn","id":"888888888"}}],"name":[{"use":"official","family":["Sender"],"given":["Sam"]}],"telecom":[{"system":"phone","value":"555-555-1007","use":"work"}],"gender":{"system":"http://hl7.org/fhir/sid/v2-0001","code":"M"},"address":[{"use":"home","line":["1007 Healthcare Drive"]}],"text":{"status":"generated","div":"<div xmlns=\"http://www.w3.org/1999/xhtml\">Sender, Sam. SSN:\n\t\t\t\t\t\t888888888</div>"}}}},{"title":"intern","link":[{"rel":"self","href":"http://hl7.org/fhir/person/@20/history/@1"}],"id":"http://hl7.org/fhir/person/@20","updated":"2012-05-29T23:45:32+00:00","author":[{"name":"Grahame Grieve"}],"summary":"<div xmlns=\"http://www.w3.org/1999/xhtml\">Intern, Irving. SSN:\n\t\t\t\t\t\t888222222</div>","category":[{"term":"Person","scheme":"http://hl7.org/fhir/sid/fhir/resource-types"}],"content":{"Person":{"identifier":[{"label":"SSN","identifier":{"system":"http://hl7.org/fhir/sid/us-ssn","id":"888222222"}}],"name":[{"use":"official","family":["Intern"],"given":["Irving"]}],"telecom":[{"system":"phone","value":"555-555-1022","use":"work"}],"gender":{"system":"http://hl7.org/fhir/sid/v2-0001","code":"M"},"address":[{"use":"home","line":["1021 Healthcare Drive"]}],"text":{"status":"generated","div":"<div xmlns=\"http://www.w3.org/1999/xhtml\">Intern, Irving. SSN:\n\t\t\t\t\t\t888222222</div>"}}}},{"title":"resident","link":[{"rel":"self","href":"http://hl7.org/fhir/person/@21/history/@1"}],"id":"http://hl7.org/fhir/person/@21","updated":"2012-05-29T23:45:32+00:00","author":[{"name":"Grahame Grieve"}],"summary":"<div xmlns=\"http://www.w3.org/1999/xhtml\">Resident, Rachel. SSN:\n\t\t\t\t\t\t888333333</div>","category":[{"term":"Person","scheme":"http://hl7.org/fhir/sid/fhir/resource-types"}],"content":{"Person":{"identifier":[{"label":"SSN","identifier":{"system":"http://hl7.org/fhir/sid/us-ssn","id":"888333333"}}],"name":[{"use":"official","family":["Resident"],"given":["Rachel"]}],"telecom":[{"system":"phone","value":"555-555-1023","use":"work"}],"gender":{"system":"http://hl7.org/fhir/sid/v2-0001","code":"F"},"address":[{"use":"home","line":["1022 Healthcare Drive"]}],"text":{"status":"generated","div":"<div xmlns=\"http://www.w3.org/1999/xhtml\">Resident, Rachel. SSN:\n\t\t\t\t\t\t888333333</div>"}}}},{"title":"chief of staff","link":[{"rel":"self","href":"http://hl7.org/fhir/person/@22/history/@1"}],"id":"http://hl7.org/fhir/person/@22","updated":"2012-05-29T23:45:32+00:00","author":[{"name":"Grahame Grieve"}],"summary":"<div xmlns=\"http://www.w3.org/1999/xhtml\">Leader, Linda. SSN:\n\t\t\t\t\t\t888444444</div>","category":[{"term":"Person","scheme":"http://hl7.org/fhir/sid/fhir/resource-types"}],"content":{"Person":{"identifier":[{"label":"SSN","identifier":{"system":"http://hl7.org/fhir/sid/us-ssn","id":"888444444"}}],"name":[{"use":"official","family":["Leader"],"given":["Linda"]}],"telecom":[{"system":"phone","value":"555-555-1024","use":"work"}],"gender":{"system":"http://hl7.org/fhir/sid/v2-0001","code":"F"},"address":[{"use":"home","line":["1023 Healthcare Drive"]}],"text":{"status":"generated","div":"<div xmlns=\"http://www.w3.org/1999/xhtml\">Leader, Linda. SSN:\n\t\t\t\t\t\t888444444</div>"}}}},{"title":"authenticator","link":[{"rel":"self","href":"http://hl7.org/fhir/person/@23/history/@1"}],"id":"http://hl7.org/fhir/person/@23","updated":"2012-05-29T23:45:32+00:00","author":[{"name":"Grahame Grieve"}],"summary":"<div xmlns=\"http://www.w3.org/1999/xhtml\">Verify, Virgil. SSN:\n\t\t\t\t\t\t999999999</div>","category":[{"term":"Person","scheme":"http://hl7.org/fhir/sid/fhir/resource-types"}],"content":{"Person":{"identifier":[{"label":"SSN","identifier":{"system":"http://hl7.org/fhir/sid/us-ssn","id":"999999999"}}],"name":[{"use":"official","family":["Verify"],"given":["Virgil"]}],"telecom":[{"system":"phone","value":"555-555-1008","use":"work"}],"gender":{"system":"http://hl7.org/fhir/sid/v2-0001","code":"M"},"address":[{"use":"home","line":["1008 Healthcare Drive"]}],"text":{"status":"generated","div":"<div xmlns=\"http://www.w3.org/1999/xhtml\">Verify, Virgil. SSN:\n\t\t\t\t\t\t999999999</div>"}}}},{"title":"specialist","link":[{"rel":"self","href":"http://hl7.org/fhir/person/@24/history/@1"}],"id":"http://hl7.org/fhir/person/@24","updated":"2012-05-29T23:45:32+00:00","author":[{"name":"Grahame Grieve"}],"summary":"<div xmlns=\"http://www.w3.org/1999/xhtml\">Specialize, Sara. SSN:\n\t\t\t\t\t\t222333333</div>","category":[{"term":"Person","scheme":"http://hl7.org/fhir/sid/fhir/resource-types"}],"content":{"Person":{"identifier":[{"label":"SSN","identifier":{"system":"http://hl7.org/fhir/sid/us-ssn","id":"222333333"}}],"name":[{"use":"official","family":["Specialize"],"given":["Sara"]}],"telecom":[{"system":"phone","value":"555-555-1009","use":"work"}],"gender":{"system":"http://hl7.org/fhir/sid/v2-0001","code":"F"},"address":[{"use":"home","line":["1009 Healthcare Drive"]}],"text":{"status":"generated","div":"<div xmlns=\"http://www.w3.org/1999/xhtml\">Specialize, Sara. SSN:\n\t\t\t\t\t\t222333333</div>"}}}},{"title":"allergist/immunologist","link":[{"rel":"self","href":"http://hl7.org/fhir/person/@25/history/@1"}],"id":"http://hl7.org/fhir/person/@25","updated":"2012-05-29T23:45:32+00:00","author":[{"name":"Grahame Grieve"}],"summary":"<div xmlns=\"http://www.w3.org/1999/xhtml\">Reaction, Ramsey. SSN:\n\t\t\t\t\t\t222223333</div>","category":[{"term":"Person","scheme":"http://hl7.org/fhir/sid/fhir/resource-types"}],"content":{"Person":{"identifier":[{"label":"SSN","identifier":{"system":"http://hl7.org/fhir/sid/us-ssn","id":"222223333"}}],"name":[{"use":"official","family":["Reaction"],"given":["Ramsey"]}],"telecom":[{"system":"phone","value":"555-555-1025","use":"work"}],"gender":{"system":"http://hl7.org/fhir/sid/v2-0001","code":"M"},"address":[{"use":"home","line":["1024 Healthcare Drive"]}],"text":{"status":"generated","div":"<div xmlns=\"http://www.w3.org/1999/xhtml\">Reaction, Ramsey. SSN:\n\t\t\t\t\t\t222223333</div>"}}}},{"title":"anesthesiologist","link":[{"rel":"self","href":"http://hl7.org/fhir/person/@26/history/@1"}],"id":"http://hl7.org/fhir/person/@26","updated":"2012-05-29T23:45:32+00:00","author":[{"name":"Grahame Grieve"}],"summary":"<div xmlns=\"http://www.w3.org/1999/xhtml\">Sleeper, Sally. SSN:\n\t\t\t\t\t\t222666666</div>","category":[{"term":"Person","scheme":"http://hl7.org/fhir/sid/fhir/resource-types"}],"content":{"Person":{"identifier":[{"label":"SSN","identifier":{"system":"http://hl7.org/fhir/sid/us-ssn","id":"222666666"}}],"name":[{"use":"official","family":["Sleeper"],"given":["Sally"]}],"telecom":[{"system":"phone","value":"555-555-1012","use":"work"}],"gender":{"system":"http://hl7.org/fhir/sid/v2-0001","code":"F"},"address":[{"use":"home","line":["1012 Healthcare Drive"]}],"text":{"status":"generated","div":"<div xmlns=\"http://www.w3.org/1999/xhtml\">Sleeper, Sally. SSN:\n\t\t\t\t\t\t222666666</div>"}}}},{"title":"cardiologist","link":[{"rel":"self","href":"http://hl7.org/fhir/person/@27/history/@1"}],"id":"http://hl7.org/fhir/person/@27","updated":"2012-05-29T23:45:32+00:00","author":[{"name":"Grahame Grieve"}],"summary":"<div xmlns=\"http://www.w3.org/1999/xhtml\">Pump, Patrick. SSN:\n\t\t\t\t\t\t222334444</div>","category":[{"term":"Person","scheme":"http://hl7.org/fhir/sid/fhir/resource-types"}],"content":{"Person":{"identifier":[{"label":"SSN","identifier":{"system":"http://hl7.org/fhir/sid/us-ssn","id":"222334444"}}],"name":[{"use":"official","family":["Pump"],"given":["Patrick"]}],"telecom":[{"system":"phone","value":"555-555-1027","use":"work"}],"gender":{"system":"http://hl7.org/fhir/sid/v2-0001","code":"M"},"address":[{"use":"home","line":["1025 Healthcare Drive"]}],"text":{"status":"generated","div":"<div xmlns=\"http://www.w3.org/1999/xhtml\">Pump, Patrick. SSN:\n\t\t\t\t\t\t222334444</div>"}}}},{"title":"cardiovascular surgeon","link":[{"rel":"self","href":"http://hl7.org/fhir/person/@28/history/@1"}],"id":"http://hl7.org/fhir/person/@28","updated":"2012-05-29T23:45:32+00:00","author":[{"name":"Grahame Grieve"}],"summary":"<div xmlns=\"http://www.w3.org/1999/xhtml\">Valve, Vera. SSN:\n\t\t\t\t\t\t222335555</div>","category":[{"term":"Person","scheme":"http://hl7.org/fhir/sid/fhir/resource-types"}],"content":{"Person":{"identifier":[{"label":"SSN","identifier":{"system":"http://hl7.org/fhir/sid/us-ssn","id":"222335555"}}],"name":[{"use":"official","family":["Valve"],"given":["Vera"]}],"telecom":[{"system":"phone","value":"555-555-1028","use":"work"}],"gender":{"system":"http://hl7.org/fhir/sid/v2-0001","code":"F"},"address":[{"use":"home","line":["1026 Healthcare Drive"]}],"text":{"status":"generated","div":"<div xmlns=\"http://www.w3.org/1999/xhtml\">Valve, Vera. SSN:\n\t\t\t\t\t\t222335555</div>"}}}},{"title":"dermatologist","link":[{"rel":"self","href":"http://hl7.org/fhir/person/@29/history/@1"}],"id":"http://hl7.org/fhir/person/@29","updated":"2012-05-29T23:45:32+00:00","author":[{"name":"Grahame Grieve"}],"summary":"<div xmlns=\"http://www.w3.org/1999/xhtml\">Scratch, Sophie. SSN:\n\t\t\t\t\t\t222336666</div>","category":[{"term":"Person","scheme":"http://hl7.org/fhir/sid/fhir/resource-types"}],"content":{"Person":{"identifier":[{"label":"SSN","identifier":{"system":"http://hl7.org/fhir/sid/us-ssn","id":"222336666"}}],"name":[{"use":"official","family":["Scratch"],"given":["Sophie"]}],"telecom":[{"system":"phone","value":"555-555-1029","use":"work"}],"gender":{"system":"http://hl7.org/fhir/sid/v2-0001","code":"F"},"address":[{"use":"home","line":["1027 Healthcare Drive"]}],"text":{"status":"generated","div":"<div xmlns=\"http://www.w3.org/1999/xhtml\">Scratch, Sophie. SSN:\n\t\t\t\t\t\t222336666</div>"}}}},{"title":"emergency medicine specialist","link":[{"rel":"self","href":"http://hl7.org/fhir/person/@30/history/@1"}],"id":"http://hl7.org/fhir/person/@30","updated":"2012-05-29T23:45:32+00:00","author":[{"name":"Grahame Grieve"}],"summary":"<div xmlns=\"http://www.w3.org/1999/xhtml\">Emergency, Eric. SSN:\n\t\t\t\t\t\t222337777</div>","category":[{"term":"Person","scheme":"http://hl7.org/fhir/sid/fhir/resource-types"}],"content":{"Person":{"identifier":[{"label":"SSN","identifier":{"system":"http://hl7.org/fhir/sid/us-ssn","id":"222337777"}}],"name":[{"use":"official","family":["Emergency"],"given":["Eric"]}],"telecom":[{"system":"phone","value":"555-555-1030","use":"work"}],"gender":{"system":"http://hl7.org/fhir/sid/v2-0001","code":"M"},"address":[{"use":"home","line":["1028 Healthcare Drive"]}],"text":{"status":"generated","div":"<div xmlns=\"http://www.w3.org/1999/xhtml\">Emergency, Eric. SSN:\n\t\t\t\t\t\t222337777</div>"}}}},{"title":"endocrinologist","link":[{"rel":"self","href":"http://hl7.org/fhir/person/@31/history/@1"}],"id":"http://hl7.org/fhir/person/@31","updated":"2012-05-29T23:45:32+00:00","author":[{"name":"Grahame Grieve"}],"summary":"<div xmlns=\"http://www.w3.org/1999/xhtml\">Hormone, Horace. SSN:\n\t\t\t\t\t\t222338888</div>","category":[{"term":"Person","scheme":"http://hl7.org/fhir/sid/fhir/resource-types"}],"content":{"Person":{"identifier":[{"label":"SSN","identifier":{"system":"http://hl7.org/fhir/sid/us-ssn","id":"222338888"}}],"name":[{"use":"official","family":["Hormone"],"given":["Horace"]}],"telecom":[{"system":"phone","value":"555-555-1031","use":"work"}],"gender":{"system":"http://hl7.org/fhir/sid/v2-0001","code":"M"},"address":[{"use":"home","line":["1029 Healthcare Drive"]}],"text":{"status":"generated","div":"<div xmlns=\"http://www.w3.org/1999/xhtml\">Hormone, Horace. SSN:\n\t\t\t\t\t\t222338888</div>"}}}},{"title":"family practitioner","link":[{"rel":"self","href":"http://hl7.org/fhir/person/@32/history/@1"}],"id":"http://hl7.org/fhir/person/@32","updated":"2012-05-29T23:45:32+00:00","author":[{"name":"Grahame Grieve"}],"summary":"<div xmlns=\"http://www.w3.org/1999/xhtml\">Family, Fay. SSN:\n\t\t\t\t\t\t222339999</div>","category":[{"term":"Person","scheme":"http://hl7.org/fhir/sid/fhir/resource-types"}],"content":{"Person":{"identifier":[{"label":"SSN","identifier":{"system":"http://hl7.org/fhir/sid/us-ssn","id":"222339999"}}],"name":[{"use":"official","family":["Family"],"given":["Fay"]}],"telecom":[{"system":"phone","value":"555-555-1032","use":"work"}],"gender":{"system":"http://hl7.org/fhir/sid/v2-0001","code":"F"},"address":[{"use":"home","line":["1030 Healthcare Drive"]}],"text":{"status":"generated","div":"<div xmlns=\"http://www.w3.org/1999/xhtml\">Family, Fay. SSN:\n\t\t\t\t\t\t222339999</div>"}}}},{"title":"gastroenterologist","link":[{"rel":"self","href":"http://hl7.org/fhir/person/@33/history/@1"}],"id":"http://hl7.org/fhir/person/@33","updated":"2012-05-29T23:45:32+00:00","author":[{"name":"Grahame Grieve"}],"summary":"<div xmlns=\"http://www.w3.org/1999/xhtml\">Tum, Tony. SSN:\n\t\t\t\t\t\t222442222</div>","category":[{"term":"Person","scheme":"http://hl7.org/fhir/sid/fhir/resource-types"}],"content":{"Person":{"identifier":[{"label":"SSN","identifier":{"system":"http://hl7.org/fhir/sid/us-ssn","id":"222442222"}}],"name":[{"use":"official","family":["Tum"],"given":["Tony"]}],"telecom":[{"system":"phone","value":"555-555-1033","use":"work"}],"gender":{"system":"http://hl7.org/fhir/sid/v2-0001","code":"M"},"address":[{"use":"home","line":["1031 Healthcare Drive"]}],"text":{"status":"generated","div":"<div xmlns=\"http://www.w3.org/1999/xhtml\">Tum, Tony. SSN:\n\t\t\t\t\t\t222442222</div>"}}}},{"title":"geriatrician","link":[{"rel":"self","href":"http://hl7.org/fhir/person/@34/history/@1"}],"id":"http://hl7.org/fhir/person/@34","updated":"2012-05-29T23:45:32+00:00","author":[{"name":"Grahame Grieve"}],"summary":"<div xmlns=\"http://www.w3.org/1999/xhtml\">Sage, Stanley. SSN:\n\t\t\t\t\t\t222443333</div>","category":[{"term":"Person","scheme":"http://hl7.org/fhir/sid/fhir/resource-types"}],"content":{"Person":{"identifier":[{"label":"SSN","identifier":{"system":"http://hl7.org/fhir/sid/us-ssn","id":"222443333"}}],"name":[{"use":"official","family":["Sage"],"given":["Stanley"]}],"telecom":[{"system":"phone","value":"555-555-1034","use":"work"}],"gender":{"system":"http://hl7.org/fhir/sid/v2-0001","code":"M"},"address":[{"use":"home","line":["1032 Healthcare Drive"]}],"text":{"status":"generated","div":"<div xmlns=\"http://www.w3.org/1999/xhtml\">Sage, Stanley. SSN:\n\t\t\t\t\t\t222443333</div>"}}}},{"title":"hematologist","link":[{"rel":"self","href":"http://hl7.org/fhir/person/@35/history/@1"}],"id":"http://hl7.org/fhir/person/@35","updated":"2012-05-29T23:45:32+00:00","author":[{"name":"Grahame Grieve"}],"summary":"<div xmlns=\"http://www.w3.org/1999/xhtml\">Bleeder, Boris. SSN:\n\t\t\t\t\t\t222443344</div>","category":[{"term":"Person","scheme":"http://hl7.org/fhir/sid/fhir/resource-types"}],"content":{"Person":{"identifier":[{"label":"SSN","identifier":{"system":"http://hl7.org/fhir/sid/us-ssn","id":"222443344"}}],"name":[{"use":"official","family":["Bleeder"],"given":["Boris"]}],"telecom":[{"system":"phone","value":"555-555-1035","use":"work"}],"gender":{"system":"http://hl7.org/fhir/sid/v2-0001","code":"M"},"address":[{"use":"home","line":["1033 Healthcare Drive"]}],"text":{"status":"generated","div":"<div xmlns=\"http://www.w3.org/1999/xhtml\">Bleeder, Boris. SSN:\n\t\t\t\t\t\t222443344</div>"}}}},{"title":"infectious disease specialist","link":[{"rel":"self","href":"http://hl7.org/fhir/person/@36/history/@1"}],"id":"http://hl7.org/fhir/person/@36","updated":"2012-05-29T23:45:32+00:00","author":[{"name":"Grahame Grieve"}],"summary":"<div xmlns=\"http://www.w3.org/1999/xhtml\">Pasteur, Paula. SSN:\n\t\t\t\t\t\t222445555</div>","category":[{"term":"Person","scheme":"http://hl7.org/fhir/sid/fhir/resource-types"}],"content":{"Person":{"identifier":[{"label":"SSN","identifier":{"system":"http://hl7.org/fhir/sid/us-ssn","id":"222445555"}}],"name":[{"use":"official","family":["Pasteur"],"given":["Paula"]}],"telecom":[{"system":"phone","value":"555-555-1036","use":"work"}],"gender":{"system":"http://hl7.org/fhir/sid/v2-0001","code":"F"},"address":[{"use":"home","line":["1034 Healthcare Drive"]}],"text":{"status":"generated","div":"<div xmlns=\"http://www.w3.org/1999/xhtml\">Pasteur, Paula. SSN:\n\t\t\t\t\t\t222445555</div>"}}}},{"title":"internist","link":[{"rel":"self","href":"http://hl7.org/fhir/person/@37/history/@1"}],"id":"http://hl7.org/fhir/person/@37","updated":"2012-05-29T23:45:32+00:00","author":[{"name":"Grahame Grieve"}],"summary":"<div xmlns=\"http://www.w3.org/1999/xhtml\">Osler, Otto. SSN:\n\t\t\t\t\t\t222446666</div>","category":[{"term":"Person","scheme":"http://hl7.org/fhir/sid/fhir/resource-types"}],"content":{"Person":{"identifier":[{"label":"SSN","identifier":{"system":"http://hl7.org/fhir/sid/us-ssn","id":"222446666"}}],"name":[{"use":"official","family":["Osler"],"given":["Otto"]}],"telecom":[{"system":"phone","value":"555-555-1037","use":"work"}],"gender":{"system":"http://hl7.org/fhir/sid/v2-0001","code":"M"},"address":[{"use":"home","line":["1035 Healthcare Drive"]}],"text":{"status":"generated","div":"<div xmlns=\"http://www.w3.org/1999/xhtml\">Osler, Otto. SSN:\n\t\t\t\t\t\t222446666</div>"}}}},{"title":"nephrologist","link":[{"rel":"self","href":"http://hl7.org/fhir/person/@38/history/@1"}],"id":"http://hl7.org/fhir/person/@38","updated":"2012-05-29T23:45:32+00:00","author":[{"name":"Grahame Grieve"}],"summary":"<div xmlns=\"http://www.w3.org/1999/xhtml\">Renal, Rory. SSN:\n\t\t\t\t\t\t222447777</div>","category":[{"term":"Person","scheme":"http://hl7.org/fhir/sid/fhir/resource-types"}],"content":{"Person":{"identifier":[{"label":"SSN","identifier":{"system":"http://hl7.org/fhir/sid/us-ssn","id":"222447777"}}],"name":[{"use":"official","family":["Renal"],"given":["Rory"]}],"telecom":[{"system":"phone","value":"555-555-1038","use":"work"}],"gender":{"system":"http://hl7.org/fhir/sid/v2-0001","code":"M"},"address":[{"use":"home","line":["1036 Healthcare Drive"]}],"text":{"status":"generated","div":"<div xmlns=\"http://www.w3.org/1999/xhtml\">Renal, Rory. SSN:\n\t\t\t\t\t\t222447777</div>"}}}},{"title":"neurologist","link":[{"rel":"self","href":"http://hl7.org/fhir/person/@39/history/@1"}],"id":"http://hl7.org/fhir/person/@39","updated":"2012-05-29T23:45:32+00:00","author":[{"name":"Grahame Grieve"}],"summary":"<div xmlns=\"http://www.w3.org/1999/xhtml\">Brain, Barry. SSN:\n\t\t\t\t\t\t222448888</div>","category":[{"term":"Person","scheme":"http://hl7.org/fhir/sid/fhir/resource-types"}],"content":{"Person":{"identifier":[{"label":"SSN","identifier":{"system":"http://hl7.org/fhir/sid/us-ssn","id":"222448888"}}],"name":[{"use":"official","family":["Brain"],"given":["Barry"]}],"telecom":[{"system":"phone","value":"555-555-1039","use":"work"}],"gender":{"system":"http://hl7.org/fhir/sid/v2-0001","code":"M"},"address":[{"use":"home","line":["1037 Healthcare Drive"]}],"text":{"status":"generated","div":"<div xmlns=\"http://www.w3.org/1999/xhtml\">Brain, Barry. SSN:\n\t\t\t\t\t\t222448888</div>"}}}},{"title":"neurosurgeon","link":[{"rel":"self","href":"http://hl7.org/fhir/person/@40/history/@1"}],"id":"http://hl7.org/fhir/person/@40","updated":"2012-05-29T23:45:32+00:00","author":[{"name":"Grahame Grieve"}],"summary":"<div xmlns=\"http://www.w3.org/1999/xhtml\">Cranium, Carol. SSN:\n\t\t\t\t\t\t222449999</div>","category":[{"term":"Person","scheme":"http://hl7.org/fhir/sid/fhir/resource-types"}],"content":{"Person":{"identifier":[{"label":"SSN","identifier":{"system":"http://hl7.org/fhir/sid/us-ssn","id":"222449999"}}],"name":[{"use":"official","family":["Cranium"],"given":["Carol"]}],"telecom":[{"system":"phone","value":"555-555-1040","use":"work"}],"gender":{"system":"http://hl7.org/fhir/sid/v2-0001","code":"F"},"address":[{"use":"home","line":["1038 Healthcare Drive"]}],"text":{"status":"generated","div":"<div xmlns=\"http://www.w3.org/1999/xhtml\">Cranium, Carol. SSN:\n\t\t\t\t\t\t222449999</div>"}}}},{"title":"OB/GYN","link":[{"rel":"self","href":"http://hl7.org/fhir/person/@41/history/@1"}],"id":"http://hl7.org/fhir/person/@41","updated":"2012-05-29T23:45:32+00:00","author":[{"name":"Grahame Grieve"}],"summary":"<div xmlns=\"http://www.w3.org/1999/xhtml\">Fem, Flora. SSN:\n\t\t\t\t\t\t222552222</div>","category":[{"term":"Person","scheme":"http://hl7.org/fhir/sid/fhir/resource-types"}],"content":{"Person":{"identifier":[{"label":"SSN","identifier":{"system":"http://hl7.org/fhir/sid/us-ssn","id":"222552222"}}],"name":[{"use":"official","family":["Fem"],"given":["Flora"]}],"telecom":[{"system":"phone","value":"555-555-1041","use":"work"}],"gender":{"system":"http://hl7.org/fhir/sid/v2-0001","code":"F"},"address":[{"use":"home","line":["1039 Healthcare Drive"]}],"text":{"status":"generated","div":"<div xmlns=\"http://www.w3.org/1999/xhtml\">Fem, Flora. SSN:\n\t\t\t\t\t\t222552222</div>"}}}},{"title":"oncologist","link":[{"rel":"self","href":"http://hl7.org/fhir/person/@42/history/@1"}],"id":"http://hl7.org/fhir/person/@42","updated":"2012-05-29T23:45:32+00:00","author":[{"name":"Grahame Grieve"}],"summary":"<div xmlns=\"http://www.w3.org/1999/xhtml\">Tumor, Trudy. SSN:\n\t\t\t\t\t\t222553333</div>","category":[{"term":"Person","scheme":"http://hl7.org/fhir/sid/fhir/resource-types"}],"content":{"Person":{"identifier":[{"label":"SSN","identifier":{"system":"http://hl7.org/fhir/sid/us-ssn","id":"222553333"}}],"name":[{"use":"official","family":["Tumor"],"given":["Trudy"]}],"telecom":[{"system":"phone","value":"555-555-2003","use":"work"}],"gender":{"system":"http://hl7.org/fhir/sid/v2-0001","code":"F"},"address":[{"use":"home","line":["1040 Healthcare Drive"]}],"text":{"status":"generated","div":"<div xmlns=\"http://www.w3.org/1999/xhtml\">Tumor, Trudy. SSN:\n\t\t\t\t\t\t222553333</div>"}}}},{"title":"ophthalmologist","link":[{"rel":"self","href":"http://hl7.org/fhir/person/@43/history/@1"}],"id":"http://hl7.org/fhir/person/@43","updated":"2012-05-29T23:45:32+00:00","author":[{"name":"Grahame Grieve"}],"summary":"<div xmlns=\"http://www.w3.org/1999/xhtml\">Vision, Victor. SSN:\n\t\t\t\t\t\t222554444</div>","category":[{"term":"Person","scheme":"http://hl7.org/fhir/sid/fhir/resource-types"}],"content":{"Person":{"identifier":[{"label":"SSN","identifier":{"system":"http://hl7.org/fhir/sid/us-ssn","id":"222554444"}}],"name":[{"use":"official","family":["Vision"],"given":["Victor"]}],"telecom":[{"system":"phone","value":"555-555-1043","use":"work"}],"gender":{"system":"http://hl7.org/fhir/sid/v2-0001","code":"M"},"address":[{"use":"home","line":["1041 Healthcare Drive"]}],"text":{"status":"generated","div":"<div xmlns=\"http://www.w3.org/1999/xhtml\">Vision, Victor. SSN:\n\t\t\t\t\t\t222554444</div>"}}}},{"title":"orthopedic surgeon","link":[{"rel":"self","href":"http://hl7.org/fhir/person/@44/history/@1"}],"id":"http://hl7.org/fhir/person/@44","updated":"2012-05-29T23:45:32+00:00","author":[{"name":"Grahame Grieve"}],"summary":"<div xmlns=\"http://www.w3.org/1999/xhtml\">Carpenter, Calvin. SSN:\n\t\t\t\t\t\t222555545</div>","category":[{"term":"Person","scheme":"http://hl7.org/fhir/sid/fhir/resource-types"}],"content":{"Person":{"identifier":[{"label":"SSN","identifier":{"system":"http://hl7.org/fhir/sid/us-ssn","id":"222555545"}}],"name":[{"use":"official","family":["Carpenter"],"given":["Calvin"]}],"telecom":[{"system":"phone","value":"555-555-1044","use":"work"}],"gender":{"system":"http://hl7.org/fhir/sid/v2-0001","code":"M"},"address":[{"use":"home","line":["1042 Healthcare Drive"]}],"text":{"status":"generated","div":"<div xmlns=\"http://www.w3.org/1999/xhtml\">Carpenter, Calvin. SSN:\n\t\t\t\t\t\t222555545</div>"}}}},{"title":"otolaryngologist (ENT)","link":[{"rel":"self","href":"http://hl7.org/fhir/person/@45/history/@1"}],"id":"http://hl7.org/fhir/person/@45","updated":"2012-05-29T23:45:32+00:00","author":[{"name":"Grahame Grieve"}],"summary":"<div xmlns=\"http://www.w3.org/1999/xhtml\">Rhino, Rick. SSN:\n\t\t\t\t\t\t222556666</div>","category":[{"term":"Person","scheme":"http://hl7.org/fhir/sid/fhir/resource-types"}],"content":{"Person":{"identifier":[{"label":"SSN","identifier":{"system":"http://hl7.org/fhir/sid/us-ssn","id":"222556666"}}],"name":[{"use":"official","family":["Rhino"],"given":["Rick"]}],"telecom":[{"system":"phone","value":"555-555-1045","use":"work"}],"gender":{"system":"http://hl7.org/fhir/sid/v2-0001","code":"M"},"address":[{"use":"home","line":["1043 Healthcare Drive"]}],"text":{"status":"generated","div":"<div xmlns=\"http://www.w3.org/1999/xhtml\">Rhino, Rick. SSN:\n\t\t\t\t\t\t222556666</div>"}}}},{"title":"pathologist","link":[{"rel":"self","href":"http://hl7.org/fhir/person/@46/history/@1"}],"id":"http://hl7.org/fhir/person/@46","updated":"2012-05-29T23:45:32+00:00","author":[{"name":"Grahame Grieve"}],"summary":"<div xmlns=\"http://www.w3.org/1999/xhtml\">Slide, Stan. SSN:\n\t\t\t\t\t\t222444444</div>","category":[{"term":"Person","scheme":"http://hl7.org/fhir/sid/fhir/resource-types"}],"content":{"Person":{"identifier":[{"label":"SSN","identifier":{"system":"http://hl7.org/fhir/sid/us-ssn","id":"222444444"}}],"name":[{"use":"official","family":["Slide"],"given":["Stan"]}],"telecom":[{"system":"phone","value":"555-555-1010","use":"work"}],"gender":{"system":"http://hl7.org/fhir/sid/v2-0001","code":"M"},"address":[{"use":"home","line":["1010 Healthcare Drive"]}],"text":{"status":"generated","div":"<div xmlns=\"http://www.w3.org/1999/xhtml\">Slide, Stan. SSN:\n\t\t\t\t\t\t222444444</div>"}}}},{"title":"pediatrician","link":[{"rel":"self","href":"http://hl7.org/fhir/person/@47/history/@1"}],"id":"http://hl7.org/fhir/person/@47","updated":"2012-05-29T23:45:32+00:00","author":[{"name":"Grahame Grieve"}],"summary":"<div xmlns=\"http://www.w3.org/1999/xhtml\">Kidder, Karen. SSN:\n\t\t\t\t\t\t222557777</div>","category":[{"term":"Person","scheme":"http://hl7.org/fhir/sid/fhir/resource-types"}],"content":{"Person":{"identifier":[{"label":"SSN","identifier":{"system":"http://hl7.org/fhir/sid/us-ssn","id":"222557777"}}],"name":[{"use":"official","family":["Kidder"],"given":["Karen"]}],"telecom":[{"system":"phone","value":"555-555-1046","use":"work"}],"gender":{"system":"http://hl7.org/fhir/sid/v2-0001","code":"F"},"address":[{"use":"home","line":["1044 Healthcare Drive"]}],"text":{"status":"generated","div":"<div xmlns=\"http://www.w3.org/1999/xhtml\">Kidder, Karen. SSN:\n\t\t\t\t\t\t222557777</div>"}}}},{"title":"plastic surgeon","link":[{"rel":"self","href":"http://hl7.org/fhir/person/@48/history/@1"}],"id":"http://hl7.org/fhir/person/@48","updated":"2012-05-29T23:45:32+00:00","author":[{"name":"Grahame Grieve"}],"summary":"<div xmlns=\"http://www.w3.org/1999/xhtml\">Hollywood, Heddie. SSN:\n\t\t\t\t\t\t222558888</div>","category":[{"term":"Person","scheme":"http://hl7.org/fhir/sid/fhir/resource-types"}],"content":{"Person":{"identifier":[{"label":"SSN","identifier":{"system":"http://hl7.org/fhir/sid/us-ssn","id":"222558888"}}],"name":[{"use":"official","family":["Hollywood"],"given":["Heddie"]}],"telecom":[{"system":"phone","value":"555-555-1047","use":"work"}],"gender":{"system":"http://hl7.org/fhir/sid/v2-0001","code":"F"},"address":[{"use":"home","line":["1045 Healthcare Drive"]}],"text":{"status":"generated","div":"<div xmlns=\"http://www.w3.org/1999/xhtml\">Hollywood, Heddie. SSN:\n\t\t\t\t\t\t222558888</div>"}}}},{"title":"psychiatrist","link":[{"rel":"self","href":"http://hl7.org/fhir/person/@49/history/@1"}],"id":"http://hl7.org/fhir/person/@49","updated":"2012-05-29T23:45:32+00:00","author":[{"name":"Grahame Grieve"}],"summary":"<div xmlns=\"http://www.w3.org/1999/xhtml\">Shrink, Serena. SSN:\n\t\t\t\t\t\t222559999</div>","category":[{"term":"Person","scheme":"http://hl7.org/fhir/sid/fhir/resource-types"}],"content":{"Person":{"identifier":[{"label":"SSN","identifier":{"system":"http://hl7.org/fhir/sid/us-ssn","id":"222559999"}}],"name":[{"use":"official","family":["Shrink"],"given":["Serena"]}],"telecom":[{"system":"phone","value":"555-555-1048","use":"work"}],"gender":{"system":"http://hl7.org/fhir/sid/v2-0001","code":"F"},"address":[{"use":"home","line":["1046 Healthcare Drive"]}],"text":{"status":"generated","div":"<div xmlns=\"http://www.w3.org/1999/xhtml\">Shrink, Serena. SSN:\n\t\t\t\t\t\t222559999</div>"}}}},{"title":"pulmonologist","link":[{"rel":"self","href":"http://hl7.org/fhir/person/@50/history/@1"}],"id":"http://hl7.org/fhir/person/@50","updated":"2012-05-29T23:45:32+00:00","author":[{"name":"Grahame Grieve"}],"summary":"<div xmlns=\"http://www.w3.org/1999/xhtml\">Puffer, Penny. SSN:\n\t\t\t\t\t\t222662222</div>","category":[{"term":"Person","scheme":"http://hl7.org/fhir/sid/fhir/resource-types"}],"content":{"Person":{"identifier":[{"label":"SSN","identifier":{"system":"http://hl7.org/fhir/sid/us-ssn","id":"222662222"}}],"name":[{"use":"official","family":["Puffer"],"given":["Penny"]}],"telecom":[{"system":"phone","value":"555-555-1049","use":"work"}],"gender":{"system":"http://hl7.org/fhir/sid/v2-0001","code":"F"},"address":[{"use":"home","line":["1047 Healthcare Drive"]}],"text":{"status":"generated","div":"<div xmlns=\"http://www.w3.org/1999/xhtml\">Puffer, Penny. SSN:\n\t\t\t\t\t\t222662222</div>"}}}},{"title":"radiologist","link":[{"rel":"self","href":"http://hl7.org/fhir/person/@51/history/@1"}],"id":"http://hl7.org/fhir/person/@51","updated":"2012-05-29T23:45:32+00:00","author":[{"name":"Grahame Grieve"}],"summary":"<div xmlns=\"http://www.w3.org/1999/xhtml\">Curie, Christine. SSN:\n\t\t\t\t\t\t222555555</div>","category":[{"term":"Person","scheme":"http://hl7.org/fhir/sid/fhir/resource-types"}],"content":{"Person":{"identifier":[{"label":"SSN","identifier":{"system":"http://hl7.org/fhir/sid/us-ssn","id":"222555555"}}],"name":[{"use":"official","family":["Curie"],"given":["Christine"]}],"telecom":[{"system":"phone","value":"555-555-1011","use":"work"}],"gender":{"system":"http://hl7.org/fhir/sid/v2-0001","code":"F"},"address":[{"use":"home","line":["1011 Healthcare Drive"]}],"text":{"status":"generated","div":"<div xmlns=\"http://www.w3.org/1999/xhtml\">Curie, Christine. SSN:\n\t\t\t\t\t\t222555555</div>"}}}},{"title":"rheumatologist","link":[{"rel":"self","href":"http://hl7.org/fhir/person/@52/history/@1"}],"id":"http://hl7.org/fhir/person/@52","updated":"2012-05-29T23:45:32+00:00","author":[{"name":"Grahame Grieve"}],"summary":"<div xmlns=\"http://www.w3.org/1999/xhtml\">Joint, Jeffrey. SSN:\n\t\t\t\t\t\t222663333</div>","category":[{"term":"Person","scheme":"http://hl7.org/fhir/sid/fhir/resource-types"}],"content":{"Person":{"identifier":[{"label":"SSN","identifier":{"system":"http://hl7.org/fhir/sid/us-ssn","id":"222663333"}}],"name":[{"use":"official","family":["Joint"],"given":["Jeffrey"]}],"telecom":[{"system":"phone","value":"555-555-1050","use":"work"}],"gender":{"system":"http://hl7.org/fhir/sid/v2-0001","code":"M"},"address":[{"use":"home","line":["1048 Healthcare Drive"]}],"text":{"status":"generated","div":"<div xmlns=\"http://www.w3.org/1999/xhtml\">Joint, Jeffrey. SSN:\n\t\t\t\t\t\t222663333</div>"}}}},{"title":"surgeon","link":[{"rel":"self","href":"http://hl7.org/fhir/person/@53/history/@1"}],"id":"http://hl7.org/fhir/person/@53","updated":"2012-05-29T23:45:32+00:00","author":[{"name":"Grahame Grieve"}],"summary":"<div xmlns=\"http://www.w3.org/1999/xhtml\">Cutter, Carl. SSN:\n\t\t\t\t\t\t222777777</div>","category":[{"term":"Person","scheme":"http://hl7.org/fhir/sid/fhir/resource-types"}],"content":{"Person":{"identifier":[{"label":"SSN","identifier":{"system":"http://hl7.org/fhir/sid/us-ssn","id":"222777777"}}],"name":[{"use":"official","family":["Cutter"],"given":["Carl"]}],"telecom":[{"system":"phone","value":"555-555-1013","use":"work"}],"gender":{"system":"http://hl7.org/fhir/sid/v2-0001","code":"M"},"address":[{"use":"home","line":["1013 Healthcare Drive"]}],"text":{"status":"generated","div":"<div xmlns=\"http://www.w3.org/1999/xhtml\">Cutter, Carl. SSN:\n\t\t\t\t\t\t222777777</div>"}}}},{"title":"urologist","link":[{"rel":"self","href":"http://hl7.org/fhir/person/@54/history/@1"}],"id":"http://hl7.org/fhir/person/@54","updated":"2012-05-29T23:45:32+00:00","author":[{"name":"Grahame Grieve"}],"summary":"<div xmlns=\"http://www.w3.org/1999/xhtml\">Plumber, Peter. SSN:\n\t\t\t\t\t\t222664444</div>","category":[{"term":"Person","scheme":"http://hl7.org/fhir/sid/fhir/resource-types"}],"content":{"Person":{"identifier":[{"label":"SSN","identifier":{"system":"http://hl7.org/fhir/sid/us-ssn","id":"222664444"}}],"name":[{"use":"official","family":["Plumber"],"given":["Peter"]}],"telecom":[{"system":"phone","value":"555-555-1051","use":"work"}],"gender":{"system":"http://hl7.org/fhir/sid/v2-0001","code":"M"},"address":[{"use":"home","line":["1049 Healthcare Drive"]}],"text":{"status":"generated","div":"<div xmlns=\"http://www.w3.org/1999/xhtml\">Plumber, Peter. SSN:\n\t\t\t\t\t\t222664444</div>"}}}},{"title":"physician assistant","link":[{"rel":"self","href":"http://hl7.org/fhir/person/@55/history/@1"}],"id":"http://hl7.org/fhir/person/@55","updated":"2012-05-29T23:45:32+00:00","author":[{"name":"Grahame Grieve"}],"summary":"<div xmlns=\"http://www.w3.org/1999/xhtml\">Helper, Horace. SSN:\n\t\t\t\t\t\t222665555</div>","category":[{"term":"Person","scheme":"http://hl7.org/fhir/sid/fhir/resource-types"}],"content":{"Person":{"identifier":[{"label":"SSN","identifier":{"system":"http://hl7.org/fhir/sid/us-ssn","id":"222665555"}}],"name":[{"use":"official","family":["Helper"],"given":["Horace"]}],"telecom":[{"system":"phone","value":"555-555-1052","use":"work"}],"gender":{"system":"http://hl7.org/fhir/sid/v2-0001","code":"M"},"address":[{"use":"home","line":["1050 Healthcare Drive"]}],"text":{"status":"generated","div":"<div xmlns=\"http://www.w3.org/1999/xhtml\">Helper, Horace. SSN:\n\t\t\t\t\t\t222665555</div>"}}}},{"title":"registered nurse","link":[{"rel":"self","href":"http://hl7.org/fhir/person/@56/history/@1"}],"id":"http://hl7.org/fhir/person/@56","updated":"2012-05-29T23:45:32+00:00","author":[{"name":"Grahame Grieve"}],"summary":"<div xmlns=\"http://www.w3.org/1999/xhtml\">Nightingale, Nancy. SSN:\n\t\t\t\t\t\t222888888</div>","category":[{"term":"Person","scheme":"http://hl7.org/fhir/sid/fhir/resource-types"}],"content":{"Person":{"identifier":[{"label":"SSN","identifier":{"system":"http://hl7.org/fhir/sid/us-ssn","id":"222888888"}}],"name":[{"use":"official","family":["Nightingale"],"given":["Nancy"]}],"telecom":[{"system":"phone","value":"555-555-1014","use":"work"}],"gender":{"system":"http://hl7.org/fhir/sid/v2-0001","code":"F"},"address":[{"use":"home","line":["1014 Healthcare Drive"]}],"text":{"status":"generated","div":"<div xmlns=\"http://www.w3.org/1999/xhtml\">Nightingale, Nancy. SSN:\n\t\t\t\t\t\t222888888</div>"}}}},{"title":"nursing assistant","link":[{"rel":"self","href":"http://hl7.org/fhir/person/@57/history/@1"}],"id":"http://hl7.org/fhir/person/@57","updated":"2012-05-29T23:45:32+00:00","author":[{"name":"Grahame Grieve"}],"summary":"<div xmlns=\"http://www.w3.org/1999/xhtml\">Barton, Clarence. SSN:\n\t\t\t\t\t\t222999999</div>","category":[{"term":"Person","scheme":"http://hl7.org/fhir/sid/fhir/resource-types"}],"content":{"Person":{"identifier":[{"label":"SSN","identifier":{"system":"http://hl7.org/fhir/sid/us-ssn","id":"222999999"}}],"name":[{"use":"official","family":["Barton"],"given":["Clarence"]}],"telecom":[{"system":"phone","value":"555-555-1015","use":"work"}],"gender":{"system":"http://hl7.org/fhir/sid/v2-0001","code":"M"},"address":[{"use":"home","line":["1015 Healthcare Drive"]}],"text":{"status":"generated","div":"<div xmlns=\"http://www.w3.org/1999/xhtml\">Barton, Clarence. SSN:\n\t\t\t\t\t\t222999999</div>"}}}},{"title":"chiropractor","link":[{"rel":"self","href":"http://hl7.org/fhir/person/@58/history/@1"}],"id":"http://hl7.org/fhir/person/@58","updated":"2012-05-29T23:45:32+00:00","author":[{"name":"Grahame Grieve"}],"summary":"<div xmlns=\"http://www.w3.org/1999/xhtml\">Bender, Bob. SSN:\n\t\t\t\t\t\t222666666</div>","category":[{"term":"Person","scheme":"http://hl7.org/fhir/sid/fhir/resource-types"}],"content":{"Person":{"identifier":[{"label":"SSN","identifier":{"system":"http://hl7.org/fhir/sid/us-ssn","id":"222666666"}}],"name":[{"use":"official","family":["Bender"],"given":["Bob"]}],"telecom":[{"system":"phone","value":"555-555-1053","use":"work"}],"gender":{"system":"http://hl7.org/fhir/sid/v2-0001","code":"M"},"address":[{"use":"home","line":["1051 Healthcare Drive"]}],"text":{"status":"generated","div":"<div xmlns=\"http://www.w3.org/1999/xhtml\">Bender, Bob. SSN:\n\t\t\t\t\t\t222666666</div>"}}}},{"title":"dentist","link":[{"rel":"self","href":"http://hl7.org/fhir/person/@59/history/@1"}],"id":"http://hl7.org/fhir/person/@59","updated":"2012-05-29T23:45:32+00:00","author":[{"name":"Grahame Grieve"}],"summary":"<div xmlns=\"http://www.w3.org/1999/xhtml\">Chopper, Charlie. SSN:\n\t\t\t\t\t\t222667777</div>","category":[{"term":"Person","scheme":"http://hl7.org/fhir/sid/fhir/resource-types"}],"content":{"Person":{"identifier":[{"label":"SSN","identifier":{"system":"http://hl7.org/fhir/sid/us-ssn","id":"222667777"}}],"name":[{"use":"official","family":["Chopper"],"given":["Charlie"]}],"telecom":[{"system":"phone","value":"555-555-1054","use":"work"}],"gender":{"system":"http://hl7.org/fhir/sid/v2-0001","code":"M"},"address":[{"use":"home","line":["1052 Healthcare Drive"]}],"text":{"status":"generated","div":"<div xmlns=\"http://www.w3.org/1999/xhtml\">Chopper, Charlie. SSN:\n\t\t\t\t\t\t222667777</div>"}}}},{"title":"orthodontist","link":[{"rel":"self","href":"http://hl7.org/fhir/person/@60/history/@1"}],"id":"http://hl7.org/fhir/person/@60","updated":"2012-05-29T23:45:32+00:00","author":[{"name":"Grahame Grieve"}],"summary":"<div xmlns=\"http://www.w3.org/1999/xhtml\">Brace, Ben. SSN:\n\t\t\t\t\t\t222668888</div>","category":[{"term":"Person","scheme":"http://hl7.org/fhir/sid/fhir/resource-types"}],"content":{"Person":{"identifier":[{"label":"SSN","identifier":{"system":"http://hl7.org/fhir/sid/us-ssn","id":"222668888"}}],"name":[{"use":"official","family":["Brace"],"given":["Ben"]}],"telecom":[{"system":"phone","value":"555-555-1055","use":"work"}],"gender":{"system":"http://hl7.org/fhir/sid/v2-0001","code":"M"},"address":[{"use":"home","line":["1053 Healthcare Drive"]}],"text":{"status":"generated","div":"<div xmlns=\"http://www.w3.org/1999/xhtml\">Brace, Ben. SSN:\n\t\t\t\t\t\t222668888</div>"}}}},{"title":"optometrist","link":[{"rel":"self","href":"http://hl7.org/fhir/person/@61/history/@1"}],"id":"http://hl7.org/fhir/person/@61","updated":"2012-05-29T23:45:32+00:00","author":[{"name":"Grahame Grieve"}],"summary":"<div xmlns=\"http://www.w3.org/1999/xhtml\">Specs, Sylvia. SSN:\n\t\t\t\t\t\t222669999</div>","category":[{"term":"Person","scheme":"http://hl7.org/fhir/sid/fhir/resource-types"}],"content":{"Person":{"identifier":[{"label":"SSN","identifier":{"system":"http://hl7.org/fhir/sid/us-ssn","id":"222669999"}}],"name":[{"use":"official","family":["Specs"],"given":["Sylvia"]}],"telecom":[{"system":"phone","value":"555-555-1056","use":"work"}],"gender":{"system":"http://hl7.org/fhir/sid/v2-0001","code":"F"},"address":[{"use":"home","line":["1054 Healthcare Drive"]}],"text":{"status":"generated","div":"<div xmlns=\"http://www.w3.org/1999/xhtml\">Specs, Sylvia. SSN:\n\t\t\t\t\t\t222669999</div>"}}}},{"title":"pharmacist","link":[{"rel":"self","href":"http://hl7.org/fhir/person/@62/history/@1"}],"id":"http://hl7.org/fhir/person/@62","updated":"2012-05-29T23:45:32+00:00","author":[{"name":"Grahame Grieve"}],"summary":"<div xmlns=\"http://www.w3.org/1999/xhtml\">Script, Susan. SSN:\n\t\t\t\t\t\t333222222</div>","category":[{"term":"Person","scheme":"http://hl7.org/fhir/sid/fhir/resource-types"}],"content":{"Person":{"identifier":[{"label":"SSN","identifier":{"system":"http://hl7.org/fhir/sid/us-ssn","id":"333222222"}}],"name":[{"use":"official","family":["Script"],"given":["Susan"]}],"telecom":[{"system":"phone","value":"555-555-1016","use":"work"}],"gender":{"system":"http://hl7.org/fhir/sid/v2-0001","code":"F"},"address":[{"use":"home","line":["1016 Healthcare Drive"]}],"text":{"status":"generated","div":"<div xmlns=\"http://www.w3.org/1999/xhtml\">Script, Susan. SSN:\n\t\t\t\t\t\t333222222</div>"}}}},{"title":"podiatrist","link":[{"rel":"self","href":"http://hl7.org/fhir/person/@63/history/@1"}],"id":"http://hl7.org/fhir/person/@63","updated":"2012-05-29T23:45:32+00:00","author":[{"name":"Grahame Grieve"}],"summary":"<div xmlns=\"http://www.w3.org/1999/xhtml\">Bunion, Paul. SSN:\n\t\t\t\t\t\t222772222</div>","category":[{"term":"Person","scheme":"http://hl7.org/fhir/sid/fhir/resource-types"}],"content":{"Person":{"identifier":[{"label":"SSN","identifier":{"system":"http://hl7.org/fhir/sid/us-ssn","id":"222772222"}}],"name":[{"use":"official","family":["Bunion"],"given":["Paul"]}],"telecom":[{"system":"phone","value":"555-555-1057","use":"work"}],"gender":{"system":"http://hl7.org/fhir/sid/v2-0001","code":"M"},"address":[{"use":"home","line":["1055 Healthcare Drive"]}],"text":{"status":"generated","div":"<div xmlns=\"http://www.w3.org/1999/xhtml\">Bunion, Paul. SSN:\n\t\t\t\t\t\t222772222</div>"}}}},{"title":"psychologist","link":[{"rel":"self","href":"http://hl7.org/fhir/person/@64/history/@1"}],"id":"http://hl7.org/fhir/person/@64","updated":"2012-05-29T23:45:32+00:00","author":[{"name":"Grahame Grieve"}],"summary":"<div xmlns=\"http://www.w3.org/1999/xhtml\">Listener, Larry. SSN:\n\t\t\t\t\t\t222773333</div>","category":[{"term":"Person","scheme":"http://hl7.org/fhir/sid/fhir/resource-types"}],"content":{"Person":{"identifier":[{"label":"SSN","identifier":{"system":"http://hl7.org/fhir/sid/us-ssn","id":"222773333"}}],"name":[{"use":"official","family":["Listener"],"given":["Larry"]}],"telecom":[{"system":"phone","value":"555-555-1058","use":"work"}],"gender":{"system":"http://hl7.org/fhir/sid/v2-0001","code":"M"},"address":[{"use":"home","line":["1056 Healthcare Drive"]}],"text":{"status":"generated","div":"<div xmlns=\"http://www.w3.org/1999/xhtml\">Listener, Larry. SSN:\n\t\t\t\t\t\t222773333</div>"}}}},{"title":"lab technician","link":[{"rel":"self","href":"http://hl7.org/fhir/person/@65/history/@1"}],"id":"http://hl7.org/fhir/person/@65","updated":"2012-05-29T23:45:32+00:00","author":[{"name":"Grahame Grieve"}],"summary":"<div xmlns=\"http://www.w3.org/1999/xhtml\">Beaker, Bill. SSN:\n\t\t\t\t\t\t333444444</div>","category":[{"term":"Person","scheme":"http://hl7.org/fhir/sid/fhir/resource-types"}],"content":{"Person":{"identifier":[{"label":"SSN","identifier":{"system":"http://hl7.org/fhir/sid/us-ssn","id":"333444444"}}],"name":[{"use":"official","family":["Beaker"],"given":["Bill"]}],"telecom":[{"system":"phone","value":"555-555-1017","use":"work"}],"gender":{"system":"http://hl7.org/fhir/sid/v2-0001","code":"M"},"address":[{"use":"home","line":["1017 Healthcare Drive"]}],"text":{"status":"generated","div":"<div xmlns=\"http://www.w3.org/1999/xhtml\">Beaker, Bill. SSN:\n\t\t\t\t\t\t333444444</div>"}}}},{"title":"dietician","link":[{"rel":"self","href":"http://hl7.org/fhir/person/@66/history/@1"}],"id":"http://hl7.org/fhir/person/@66","updated":"2012-05-29T23:45:32+00:00","author":[{"name":"Grahame Grieve"}],"summary":"<div xmlns=\"http://www.w3.org/1999/xhtml\">Chow, Connie. SSN:\n\t\t\t\t\t\t333555555</div>","category":[{"term":"Person","scheme":"http://hl7.org/fhir/sid/fhir/resource-types"}],"content":{"Person":{"identifier":[{"label":"SSN","identifier":{"system":"http://hl7.org/fhir/sid/us-ssn","id":"333555555"}}],"name":[{"use":"official","family":["Chow"],"given":["Connie"]}],"telecom":[{"system":"phone","value":"555-555-1018","use":"work"}],"gender":{"system":"http://hl7.org/fhir/sid/v2-0001","code":"F"},"address":[{"use":"home","line":["1018 Healthcare Drive"]}],"text":{"status":"generated","div":"<div xmlns=\"http://www.w3.org/1999/xhtml\">Chow, Connie. SSN:\n\t\t\t\t\t\t333555555</div>"}}}},{"title":"social worker","link":[{"rel":"self","href":"http://hl7.org/fhir/person/@67/history/@1"}],"id":"http://hl7.org/fhir/person/@67","updated":"2012-05-29T23:45:32+00:00","author":[{"name":"Grahame Grieve"}],"summary":"<div xmlns=\"http://www.w3.org/1999/xhtml\">teHelper. SSN:\n\t\t\t\t\t\t000111111</div>","category":[{"term":"Person","scheme":"http://hl7.org/fhir/sid/fhir/resource-types"}],"content":{"Person":{"identifier":[{"label":"SSN","identifier":{"system":"http://hl7.org/fhir/sid/us-ssn","id":"000111111"}}],"name":[{"use":"official","family":["Helper"],"given":["Helen"]}],"telecom":[{"system":"phone","value":"555-555-1019","use":"work"}],"gender":{"system":"http://hl7.org/fhir/sid/v2-0001","code":"F"},"address":[{"use":"home","line":["1019 Healthcare Drive"]}],"text":{"status":"generated","div":"<div xmlns=\"http://www.w3.org/1999/xhtml\">teHelper. SSN:\n\t\t\t\t\t\t000111111</div>"}}}},{"title":"occupational therapist","link":[{"rel":"self","href":"http://hl7.org/fhir/person/@68/history/@1"}],"id":"http://hl7.org/fhir/person/@68","updated":"2012-05-29T23:45:32+00:00","author":[{"name":"Grahame Grieve"}],"summary":"<div xmlns=\"http://www.w3.org/1999/xhtml\">Player, Pamela. SSN:\n\t\t\t\t\t\t222776666</div>","category":[{"term":"Person","scheme":"http://hl7.org/fhir/sid/fhir/resource-types"}],"content":{"Person":{"identifier":[{"label":"SSN","identifier":{"system":"http://hl7.org/fhir/sid/us-ssn","id":"222776666"}}],"name":[{"use":"official","family":["Player"],"given":["Pamela"]}],"telecom":[{"system":"phone","value":"555-555-1059","use":"work"}],"gender":{"system":"http://hl7.org/fhir/sid/v2-0001","code":"F"},"address":[{"use":"home","line":["1057 Healthcare Drive"]}],"text":{"status":"generated","div":"<div xmlns=\"http://www.w3.org/1999/xhtml\">Player, Pamela. SSN:\n\t\t\t\t\t\t222776666</div>"}}}},{"title":"physical therapist","link":[{"rel":"self","href":"http://hl7.org/fhir/person/@69/history/@1"}],"id":"http://hl7.org/fhir/person/@69","updated":"2012-05-29T23:45:32+00:00","author":[{"name":"Grahame Grieve"}],"summary":"<div xmlns=\"http://www.w3.org/1999/xhtml\">Stretcher, Seth. SSN:\n\t\t\t\t\t\t222778888</div>","category":[{"term":"Person","scheme":"http://hl7.org/fhir/sid/fhir/resource-types"}],"content":{"Person":{"identifier":[{"label":"SSN","identifier":{"system":"http://hl7.org/fhir/sid/us-ssn","id":"222778888"}}],"name":[{"use":"official","family":["Stretcher"],"given":["Seth"]}],"telecom":[{"system":"phone","value":"555-555-1060","use":"work"}],"gender":{"system":"http://hl7.org/fhir/sid/v2-0001","code":"M"},"address":[{"use":"home","line":["1058 Healthcare Drive"]}],"text":{"status":"generated","div":"<div xmlns=\"http://www.w3.org/1999/xhtml\">Stretcher, Seth. SSN:\n\t\t\t\t\t\t222778888</div>"}}}},{"title":"transcriptionist","link":[{"rel":"self","href":"http://hl7.org/fhir/person/@70/history/@1"}],"id":"http://hl7.org/fhir/person/@70","updated":"2012-05-29T23:45:32+00:00","author":[{"name":"Grahame Grieve"}],"summary":"<div xmlns=\"http://www.w3.org/1999/xhtml\">Enter Ellen, ElleSSN:\n\t\t\t\t\t\t333777777</div>","category":[{"term":"Person","scheme":"http://hl7.org/fhir/sid/fhir/resource-types"}],"content":{"Person":{"identifier":[{"label":"SSN","identifier":{"system":"http://hl7.org/fhir/sid/us-ssn","id":"333777777"}}],"name":[{"use":"official","family":["Enter"],"given":["Ellen"]}],"telecom":[{"system":"phone","value":"555-555-1020","use":"work"}],"gender":{"system":"http://hl7.org/fhir/sid/v2-0001","code":"F"},"address":[{"use":"home","line":["1058 Healthcare Drive"]}],"text":{"status":"generated","div":"<div xmlns=\"http://www.w3.org/1999/xhtml\">Enter Ellen, ElleSSN:\n\t\t\t\t\t\t333777777</div>"}}}}]}