{"Profile":{"name":{"value":"prescription"},"author":{"name":{"value":"todo (committee)"}},"description":{"value":"Basic Profile. Directions provided by a prescribing practitioner for a specific medication to be administered (and possibly) supplied to an individual"},"status":{"code":{"value":"testing"},"date":{"value":"2012-12-04"}},"resource":[{"type":{"value":"Resource"},"element":[{"path":{"value":"Prescription"},"definition":{"short":{"value":"Instruction to administer (and supply?) medication "},"formal":{"value":"Directions provided by a prescribing practitioner for a specific medication to be administered (and possibly) supplied to an individual"},"min":{"value":"1"},"max":{"value":"1"},"type":[{"code":{"value":"Resource"}}],"mustUnderstand":{"value":"false"}}},{"path":{"value":"Prescription.identifier"},"definition":{"short":{"value":"Prescription identification"},"formal":{"value":"A identifier used in an external system and associated with this medication"},"min":{"value":"0"},"max":{"value":"*"},"type":[{"code":{"value":"HumanId"}}],"mustUnderstand":{"value":"true"}}},{"path":{"value":"Prescription.status"},"definition":{"short":{"value":"Status: Active|Completed"},"formal":{"value":"Actual status of the prescription"},"min":{"value":"1"},"max":{"value":"1"},"type":[{"code":{"value":"code"}}],"mustUnderstand":{"value":"true"},"binding":{"value":"PrescriptionStatus"}}},{"path":{"value":"Prescription.patient"},"definition":{"short":{"value":"Patient receiving medicine"},"formal":{"value":"The patient the prescription is prescribing medicine for"},"min":{"value":"1"},"max":{"value":"1"},"type":[{"code":{"value":"Resource(Patient)"}}],"mustUnderstand":{"value":"true"}}},{"path":{"value":"Prescription.prescriber"},"definition":{"short":{"value":"Prescribing doctor"},"formal":{"value":"The clinician or doctor prescribing the medication"},"min":{"value":"1"},"max":{"value":"1"},"type":[{"code":{"value":"Resource(Agent)"}}],"mustUnderstand":{"value":"false"}}},{"path":{"value":"Prescription.prescribed"},"definition":{"short":{"value":"Date/time prescribed"},"formal":{"value":"Date/time on which the prescription was written"},"min":{"value":"1"},"max":{"value":"1"},"type":[{"code":{"value":"dateTime"}}],"mustUnderstand":{"value":"false"}}},{"path":{"value":"Prescription.dispense"},"definition":{"short":{"value":"Details of included dispense request"},"formal":{"value":"Details of the dispense as requested by the prescriber"},"min":{"value":"0"},"max":{"value":"1"},"mustUnderstand":{"value":"false"}}},{"path":{"value":"Prescription.dispense.repeats"},"definition":{"short":{"value":"Number of repeats"},"formal":{"value":"Requested number of repeats"},"comments":{"value":"Default is \"1\""},"min":{"value":"0"},"max":{"value":"1"},"type":[{"code":{"value":"integer"}}],"mustUnderstand":{"value":"false"}}},{"path":{"value":"Prescription.dispense.quantity"},"definition":{"short":{"value":"Quantity per repeat"},"formal":{"value":"Requested quantity per repeat"},"min":{"value":"1"},"max":{"value":"1"},"type":[{"code":{"value":"Quantity"}}],"mustUnderstand":{"value":"false"}}},{"path":{"value":"Prescription.dispense.dispenser"},"definition":{"short":{"value":"Person to fulfill the requested dispense"},"formal":{"value":"Person to fulfill the requested dispense"},"min":{"value":"0"},"max":{"value":"1"},"type":[{"code":{"value":"Resource(Agent|Organization)"}}],"mustUnderstand":{"value":"false"}}},{"path":{"value":"Prescription.medicine"},"definition":{"short":{"value":"Prescribed medicine"},"formal":{"value":"The one single medicine, vaccine or other product prescribed in this prescription."},"min":{"value":"1"},"max":{"value":"1"},"mustUnderstand":{"value":"false"}}},{"path":{"value":"Prescription.medicine.identification"},"definition":{"short":{"value":"Test and/or code(s) for medicine"},"formal":{"value":"Text and or Code(s) that identify the medicine"},"min":{"value":"0"},"max":{"value":"1"},"type":[{"code":{"value":"CodeableConcept"}}],"mustUnderstand":{"value":"true"},"binding":{"value":"MedicationKind"}}},{"path":{"value":"Prescription.medicine.activeIngredient"},"definition":{"short":{"value":"Active substance"},"formal":{"value":"The substance in the medication formulation that is pharmaceutically active and is responsible for the medication's therapeutic effect"},"min":{"value":"0"},"max":{"value":"*"},"mustUnderstand":{"value":"false"}}},{"path":{"value":"Prescription.medicine.activeIngredient.identification"},"definition":{"short":{"value":"Text and/or Code(s) for active ingredient"},"formal":{"value":"Coded representation of active ingredient"},"min":{"value":"1"},"max":{"value":"1"},"type":[{"code":{"value":"CodeableConcept"}}],"mustUnderstand":{"value":"false"},"binding":{"value":"MedicationKind"}}},{"path":{"value":"Prescription.medicine.activeIngredient.quantity[x]"},"definition":{"short":{"value":"Relative quantity of active ingredient"},"formal":{"value":"Quantity of active ingredient expressed in relation to the whole of the prepared medicine"},"min":{"value":"0"},"max":{"value":"1"},"type":[{"code":{"value":"Ratio"}},{"code":{"value":"code"}}],"mustUnderstand":{"value":"false"}}},{"path":{"value":"Prescription.medicine.inactiveIngredient"},"definition":{"short":{"value":"Inactive substance"},"formal":{"value":"Ingredients in the medication that are not active"},"min":{"value":"0"},"max":{"value":"*"},"mustUnderstand":{"value":"false"}}},{"path":{"value":"Prescription.medicine.inactiveIngredient.identification"},"definition":{"short":{"value":"Text and/or Code(s) for inactive ingredient"},"formal":{"value":"Coded representation of the inactive ingredient"},"min":{"value":"1"},"max":{"value":"1"},"type":[{"code":{"value":"CodeableConcept"}}],"mustUnderstand":{"value":"false"},"binding":{"value":"MedicationKind"}}},{"path":{"value":"Prescription.medicine.inactiveIngredient.quantity[x]"},"definition":{"short":{"value":"Relative quantity of inactive ingredient"},"formal":{"value":"Quantity of inactive ingredient expressed in relation to the whole of the prepared medicine"},"min":{"value":"0"},"max":{"value":"1"},"type":[{"code":{"value":"Ratio"}},{"code":{"value":"code"}}],"mustUnderstand":{"value":"false"}}},{"path":{"value":"Prescription.administrationRequest"},"definition":{"short":{"value":"Instructions for use"},"formal":{"value":"Instructions for the use of the medication. Includes details about the timing schedule, dose amounts and additional usage instructions."},"min":{"value":"1"},"max":{"value":"1"},"mustUnderstand":{"value":"false"}}},{"path":{"value":"Prescription.administrationRequest.description"},"definition":{"short":{"value":"Textual instructions for use"},"formal":{"value":"Textual description of the use of the medication."},"comments":{"value":"Can contain more details than the structured information under this element, but must be in accordance with it. May not contain information about the medicine itself."},"min":{"value":"0"},"max":{"value":"1"},"type":[{"code":{"value":"string"}}],"mustUnderstand":{"value":"false"}}},{"path":{"value":"Prescription.administrationRequest.totalPeriodicDose"},"definition":{"short":{"value":"Total periodic dose"},"formal":{"value":"Total dose per day/week or other period when more specific information is missing or cannot be expressed using the timing specifications."},"min":{"value":"0"},"max":{"value":"1"},"type":[{"code":{"value":"Ratio"}}],"mustUnderstand":{"value":"false"}}},{"path":{"value":"Prescription.administrationRequest.start"},"definition":{"short":{"value":"Start date for administration"},"formal":{"value":"First moment on which medication should be taken"},"min":{"value":"0"},"max":{"value":"1"},"type":[{"code":{"value":"dateTime"}}],"mustUnderstand":{"value":"false"}}},{"path":{"value":"Prescription.administrationRequest.end"},"definition":{"short":{"value":"End date for administration"},"formal":{"value":"Last moment on which medication should be taken"},"min":{"value":"0"},"max":{"value":"1"},"type":[{"code":{"value":"dateTime"}}],"mustUnderstand":{"value":"false"}}},{"path":{"value":"Prescription.administrationRequest.duration"},"definition":{"short":{"value":"Total duration of administration"},"formal":{"value":"Total duration of administration"},"min":{"value":"0"},"max":{"value":"1"},"type":[{"code":{"value":"Quantity"}}],"mustUnderstand":{"value":"false"}}},{"path":{"value":"Prescription.administrationRequest.numberOfAdministrations"},"definition":{"short":{"value":"Maximum number of separate administrations"},"formal":{"value":"Maximum number of separate administrations before the instruction ends."},"min":{"value":"0"},"max":{"value":"1"},"type":[{"code":{"value":"integer"}}],"mustUnderstand":{"value":"false"}}},{"path":{"value":"Prescription.administrationRequest.dosageInstruction"},"definition":{"short":{"value":"Dosage instruction"},"formal":{"value":"Specification of dose and schedule for administration"},"comments":{"value":"The can be >1 dosage instruction to support administration of varying doses, resulting in 1 instruction per fixed dose."},"min":{"value":"1"},"max":{"value":"*"},"mustUnderstand":{"value":"false"}}},{"path":{"value":"Prescription.administrationRequest.dosageInstruction.precondition"},"definition":{"short":{"value":"Precondition for starting administration"},"formal":{"value":"Precondition for starting the administration specified in this instruction"},"min":{"value":"0"},"max":{"value":"*"},"type":[{"code":{"value":"CodeableConcept"}}],"mustUnderstand":{"value":"false"},"binding":{"value":"AdministrationPrecondition"}}},{"path":{"value":"Prescription.administrationRequest.dosageInstruction.prn"},"definition":{"short":{"value":"As required : Yes|No"},"formal":{"value":"As required (from Latin Pro Re Nate): Specifies whether administration is given to a fixed schedule (No) or only when the the state and symptoms of the patient at the time require it (Yes)."},"comments":{"value":"Default is \"false\""},"min":{"value":"0"},"max":{"value":"1"},"type":[{"code":{"value":"boolean"}}],"mustUnderstand":{"value":"false"}}},{"path":{"value":"Prescription.administrationRequest.dosageInstruction.additionalInstruction"},"definition":{"short":{"value":"Additional instructions"},"formal":{"value":"Additional details to guide administration. Especially relevant for medicine administered by patient"},"min":{"value":"0"},"max":{"value":"*"},"type":[{"code":{"value":"CodeableConcept"}}],"mustUnderstand":{"value":"false"},"binding":{"value":"AdministrationInstruction"}}},{"path":{"value":"Prescription.administrationRequest.dosageInstruction.route"},"definition":{"short":{"value":"Route of administration"},"formal":{"value":"Route of administration (oral, nasal, intravenous)"},"comments":{"value":"Since the route of administration is generally determined by the choice of medication, it is not necessary to provide a value in route"},"min":{"value":"0"},"max":{"value":"1"},"type":[{"code":{"value":"CodeableConcept"}}],"mustUnderstand":{"value":"false"},"binding":{"value":"AdministrationRoute"}}},{"path":{"value":"Prescription.administrationRequest.dosageInstruction.dose[x]"},"definition":{"short":{"value":"Dose per administration"},"formal":{"value":"Dose per administration, expressed in units of the (prepared) product"},"comments":{"value":"Dose may be an interval, \"2-3 tablets per 4 hours\""},"min":{"value":"1"},"max":{"value":"1"},"type":[{"code":{"value":"Quantity"}},{"code":{"value":"Range"}}],"mustUnderstand":{"value":"false"}}},{"path":{"value":"Prescription.administrationRequest.dosageInstruction.rate"},"definition":{"short":{"value":"Flow-rate for IV"},"formal":{"value":"Flow-rate for IV"},"min":{"value":"0"},"max":{"value":"1"},"type":[{"code":{"value":"Quantity"}}],"mustUnderstand":{"value":"false"}}},{"path":{"value":"Prescription.administrationRequest.dosageInstruction.schedule"},"definition":{"short":{"value":"Schedule for administration"},"formal":{"value":"Schedule for administration. If multiple are given, they are considered to be active in parallel"},"comments":{"value":"Will submit proposal to change Schedule type."},"min":{"value":"1"},"max":{"value":"*"},"type":[{"code":{"value":"Schedule"}}],"mustUnderstand":{"value":"false"}}},{"path":{"value":"Prescription.reason"},"definition":{"short":{"value":"Reason for prescription"},"formal":{"value":"Diagnosis which is the reason for prescribing this medicine"},"min":{"value":"0"},"max":{"value":"1"},"type":[{"code":{"value":"CodeableConcept"}}],"mustUnderstand":{"value":"false"},"binding":{"value":"PrescriptionReason"}}},{"path":{"value":"Prescription.extension"},"definition":{"short":{"value":"See Extensions"},"formal":{"value":"See Extensions"},"min":{"value":"0"},"max":{"value":"*"},"type":[{"code":{"value":"Extension"}}],"mustUnderstand":{"value":"false"}}},{"path":{"value":"Prescription.text"},"definition":{"short":{"value":"Text summary of resource (for human interpretation)"},"formal":{"value":"Text summary of resource (for human interpretation)"},"min":{"value":"1"},"max":{"value":"1"},"type":[{"code":{"value":"Narrative"}}],"mustUnderstand":{"value":"false"}}}]}],"text":{"status":"generated","div":"<div xmlns=\"http://www.w3.org/1999/xhtml\"><pre>\n&lt;<a title=\"Directions provided by a prescribing practitioner for a specific medication to be administered (and possibly) supplied to an individual\" class=\"dict\" href=\"prescription-definitions.htm#Prescription\"><b>Prescription</b></a> xmlns=\"http://hl7.org/fhir\"&gt;\n &lt;<a title=\"A identifier used in an external system and associated with this medication (this element must be supported or understood)\" class=\"dict\" href=\"prescription-definitions.htm#Prescription.identifier\"><span style=\"text-decoration: underline\"><b>identifier</b></span></a>&gt;<span style=\"color: Gray\">&lt;!--</span><span style=\"color: brown\"><b>0..*</b></span><span style=\"color: darkgreen\"><a href=\"datatypes.htm#HumanId\">HumanId</a></span><span style=\"color: navy\">Prescription identification</span><span style=\"color: Gray\"> --&gt;</span>&lt;/identifier&gt;\n &lt;<a title=\"Actual status of the prescription (this element must be supported or understood)\" class=\"dict\" href=\"prescription-definitions.htm#Prescription.status\"><span style=\"text-decoration: underline\"><b>status</b></span></a>&gt;<span style=\"color: Gray\">&lt;!--</span><span style=\"color: brown\"><b>1..1</b></span><span style=\"color: darkgreen\"><a href=\"datatypes.htm#code\">code</a></span><span style=\"color: navy\">Status: Active|Completed</span><span style=\"color: Gray\"> --&gt;</span>&lt;/status&gt;\n &lt;<a title=\"The patient the prescription is prescribing medicine for (this element must be supported or understood)\" class=\"dict\" href=\"prescription-definitions.htm#Prescription.patient\"><span style=\"text-decoration: underline\"><b>patient</b></span></a>&gt;<span style=\"color: Gray\">&lt;!--</span><span style=\"color: brown\"><b>1..1</b></span><span style=\"color: darkgreen\"><a href=\"xml.htm#Resource\">Resource</a>(<a href=\"Patient.htm#Patient\">Patient</a>)</span><span style=\"color: navy\">Patient receiving medicine</span><span style=\"color: Gray\"> --&gt;</span>&lt;/patient&gt;\n &lt;<a title=\"The clinician or doctor prescribing the medication\" class=\"dict\" href=\"prescription-definitions.htm#Prescription.prescriber\"><b>prescriber</b></a>&gt;<span style=\"color: Gray\">&lt;!--</span><span style=\"color: brown\"><b>1..1</b></span><span style=\"color: darkgreen\"><a href=\"xml.htm#Resource\">Resource</a>(<a href=\"Agent.htm#Agent\">Agent</a>)</span><span style=\"color: navy\">Prescribing doctor</span><span style=\"color: Gray\"> --&gt;</span>&lt;/prescriber&gt;\n &lt;<a title=\"Date/time on which the prescription was written\" class=\"dict\" href=\"prescription-definitions.htm#Prescription.prescribed\"><b>prescribed</b></a>&gt;<span style=\"color: Gray\">&lt;!--</span><span style=\"color: brown\"><b>1..1</b></span><span style=\"color: darkgreen\"><a href=\"datatypes.htm#dateTime\">dateTime</a></span><span style=\"color: navy\">Date/time prescribed</span><span style=\"color: Gray\"> --&gt;</span>&lt;/prescribed&gt;\n &lt;<a title=\"Details of the dispense as requested by the prescriber\" class=\"dict\" href=\"prescription-definitions.htm#Prescription.dispense\"><b>dispense</b></a>&gt;  <span style=\"color: Gray\">&lt;!-- <span style=\"color: brown\"><b>0..1</b></span> Details of included dispense request --&gt;</span>\n  &lt;<a title=\"Requested number of repeats\" class=\"dict\" href=\"prescription-definitions.htm#Prescription.dispense.repeats\"><b>repeats</b></a>&gt;<span style=\"color: Gray\">&lt;!--</span><span style=\"color: brown\"><b>0..1</b></span><span style=\"color: darkgreen\"><a href=\"datatypes.htm#integer\">integer</a></span><span style=\"color: navy\">Number of repeats</span><span style=\"color: Gray\"> --&gt;</span>&lt;/repeats&gt;\n  &lt;<a title=\"Requested quantity per repeat\" class=\"dict\" href=\"prescription-definitions.htm#Prescription.dispense.quantity\"><b>quantity</b></a>&gt;<span style=\"color: Gray\">&lt;!--</span><span style=\"color: brown\"><b>1..1</b></span><span style=\"color: darkgreen\"><a href=\"datatypes.htm#Quantity\">Quantity</a></span><span style=\"color: navy\">Quantity per repeat</span><span style=\"color: Gray\"> --&gt;</span>&lt;/quantity&gt;\n  &lt;<a title=\"Person to fulfill the requested dispense\" class=\"dict\" href=\"prescription-definitions.htm#Prescription.dispense.dispenser\"><b>dispenser</b></a>&gt;<span style=\"color: Gray\">&lt;!--</span><span style=\"color: brown\"><b>0..1</b></span><span style=\"color: darkgreen\"><a href=\"xml.htm#Resource\">Resource</a>(<a href=\"Agent.htm#Agent\">Agent</a>|<a href=\"Organization.htm#Organization\">Organization</a>)</span><span style=\"color: navy\">Person to fulfill the requested dispense</span><span style=\"color: Gray\"> --&gt;</span>&lt;/dispenser&gt;\n &lt;/dispense&gt;\n &lt;<a title=\"The one single medicine, vaccine or other product prescribed in this prescription.\" class=\"dict\" href=\"prescription-definitions.htm#Prescription.medicine\"><b>medicine</b></a>&gt;  <span style=\"color: Gray\">&lt;!-- <span style=\"color: brown\"><b>1..1</b></span> Prescribed medicine --&gt;</span>\n  &lt;<a title=\"Text and or Code(s) that identify the medicine (this element must be supported or understood)\" class=\"dict\" href=\"prescription-definitions.htm#Prescription.medicine.identification\"><span style=\"text-decoration: underline\"><b>identification</b></span></a>&gt;<span style=\"color: Gray\">&lt;!--</span><span style=\"color: brown\"><b>0..1</b></span><span style=\"color: darkgreen\"><a href=\"datatypes.htm#CodeableConcept\">CodeableConcept</a></span><span style=\"color: navy\">Test and/or code(s) for medicine</span><span style=\"color: Gray\"> --&gt;</span>&lt;/identification&gt;\n  &lt;<a title=\"The substance in the medication formulation that is pharmaceutically active and is responsible for the medication's therapeutic effect\" class=\"dict\" href=\"prescription-definitions.htm#Prescription.medicine.activeIngredient\"><b>activeIngredient</b></a>&gt;  <span style=\"color: Gray\">&lt;!-- <span style=\"color: brown\"><b>0..*</b></span> Active substance --&gt;</span>\n   &lt;<a title=\"Coded representation of active ingredient\" class=\"dict\" href=\"prescription-definitions.htm#Prescription.medicine.activeIngredient.identification\"><b>identification</b></a>&gt;<span style=\"color: Gray\">&lt;!--</span><span style=\"color: brown\"><b>1..1</b></span><span style=\"color: darkgreen\"><a href=\"datatypes.htm#CodeableConcept\">CodeableConcept</a></span><span style=\"color: navy\">Text and/or Code(s) for active ingredient</span><span style=\"color: Gray\"> --&gt;</span>&lt;/identification&gt;\n   &lt;<a title=\"Quantity of active ingredient expressed in relation to the whole of the prepared medicine\" class=\"dict\" href=\"prescription-definitions.htm#Prescription.medicine.activeIngredient.quantity[x]\"><b>quantity[x]</b></a>&gt;<span style=\"color: Gray\">&lt;!--</span><span style=\"color: brown\"><b>0..1</b></span><span style=\"color: darkgreen\"><a href=\"datatypes.htm#Ratio\">Ratio</a>|<a href=\"datatypes.htm#code\">code</a></span><span style=\"color: navy\">Relative quantity of active ingredient</span><span style=\"color: Gray\"> --&gt;</span>&lt;/quantity[x]&gt;\n  &lt;/activeIngredient&gt;\n  &lt;<a title=\"Ingredients in the medication that are not active\" class=\"dict\" href=\"prescription-definitions.htm#Prescription.medicine.inactiveIngredient\"><b>inactiveIngredient</b></a>&gt;  <span style=\"color: Gray\">&lt;!-- <span style=\"color: brown\"><b>0..*</b></span> Inactive substance --&gt;</span>\n   &lt;<a title=\"Coded representation of the inactive ingredient\" class=\"dict\" href=\"prescription-definitions.htm#Prescription.medicine.inactiveIngredient.identification\"><b>identification</b></a>&gt;<span style=\"color: Gray\">&lt;!--</span><span style=\"color: brown\"><b>1..1</b></span><span style=\"color: darkgreen\"><a href=\"datatypes.htm#CodeableConcept\">CodeableConcept</a></span><span style=\"color: navy\">Text and/or Code(s) for inactive ingredient</span><span style=\"color: Gray\"> --&gt;</span>&lt;/identification&gt;\n   &lt;<a title=\"Quantity of inactive ingredient expressed in relation to the whole of the prepared medicine\" class=\"dict\" href=\"prescription-definitions.htm#Prescription.medicine.inactiveIngredient.quantity[x]\"><b>quantity[x]</b></a>&gt;<span style=\"color: Gray\">&lt;!--</span><span style=\"color: brown\"><b>0..1</b></span><span style=\"color: darkgreen\"><a href=\"datatypes.htm#Ratio\">Ratio</a>|<a href=\"datatypes.htm#code\">code</a></span><span style=\"color: navy\">Relative quantity of inactive ingredient</span><span style=\"color: Gray\"> --&gt;</span>&lt;/quantity[x]&gt;\n  &lt;/inactiveIngredient&gt;\n &lt;/medicine&gt;\n &lt;<a title=\"Instructions for the use of the medication. Includes details about the timing schedule, dose amounts and additional usage instructions.\" class=\"dict\" href=\"prescription-definitions.htm#Prescription.administrationRequest\"><b>administrationRequest</b></a>&gt;  <span style=\"color: Gray\">&lt;!-- <span style=\"color: brown\"><b>1..1</b></span> Instructions for use --&gt;</span>\n  &lt;<a title=\"Textual description of the use of the medication.\" class=\"dict\" href=\"prescription-definitions.htm#Prescription.administrationRequest.description\"><b>description</b></a>&gt;<span style=\"color: Gray\">&lt;!--</span><span style=\"color: brown\"><b>0..1</b></span><span style=\"color: darkgreen\"><a href=\"datatypes.htm#string\">string</a></span><span style=\"color: navy\">Textual instructions for use</span><span style=\"color: Gray\"> --&gt;</span>&lt;/description&gt;\n  &lt;<a title=\"Total dose per day/week or other period when more specific information is missing or cannot be expressed using the timing specifications.\" class=\"dict\" href=\"prescription-definitions.htm#Prescription.administrationRequest.totalPeriodicDose\"><b>totalPeriodicDose</b></a>&gt;<span style=\"color: Gray\">&lt;!--</span><span style=\"color: brown\"><b>0..1</b></span><span style=\"color: darkgreen\"><a href=\"datatypes.htm#Ratio\">Ratio</a></span><span style=\"color: navy\">Total periodic dose</span><span style=\"color: Gray\"> --&gt;</span>&lt;/totalPeriodicDose&gt;\n  &lt;<a title=\"First moment on which medication should be taken\" class=\"dict\" href=\"prescription-definitions.htm#Prescription.administrationRequest.start\"><b>start</b></a>&gt;<span style=\"color: Gray\">&lt;!--</span><span title=\"Restrictions on the combinations of Duration, Start and End are as follows: Duration may be specified alone or with Start.  Alternatively, Start may be specified if End is specified.  No other combinations are allowed.\" style=\"color: deeppink\"><b>0..1</b></span><span style=\"color: darkgreen\"><a href=\"datatypes.htm#dateTime\">dateTime</a></span><span style=\"color: navy\">Start date for administration</span><span style=\"color: Gray\"> --&gt;</span>&lt;/start&gt;\n  &lt;<a title=\"Last moment on which medication should be taken\" class=\"dict\" href=\"prescription-definitions.htm#Prescription.administrationRequest.end\"><b>end</b></a>&gt;<span style=\"color: Gray\">&lt;!--</span><span title=\"Restrictions on the combinations of Duration, Start and End are as follows: Duration may be specified alone or with Start.  Alternatively, Start may be specified if End is specified.  No other combinations are allowed.\" style=\"color: deeppink\"><b>0..1</b></span><span style=\"color: darkgreen\"><a href=\"datatypes.htm#dateTime\">dateTime</a></span><span style=\"color: navy\">End date for administration</span><span style=\"color: Gray\"> --&gt;</span>&lt;/end&gt;\n  &lt;<a title=\"Total duration of administration\" class=\"dict\" href=\"prescription-definitions.htm#Prescription.administrationRequest.duration\"><b>duration</b></a>&gt;<span style=\"color: Gray\">&lt;!--</span><span title=\"Restrictions on the combinations of Duration, Start and End are as follows: Duration may be specified alone or with Start.  Alternatively, Start may be specified if End is specified.  No other combinations are allowed.\" style=\"color: deeppink\"><b>0..1</b></span><span style=\"color: darkgreen\"><a href=\"datatypes.htm#Quantity\">Quantity</a></span><span style=\"color: navy\">Total duration of administration</span><span style=\"color: Gray\"> --&gt;</span>&lt;/duration&gt;\n  &lt;<a title=\"Maximum number of separate administrations before the instruction ends.\" class=\"dict\" href=\"prescription-definitions.htm#Prescription.administrationRequest.numberOfAdministrations\"><b>numberOfAdministrations</b></a>&gt;<span style=\"color: Gray\">&lt;!--</span><span title=\"Restrictions on the combinations of Duration, Start and End are as follows: Duration may be specified alone or with Start.  Alternatively, Start may be specified if End is specified.  No other combinations are allowed.\" style=\"color: deeppink\"><b>0..1</b></span><span style=\"color: darkgreen\"><a href=\"datatypes.htm#integer\">integer</a></span><span style=\"color: navy\">Maximum number of separate administrations</span><span style=\"color: Gray\"> --&gt;</span>&lt;/numberOfAdministrations&gt;\n  &lt;<a title=\"Specification of dose and schedule for administration\" class=\"dict\" href=\"prescription-definitions.htm#Prescription.administrationRequest.dosageInstruction\"><b>dosageInstruction</b></a>&gt;  <span style=\"color: Gray\">&lt;!-- <span style=\"color: brown\"><b>1..*</b></span> Dosage instruction --&gt;</span>\n   &lt;<a title=\"Precondition for starting the administration specified in this instruction\" class=\"dict\" href=\"prescription-definitions.htm#Prescription.administrationRequest.dosageInstruction.precondition\"><b>precondition</b></a>&gt;<span style=\"color: Gray\">&lt;!--</span><span style=\"color: brown\"><b>0..*</b></span><span style=\"color: darkgreen\"><a href=\"datatypes.htm#CodeableConcept\">CodeableConcept</a></span><span style=\"color: navy\">Precondition for starting administration</span><span style=\"color: Gray\"> --&gt;</span>&lt;/precondition&gt;\n   &lt;<a title=\"As required (from Latin Pro Re Nate): Specifies whether administration is given to a fixed schedule (No) or only when the the state and symptoms of the patient at the time require it (Yes).\" class=\"dict\" href=\"prescription-definitions.htm#Prescription.administrationRequest.dosageInstruction.prn\"><b>prn</b></a>&gt;<span style=\"color: Gray\">&lt;!--</span><span style=\"color: brown\"><b>0..1</b></span><span style=\"color: darkgreen\"><a href=\"datatypes.htm#boolean\">boolean</a></span><span style=\"color: navy\">As required : Yes|No</span><span style=\"color: Gray\"> --&gt;</span>&lt;/prn&gt;\n   &lt;<a title=\"Additional details to guide administration. Especially relevant for medicine administered by patient\" class=\"dict\" href=\"prescription-definitions.htm#Prescription.administrationRequest.dosageInstruction.additionalInstruction\"><b>additionalInstruction</b></a>&gt;<span style=\"color: Gray\">&lt;!--</span><span style=\"color: brown\"><b>0..*</b></span><span style=\"color: darkgreen\"><a href=\"datatypes.htm#CodeableConcept\">CodeableConcept</a></span><span style=\"color: navy\">Additional instructions</span><span style=\"color: Gray\"> --&gt;</span>&lt;/additionalInstruction&gt;\n   &lt;<a title=\"Route of administration (oral, nasal, intravenous)\" class=\"dict\" href=\"prescription-definitions.htm#Prescription.administrationRequest.dosageInstruction.route\"><b>route</b></a>&gt;<span style=\"color: Gray\">&lt;!--</span><span style=\"color: brown\"><b>0..1</b></span><span style=\"color: darkgreen\"><a href=\"datatypes.htm#CodeableConcept\">CodeableConcept</a></span><span style=\"color: navy\">Route of administration</span><span style=\"color: Gray\"> --&gt;</span>&lt;/route&gt;\n   &lt;<a title=\"Dose per administration, expressed in units of the (prepared) product\" class=\"dict\" href=\"prescription-definitions.htm#Prescription.administrationRequest.dosageInstruction.dose[x]\"><b>dose[x]</b></a>&gt;<span style=\"color: Gray\">&lt;!--</span><span style=\"color: brown\"><b>1..1</b></span><span style=\"color: darkgreen\"><a href=\"datatypes.htm#Quantity\">Quantity</a>|<a href=\"datatypes.htm#Range\">Range</a></span><span style=\"color: navy\">Dose per administration</span><span style=\"color: Gray\"> --&gt;</span>&lt;/dose[x]&gt;\n   &lt;<a title=\"Flow-rate for IV\" class=\"dict\" href=\"prescription-definitions.htm#Prescription.administrationRequest.dosageInstruction.rate\"><b>rate</b></a>&gt;<span style=\"color: Gray\">&lt;!--</span><span style=\"color: brown\"><b>0..1</b></span><span style=\"color: darkgreen\"><a href=\"datatypes.htm#Quantity\">Quantity</a></span><span style=\"color: navy\">Flow-rate for IV</span><span style=\"color: Gray\"> --&gt;</span>&lt;/rate&gt;\n   &lt;<a title=\"Schedule for administration. If multiple are given, they are considered to be active in parallel\" class=\"dict\" href=\"prescription-definitions.htm#Prescription.administrationRequest.dosageInstruction.schedule\"><b>schedule</b></a>&gt;<span style=\"color: Gray\">&lt;!--</span><span style=\"color: brown\"><b>1..*</b></span><span style=\"color: darkgreen\"><a href=\"datatypes.htm#Schedule\">Schedule</a></span><span style=\"color: navy\">Schedule for administration</span><span style=\"color: Gray\"> --&gt;</span>&lt;/schedule&gt;\n  &lt;/dosageInstruction&gt;\n &lt;/administrationRequest&gt;\n &lt;<a title=\"Diagnosis which is the reason for prescribing this medicine\" class=\"dict\" href=\"prescription-definitions.htm#Prescription.reason\"><b>reason</b></a>&gt;<span style=\"color: Gray\">&lt;!--</span><span style=\"color: brown\"><b>0..1</b></span><span style=\"color: darkgreen\"><a href=\"datatypes.htm#CodeableConcept\">CodeableConcept</a></span><span style=\"color: navy\">Reason for prescription</span><span style=\"color: Gray\"> --&gt;</span>&lt;/reason&gt;\n &lt;<a title=\"See Extensions\" class=\"dict\" href=\"prescription-definitions.htm#Prescription.extension\"><b>extension</b></a>&gt;<span style=\"color: Gray\">&lt;!--</span><span style=\"color: brown\"><b>0..*</b></span><span style=\"color: darkgreen\"><a href=\"extensibility.htm#Extension\">Extension</a></span><a href=\"extensibility.htm\"><span style=\"color: navy\">See Extensions</span></a><span style=\"color: Gray\"> --&gt;</span>&lt;/extension&gt;\n &lt;<a title=\"Text summary of resource (for human interpretation)\" class=\"dict\" href=\"prescription-definitions.htm#Prescription.text\"><b>text</b></a>&gt;<span style=\"color: Gray\">&lt;!--</span><span style=\"color: brown\"><b>1..1</b></span><span style=\"color: darkgreen\"><a href=\"xml.htm#Narrative\">Narrative</a></span><span style=\"color: navy\">Text summary of resource (for human interpretation)</span><span style=\"color: Gray\"> --&gt;</span>&lt;/text&gt;\n&lt;/Prescription&gt;\n</pre></div>"}}}