{"Prescription":{"identifier":[{"use":"usual","label":"MRN","identifier":{"system":"oid:0.1.2.3.4.5.6.7","id":"123456"}}],"status":{"value":"active"},"patient":{"type":"Patient","id":"25bd34"},"prescriber":{"type":"Agent","id":"example"},"prescribed":{"value":"2011-03-04T11:45:33+01:00"},"dispense":{"repeats":{"value":"2"},"quantity":{"value":"50","units":"ml"},"dispenser":{"type":"Organization","id":"1"}},"medicine":{"identification":{"text":"Penicillin VK oral suspension, 125mg/5ml"},"activeIngredient":[{"identification":{"coding":[{"system":"urn:hl7.org:sid/atc","code":"XXXXX","display":"Penicillin"}]},"quantityRatio":{"numerator":{"value":"125","units":"mg","system":"http://unitsofmeasure.org/","code":"mg"},"denominator":{"value":"5","units":"ml","system":"http://unitsofmeasure.org/","code":"ml"}}}],"inactiveIngredient":[{"identification":{"coding":[{"system":"urn:hl7.org:sid/atc","code":"YYYYY","display":"Water"}]},"quantityCode":{"value":"sufficient"}}]},"administrationRequest":{"description":{"value":"250 mg po tid x 10 days"},"totalPeriodicDose":{"numerator":{"value":"750","units":"mg","system":"http://unitsofmeasure.org/","code":"mg"},"denominator":{"value":"1","units":"day","system":"http://unitsofmeasure.org/","code":"d"}},"duration":{"value":"10","units":"days","system":"http://unitsofmeasure.org/","code":"d"},"dosageInstruction":[{"route":{"coding":[{"system":"http://snomed.info/","code":"363743006","display":"oral administration of treatment"}]},"doseQuantity":{"value":"250","units":"mg","system":"http://unitsofmeasure.org/","code":"mg"},"schedule":[{"repeat":{"frequency":"3","duration":"1","units":"d"}}]}]},"reason":{"coding":[{"system":"http://hl7.org/fhir/sid/icd-10","code":"G44.1"}],"text":"general headache"},"text":{"status":"generated","div":"<div xmlns=\"http://www.w3.org/1999/xhtml\"><p>Penicillin VK oral suspension, 125mg/5ml, 250 mg po tid x 10 days</p></div>"}}}