{"Problem":{"code":{"coding":[{"system":"http://snomed.info/","code":"39065001","display":"Burn of ear"}],"text":"Burnt Ear"},"category":{"coding":[{"system":"http://snomed.info/","code":"439401001","display":"Diagnosis"}]},"status":{"value":"confirmed"},"severity":{"coding":[{"system":"http://snomed.info/","code":"24484000","display":"Severe"}]},"onsetDate":{"value":"2012-05-24"},"location":{"code":{"coding":[{"system":"http://snomed.info/","code":"49521004","display":"Left external ear structure"}],"text":"Left Ear"}},"text":{"status":"generated","div":"<div xmlns=\"http://www.w3.org/1999/xhtml\">Severe burn of left ear (Date: 24-May 2012)</div>"}}}