{"XdsEntry2":{"id":{"system":"urn:ietf:rfc:3986","id":"urn:oid:1.3.6.1.4.1.21367.2005.3.7"},"information":{"instant":"2005-12-24T09:35:00+11:00","class":{"system":"http://ihe.net/xds/connectathon/classCodes","code":"History and Physical","display":"History and Physical"},"type":{"coding":[{"system":"http://loinc.org/","code":"34108-1","display":"Outpatient Evaluation And Management"}]},"title":"Physical","confidentialityCode":{"system":"http://ihe.net/xds/connectathon/confidentialityCodes","code":"1.3.6.1.4.1.21367.2006.7.101","display":"Clinical-Staff"},"subject":{"type":"Person","id":"xcda"},"author":[{"type":"Agent","id":"example"}],"event":{"code":[{"coding":[{"system":"http://ihe.net/xds/connectathon/eventCodes","code":"todo","display":"to do"}]}],"period":{"start":"2004-12-23T08:00:00","end":"2004-12-23T08:01:00"}},"facilityType":{"coding":[{"system":"http://www.ihe.net/xds/connetathon/healthcareFacilityTypeCodes","code":"Outpatient","display":"Outpatient"}]},"practiceSetting":{"coding":[{"system":"http://www.ihe.net/xds/connetathon/practiceSettingCodes","code":"General Medicine","display":"General Medicine"}]}},"format":{"system":"http://ihe.net/xds/connectathon/formatCodes","code":"CDAR2/IHE 1.0","display":"CDAR2/IHE 1.0"},"availability":{"value":"Approved"},"folder":[{"type":"XdsFolder","id":"1.2.36.90146595217.4.2.1"}],"subject":{"type":"Person","id":"xcda"},"content":{"contentType":"text/plain","size":"3654","hash":"da39a3ee5e6b4b0d3255bfef95601890afd80709"},"text":{"status":"generated","div":"<div xmlns=\"http://www.w3.org/1999/xhtml\">Text</div>"}}}