{"Profile":{"name":{"value":"xdsentry"},"author":{"name":{"value":"todo (committee)"}},"description":{"value":"Basic Profile. An entry in an XDS registry"},"status":{"code":{"value":"testing"},"date":{"value":"2012-12-04"}},"resource":[{"type":{"value":"Resource"},"element":[{"path":{"value":"XdsEntry"},"definition":{"short":{"value":"An Entry in an XDS Registry"},"formal":{"value":"An entry in an XDS registry"},"min":{"value":"1"},"max":{"value":"1"},"type":[{"code":{"value":"Resource"}}],"mustUnderstand":{"value":"false"}}},{"path":{"value":"XdsEntry.url"},"definition":{"short":{"value":"Direct URL to retrieve the actual document"},"formal":{"value":"A URL that is used to access the document content directly. If this is not provided, the document may be found be searching the repositoryId for the documentId"},"min":{"value":"0"},"max":{"value":"1"},"type":[{"code":{"value":"uri"}}],"mustUnderstand":{"value":"false"}}},{"path":{"value":"XdsEntry.repositoryId"},"definition":{"short":{"value":"repository - logical or literal url"},"formal":{"value":"The globally unique identifier of the repository where the document is stored, assigned by the Document Repository. This unique identifier for the Document Repository may be used to identify and connect to the specific Document Repository where the document is stored once its metadata has been retrieved from a Document Registry"},"comments":{"value":"This repositoryUniqueId is intended to respond to the following types of usage: The means to reference the Document Repository where this XDS document is stored. The repositoryUniqueId represents an immutable id for the Document Repository. The means to ensure that a XDS Document is retrieved from the appropriate Document Repository."},"min":{"value":"0"},"max":{"value":"1"},"type":[{"code":{"value":"uri"}}],"mustUnderstand":{"value":"false"}}},{"path":{"value":"XdsEntry.mimeType"},"definition":{"short":{"value":"mime type of document"},"formal":{"value":"MIME type of the document in the Repository."},"min":{"value":"1"},"max":{"value":"1"},"type":[{"code":{"value":"string"}}],"mustUnderstand":{"value":"false"}}},{"path":{"value":"XdsEntry.format"},"definition":{"short":{"value":"format (urn:.. Following rules)"},"formal":{"value":"Code globally uniquely specifying the format of the document. Along with the typeCode, it should provide sufficient information to allow any potential XDS Document Consumer to know if it will be able to process the document. The formatCode shall be sufficiently specific to ensure processing/display by identifying a document encoding, structure and template (e.g., for a CDA Document, the fact that it complies with a CDA schema, possibly a template and the choice of a content-specific style sheet)."},"comments":{"value":"Format codes may be specified by multiple organizations. Format codes defined by ITI shall have names with the prefix urn:ihe:iti:. Format codes defined by other IHE domains shall have names with the prefix urn:ihe:’domain initials’: Format codes defined by the Affinity Domain shall have names with the prefix urn:ad:’name of affinity domain’: Affinity Domains shall be unique. The prefixes described here are not assumed to be exhaustive."},"min":{"value":"1"},"max":{"value":"1"},"type":[{"code":{"value":"Coding"}}],"mustUnderstand":{"value":"false"}}},{"path":{"value":"XdsEntry.class"},"definition":{"short":{"value":"particular kind of document"},"formal":{"value":"The code specifying the particular kind of document (e.g., Prescription, Discharge Summary, Report). It is suggested that the XDS Affinity Domain draws these values from a coding scheme providing a coarse level of granularity (about 10 to 100 entries). Shall have a single value."},"min":{"value":"1"},"max":{"value":"1"},"type":[{"code":{"value":"Coding"}}],"mustUnderstand":{"value":"false"}}},{"path":{"value":"XdsEntry.type"},"definition":{"short":{"value":"precise kind of document"},"formal":{"value":"The code specifying the precise kind of document (e.g., Pulmonary History and Physical, Discharge Summary, Ultrasound Report)."},"comments":{"value":"It is suggested that the XDS Affinity Domain draw these values from a coding scheme providing a fine level of granularity."},"min":{"value":"1"},"max":{"value":"1"},"type":[{"code":{"value":"Coding"}}],"mustUnderstand":{"value":"false"}}},{"path":{"value":"XdsEntry.title"},"definition":{"short":{"value":"title of the document"},"formal":{"value":"Represents the title of the document."},"comments":{"value":"Clinical documents often do not have a title, and are collectively referred to by the display name of the classCode (e.g., a \"consultation\" or \"progress note\"). Where these display names are rendered to the clinician, or where the document has a unique title, the title component shall be used. Max length, 128 chars"},"min":{"value":"0"},"max":{"value":"1"},"type":[{"code":{"value":"string"}}],"mustUnderstand":{"value":"false"}}},{"path":{"value":"XdsEntry.documentId"},"definition":{"short":{"value":"document id - logical or literal url"},"formal":{"value":"The globally unique identifier assigned by the document creator to this document. This unique identifier may be used in the body of other XDS Documents to reference this document."},"comments":{"value":"The length of Unique Identifier shall not exceed 128 bytes. The structure and format of this Id shall be consistent with the specification corresponding to the format attribute. (e.g., for a DICOM standard document a 64 character numeric UID, for an HL7 CDA format a serialization of the CDA Document id extension and root in the form oid#extension, where OID is a 64 digits max, and the ID is a 16 UTF-8 char max). If the oid is coded without the extension then the '^' character shall not be included. This uniqueId is intended to provide the means to reference this XDS document from within the content of another document. Neither the XDS Registry nor the Repository is aware of such references, but the Document Sources and Consumers are"},"min":{"value":"1"},"max":{"value":"1"},"type":[{"code":{"value":"uri"}}],"mustUnderstand":{"value":"false"}}},{"path":{"value":"XdsEntry.availability"},"definition":{"short":{"value":"Approved | Deprecated"},"formal":{"value":"deprecated documents can be included in some responses"},"comments":{"value":"This attribute is always set to Approved as part of the submission of new XDS Documents. It may be changed to Deprecated under the primary  responsibility of the Document Source with possible patient supervision. Although XDS supports the ability to delete documents, there is no such state as “the Document Entry is removed” (only an audit trail is kept if such a deletion is allowed). "},"min":{"value":"1"},"max":{"value":"1"},"type":[{"code":{"value":"code"}}],"mustUnderstand":{"value":"false"},"binding":{"value":"XdsEntryAvailability"}}},{"path":{"value":"XdsEntry.confidentialityCode"},"definition":{"short":{"value":"as defined by Affinty Domain"},"formal":{"value":"The code specifying the level of confidentiality of the XDS Document. These codes are specific to an XDS Affinity Domain."},"comments":{"value":"Enforcement and issues related to highly sensitive documents are beyond the scope of XDS (see security section). confidentialityCode is part of a codification scheme and value set enforced by the Document Registry. "},"min":{"value":"1"},"max":{"value":"1"},"type":[{"code":{"value":"Coding"}}],"mustUnderstand":{"value":"false"}}},{"path":{"value":"XdsEntry.created"},"definition":{"short":{"value":"time author created document"},"formal":{"value":"Represents the time the author created the document in the Document Source"},"min":{"value":"1"},"max":{"value":"1"},"type":[{"code":{"value":"instant"}}],"mustUnderstand":{"value":"false"}}},{"path":{"value":"XdsEntry.event"},"definition":{"short":{"value":"main clinical act(s)"},"formal":{"value":"This list of codes represents the main clinical acts, such as a colonoscopy or an appendectomy, being documented. In some cases, the event is inherent in the typeCode, such as a \"History and Physical Report\" in which the procedure being documented is necessarily a \"History and Physical\" act."},"comments":{"value":"An event can further specialize the act inherent in the typeCode, such as where it is simply \"Procedure Report\" and the procedure was a \"colonoscopy\". If one or more eventCodes are included, they shall not conflict with the values inherent in the classCode, practiceSettingCode or typeCode, as such a conflict would create an ambiguous situation. This short list of codes is provided to be used as “key words” for certain types of queries."},"min":{"value":"0"},"max":{"value":"*"},"type":[{"code":{"value":"Coding"}}],"mustUnderstand":{"value":"false"}}},{"path":{"value":"XdsEntry.hash"},"definition":{"short":{"value":"hexBinary representation of SHA1"},"formal":{"value":"Hash key of the XDS Document itself"},"comments":{"value":"This value is computed by the Document Repository and used by the Document Registry for detecting the improper resubmission of XDS Documents. If present, shall have a single value. If this attribute is received in a Provide & Register Document Set-b [ITI-41] transaction, it shall be verified by the repository with the actual hash value of the submitted document; an XDSRepositoryMetadataError shall be returned on mismatch."},"min":{"value":"0"},"max":{"value":"1"},"type":[{"code":{"value":"string"}}],"mustUnderstand":{"value":"false"}}},{"path":{"value":"XdsEntry.size"},"definition":{"short":{"value":"size in bytes"},"formal":{"value":"Size in bytes of the byte stream that was provided in the Register and Provide Transaction and stored by the XDS Document Repository. This value is computed by the Document Repository and included in the Register Documents Set Transaction."},"comments":{"value":"If this attribute is received in a Provide & Register Document Set-b [ITI-41] transaction, it shall be verified by the repository with the actual size of the submitted document; an XDSRepositoryMetadataError shall be returned on mismatch."},"min":{"value":"0"},"max":{"value":"1"},"type":[{"code":{"value":"string"}}],"mustUnderstand":{"value":"false"}}},{"path":{"value":"XdsEntry.language"},"definition":{"short":{"value":"human language (RFC 3066)"},"formal":{"value":"Specifies the human language of character data in the document. The values of the attribute are language identifiers as described by the IETF (Internet Engineering Task Force) RFC 3066."},"comments":{"value":"This value may further be restricted by the registry according to XDS Affinity Domain specific policy."},"min":{"value":"0"},"max":{"value":"1"},"type":[{"code":{"value":"string"}}],"mustUnderstand":{"value":"false"}}},{"path":{"value":"XdsEntry.folder"},"definition":{"short":{"value":"folders this document is in"},"formal":{"value":"Folders that this document is registered in"},"min":{"value":"0"},"max":{"value":"*"},"type":[{"code":{"value":"Resource(XdsFolder)"}}],"mustUnderstand":{"value":"false"}}},{"path":{"value":"XdsEntry.patientId"},"definition":{"short":{"value":"subject of care of the document"},"formal":{"value":"The patientId represents the subject of care of the document. This identifier shall be from the Assigning Authority Domain supporting the XDS Affinity Domain in which the Document Registry operates."},"comments":{"value":"The system is the \"Authority Domain Id\" (enforced by the Registry), and the identifier is an Id in the above domain."},"min":{"value":"1"},"max":{"value":"1"},"type":[{"code":{"value":"Identifier"}}],"mustUnderstand":{"value":"false"}}},{"path":{"value":"XdsEntry.sourcePatientId"},"definition":{"short":{"value":"subject of care in the document"},"formal":{"value":"The sourcePatientId represents the subject of care medical record Identifier (e.g., Patient Id) in the local patient Identifier Domain of the Document Source."},"comments":{"value":"The system is the \"Authority Domain Id\" (enforced by the Registry), and the identifier is an Id in the above domain. This sourcePatientId is not intended to be updated once the Document is registered (just as the Document content and metadata itself will not be \nupdated without replacing the previous document). As this sourcePatientId may have been merged by the source actor, it may no longer be in use within the Document Source (EHR-CR). It is only intended as an audit/checking mechanism and has occasional use for \nDocument Consumer Actors."},"min":{"value":"0"},"max":{"value":"1"},"type":[{"code":{"value":"Identifier"}}],"mustUnderstand":{"value":"false"}}},{"path":{"value":"XdsEntry.patientInfo"},"definition":{"short":{"value":"demographic details"},"formal":{"value":"This is a reference to the demographics information of the person to whose medical record this document belongs, as the Document Source knew it at the time of Submission. This information typically includes: the patient first and last name, sex, \nand birth date"},"comments":{"value":"The Clinical XDS Affinity Domain policies may require more or less specific information and format. This patient information is not intended to be updated once the Document is registered (just as the Document content and metadata itself will not be updated without replacing the previous document). As sourcePatientInfo may have been updated by the source actor, it may no longer be in use within the Document Source (EHR-CR). It is only intended as an audit/checking mechanism and has occasional use for \nDocument Consumer actors."},"min":{"value":"0"},"max":{"value":"1"},"type":[{"code":{"value":"Resource(Person)"}}],"mustUnderstand":{"value":"false"}}},{"path":{"value":"XdsEntry.author"},"definition":{"short":{"value":"human/machine that authored document"},"formal":{"value":"Represents the humans and/or machines that authored the document"},"min":{"value":"1"},"max":{"value":"*"},"mustUnderstand":{"value":"false"}}},{"path":{"value":"XdsEntry.author.name"},"definition":{"short":{"value":"name of human/machine"},"formal":{"value":"Represents the name of the human and/or machine that authored the document  within the authorInstitution"},"comments":{"value":"The document author may be the patient  itself"},"min":{"value":"0"},"max":{"value":"1"},"type":[{"code":{"value":"HumanName"}}],"mustUnderstand":{"value":"false"}}},{"path":{"value":"XdsEntry.author.id"},"definition":{"short":{"value":"id of human/machine"},"formal":{"value":"Represents the id of the human and/or machine that authored the document  within the authorInstitution"},"min":{"value":"0"},"max":{"value":"1"},"type":[{"code":{"value":"Identifier"}}],"mustUnderstand":{"value":"false"}}},{"path":{"value":"XdsEntry.author.role"},"definition":{"short":{"value":"role of author wrt to the patient"},"formal":{"value":"A code that represents the role of the author with respect to the patient when the document was created."},"min":{"value":"0"},"max":{"value":"*"},"type":[{"code":{"value":"string"}}],"mustUnderstand":{"value":"false"}}},{"path":{"value":"XdsEntry.author.specialty"},"definition":{"short":{"value":"speciality of facility per affinity domain"},"formal":{"value":"Represents a specific specialty within a healthcare facility under which the human and/or machines authored the document"},"min":{"value":"0"},"max":{"value":"*"},"type":[{"code":{"value":"string"}}],"mustUnderstand":{"value":"false"}}},{"path":{"value":"XdsEntry.author.institution"},"definition":{"short":{"value":"facilty under which document authored"},"formal":{"value":"Represents a specific healthcare facility under which the human and/or machines authored the document.  A specific case is that of homecare. "},"min":{"value":"0"},"max":{"value":"*"},"mustUnderstand":{"value":"false"}}},{"path":{"value":"XdsEntry.author.institution.id"},"definition":{"short":{"value":"id of facility"},"formal":{"value":"id of facility"},"min":{"value":"0"},"max":{"value":"1"},"type":[{"code":{"value":"Identifier"}}],"mustUnderstand":{"value":"false"}}},{"path":{"value":"XdsEntry.author.institution.name"},"definition":{"short":{"value":"name of facility"},"formal":{"value":"name of facility"},"min":{"value":"0"},"max":{"value":"1"},"type":[{"code":{"value":"string"}}],"mustUnderstand":{"value":"false"}}},{"path":{"value":"XdsEntry.author.contact"},"definition":{"short":{"value":"contact details for author"},"formal":{"value":"Represents the telecommunications address (e.g. email) of the document author, intended to assist with automated routing of other messages intended for the document author"},"min":{"value":"0"},"max":{"value":"*"},"type":[{"code":{"value":"Contact"}}],"mustUnderstand":{"value":"false"}}},{"path":{"value":"XdsEntry.authenticator"},"definition":{"short":{"value":"legal authenticator/attestor"},"formal":{"value":"Represents a participant who has legally authenticated or attested the document within the authorInstitution. Legal authentication implies that a document has been signed manually or electronically by the legalAuthenticator."},"min":{"value":"0"},"max":{"value":"1"},"mustUnderstand":{"value":"false"}}},{"path":{"value":"XdsEntry.authenticator.id"},"definition":{"short":{"value":"id of authenticator"},"formal":{"value":"id of authenticator"},"min":{"value":"0"},"max":{"value":"1"},"type":[{"code":{"value":"Identifier"}}],"mustUnderstand":{"value":"false"}}},{"path":{"value":"XdsEntry.authenticator.name"},"definition":{"short":{"value":"name of authenticator"},"formal":{"value":"name of authenticator"},"min":{"value":"0"},"max":{"value":"1"},"type":[{"code":{"value":"HumanName"}}],"mustUnderstand":{"value":"false"}}},{"path":{"value":"XdsEntry.facilityType"},"definition":{"short":{"value":"type of organizational setting"},"formal":{"value":"This code represents the type of organizational setting of the clinical encounter during which the documented act occurred"},"comments":{"value":"In some cases, the setting of the encounter is inherent in the typeCode, such as \"Diabetes Clinic Progress Note\". healthcareFacilityTypeCode shall be equivalent to or further specialize the value inherent in the typeCode; for example, where the typeCode is simply \"Clinic Progress Note\" and the value of healthcareFacilityTypeCode is \"private clinic\".  The value shall not conflict with the value inherent in the typeCode, as such a conflict would create an ambiguous situation"},"min":{"value":"0"},"max":{"value":"1"},"type":[{"code":{"value":"Coding"}}],"mustUnderstand":{"value":"false"}}},{"path":{"value":"XdsEntry.practiceSetting"},"definition":{"short":{"value":"clinical speciality of the act"},"formal":{"value":"The code specifying the clinical specialty where the act that resulted in the document was performed (e.g., Family Practice, Laboratory, Radiology)."},"comments":{"value":"It is suggested that the XDS Affinity Domain draws these values from a coding scheme providing a coarse level of granularity (about 10 to 100 entries)"},"min":{"value":"1"},"max":{"value":"1"},"type":[{"code":{"value":"Coding"}}],"mustUnderstand":{"value":"false"}}},{"path":{"value":"XdsEntry.homeCommunity"},"definition":{"short":{"value":"globally unique community id"},"formal":{"value":"A globally unique identifier for a community. "},"min":{"value":"0"},"max":{"value":"1"},"type":[{"code":{"value":"uri"}}],"mustUnderstand":{"value":"false"}}},{"path":{"value":"XdsEntry.service"},"definition":{"short":{"value":"when service being document happened"},"formal":{"value":"Represents the time of the service being documented took place (clinically significant, but not necessarily when the document was produced or approved)."},"comments":{"value":"This may be the same as the encounter time in case the service was delivered during an encounter. Encounter time is not coded in XDS metadata but may be coded in documents managed by XDS. Note: Other times, such as document creation or approval are to be recorded, if needed, within the document."},"min":{"value":"1"},"max":{"value":"1"},"mustUnderstand":{"value":"false"}}},{"path":{"value":"XdsEntry.service.start"},"definition":{"short":{"value":"Start time"},"formal":{"value":"Start time"},"min":{"value":"1"},"max":{"value":"1"},"type":[{"code":{"value":"dateTime"}}],"mustUnderstand":{"value":"false"}}},{"path":{"value":"XdsEntry.service.stop"},"definition":{"short":{"value":"Stop time"},"formal":{"value":"Stop time"},"min":{"value":"0"},"max":{"value":"1"},"type":[{"code":{"value":"dateTime"}}],"mustUnderstand":{"value":"false"}}},{"path":{"value":"XdsEntry.comments"},"definition":{"short":{"value":"comments as specified by affinity domain"},"formal":{"value":"Comments associated with the Document."},"comments":{"value":" Free form text with an XDS  Affinity Domain specified usage.  "},"min":{"value":"0"},"max":{"value":"1"},"type":[{"code":{"value":"string"}}],"mustUnderstand":{"value":"false"}}},{"path":{"value":"XdsEntry.extension"},"definition":{"short":{"value":"See Extensions"},"formal":{"value":"See Extensions"},"min":{"value":"0"},"max":{"value":"*"},"type":[{"code":{"value":"Extension"}}],"mustUnderstand":{"value":"false"}}},{"path":{"value":"XdsEntry.text"},"definition":{"short":{"value":"Text summary of resource (for human interpretation)"},"formal":{"value":"Text summary of resource (for human interpretation)"},"min":{"value":"1"},"max":{"value":"1"},"type":[{"code":{"value":"Narrative"}}],"mustUnderstand":{"value":"false"}}}]}],"text":{"status":"generated","div":"<div xmlns=\"http://www.w3.org/1999/xhtml\"><pre>\n&lt;<a title=\"An entry in an XDS registry\" class=\"dict\" href=\"xdsentry-definitions.htm#XdsEntry\"><b>XdsEntry</b></a> xmlns=\"http://hl7.org/fhir\"&gt;\n &lt;<a title=\"A URL that is used to access the document content directly. If this is not provided, the document may be found be searching the repositoryId for the documentId\" class=\"dict\" href=\"xdsentry-definitions.htm#XdsEntry.url\"><b>url</b></a>&gt;<span style=\"color: Gray\">&lt;!--</span><span title=\"A url or a repositoryId must be provided\" style=\"color: deeppink\"><b>0..1</b></span><span style=\"color: darkgreen\"><a href=\"datatypes.htm#uri\">uri</a></span><span style=\"color: navy\">Direct URL to retrieve the actual document</span><span style=\"color: Gray\"> --&gt;</span>&lt;/url&gt;\n &lt;<a title=\"The globally unique identifier of the repository where the document is stored, assigned by the Document Repository. This unique identifier for the Document Repository may be used to identify and connect to the specific Document Repository where the document is stored once its metadata has been retrieved from a Document Registry\" class=\"dict\" href=\"xdsentry-definitions.htm#XdsEntry.repositoryId\"><b>repositoryId</b></a>&gt;<span style=\"color: Gray\">&lt;!--</span><span title=\"A url or a repositoryId must be provided\" style=\"color: deeppink\"><b>0..1</b></span><span style=\"color: darkgreen\"><a href=\"datatypes.htm#uri\">uri</a></span><span style=\"color: navy\">repository - logical or literal url</span><span style=\"color: Gray\"> --&gt;</span>&lt;/repositoryId&gt;\n &lt;<a title=\"MIME type of the document in the Repository.\" class=\"dict\" href=\"xdsentry-definitions.htm#XdsEntry.mimeType\"><b>mimeType</b></a>&gt;<span style=\"color: Gray\">&lt;!--</span><span style=\"color: brown\"><b>1..1</b></span><span style=\"color: darkgreen\"><a href=\"datatypes.htm#string\">string</a></span><span style=\"color: navy\">mime type of document</span><span style=\"color: Gray\"> --&gt;</span>&lt;/mimeType&gt;\n &lt;<a title=\"Code globally uniquely specifying the format of the document. Along with the typeCode, it should provide sufficient information to allow any potential XDS Document Consumer to know if it will be able to process the document. The formatCode shall be sufficiently specific to ensure processing/display by identifying a document encoding, structure and template (e.g., for a CDA Document, the fact that it complies with a CDA schema, possibly a template and the choice of a content-specific style sheet).\" class=\"dict\" href=\"xdsentry-definitions.htm#XdsEntry.format\"><b>format</b></a>&gt;<span style=\"color: Gray\">&lt;!--</span><span style=\"color: brown\"><b>1..1</b></span><span style=\"color: darkgreen\"><a href=\"datatypes.htm#Coding\">Coding</a></span><span style=\"color: navy\">format (urn:.. Following rules)</span><span style=\"color: Gray\"> --&gt;</span>&lt;/format&gt;\n &lt;<a title=\"The code specifying the particular kind of document (e.g., Prescription, Discharge Summary, Report). It is suggested that the XDS Affinity Domain draws these values from a coding scheme providing a coarse level of granularity (about 10 to 100 entries). Shall have a single value.\" class=\"dict\" href=\"xdsentry-definitions.htm#XdsEntry.class\"><b>class</b></a>&gt;<span style=\"color: Gray\">&lt;!--</span><span style=\"color: brown\"><b>1..1</b></span><span style=\"color: darkgreen\"><a href=\"datatypes.htm#Coding\">Coding</a></span><span style=\"color: navy\">particular kind of document</span><span style=\"color: Gray\"> --&gt;</span>&lt;/class&gt;\n &lt;<a title=\"The code specifying the precise kind of document (e.g., Pulmonary History and Physical, Discharge Summary, Ultrasound Report).\" class=\"dict\" href=\"xdsentry-definitions.htm#XdsEntry.type\"><b>type</b></a>&gt;<span style=\"color: Gray\">&lt;!--</span><span style=\"color: brown\"><b>1..1</b></span><span style=\"color: darkgreen\"><a href=\"datatypes.htm#Coding\">Coding</a></span><span style=\"color: navy\">precise kind of document</span><span style=\"color: Gray\"> --&gt;</span>&lt;/type&gt;\n &lt;<a title=\"Represents the title of the document.\" class=\"dict\" href=\"xdsentry-definitions.htm#XdsEntry.title\"><b>title</b></a>&gt;<span style=\"color: Gray\">&lt;!--</span><span style=\"color: brown\"><b>0..1</b></span><span style=\"color: darkgreen\"><a href=\"datatypes.htm#string\">string</a></span><span style=\"color: navy\">title of the document</span><span style=\"color: Gray\"> --&gt;</span>&lt;/title&gt;\n &lt;<a title=\"The globally unique identifier assigned by the document creator to this document. This unique identifier may be used in the body of other XDS Documents to reference this document.\" class=\"dict\" href=\"xdsentry-definitions.htm#XdsEntry.documentId\"><b>documentId</b></a>&gt;<span style=\"color: Gray\">&lt;!--</span><span style=\"color: brown\"><b>1..1</b></span><span style=\"color: darkgreen\"><a href=\"datatypes.htm#uri\">uri</a></span><span style=\"color: navy\">document id - logical or literal url</span><span style=\"color: Gray\"> --&gt;</span>&lt;/documentId&gt;\n &lt;<a title=\"deprecated documents can be included in some responses\" class=\"dict\" href=\"xdsentry-definitions.htm#XdsEntry.availability\"><b>availability</b></a>&gt;<span style=\"color: Gray\">&lt;!--</span><span style=\"color: brown\"><b>1..1</b></span><span style=\"color: darkgreen\"><a href=\"datatypes.htm#code\">code</a></span><span style=\"color: navy\">Approved | Deprecated</span><span style=\"color: Gray\"> --&gt;</span>&lt;/availability&gt;\n &lt;<a title=\"The code specifying the level of confidentiality of the XDS Document. These codes are specific to an XDS Affinity Domain.\" class=\"dict\" href=\"xdsentry-definitions.htm#XdsEntry.confidentialityCode\"><b>confidentialityCode</b></a>&gt;<span style=\"color: Gray\">&lt;!--</span><span style=\"color: brown\"><b>1..1</b></span><span style=\"color: darkgreen\"><a href=\"datatypes.htm#Coding\">Coding</a></span><span style=\"color: navy\">as defined by Affinty Domain</span><span style=\"color: Gray\"> --&gt;</span>&lt;/confidentialityCode&gt;\n &lt;<a title=\"Represents the time the author created the document in the Document Source\" class=\"dict\" href=\"xdsentry-definitions.htm#XdsEntry.created\"><b>created</b></a>&gt;<span style=\"color: Gray\">&lt;!--</span><span style=\"color: brown\"><b>1..1</b></span><span style=\"color: darkgreen\"><a href=\"datatypes.htm#instant\">instant</a></span><span style=\"color: navy\">time author created document</span><span style=\"color: Gray\"> --&gt;</span>&lt;/created&gt;\n &lt;<a title=\"This list of codes represents the main clinical acts, such as a colonoscopy or an appendectomy, being documented. In some cases, the event is inherent in the typeCode, such as a &quot;History and Physical Report&quot; in which the procedure being documented is necessarily a &quot;History and Physical&quot; act.\" class=\"dict\" href=\"xdsentry-definitions.htm#XdsEntry.event\"><b>event</b></a>&gt;<span style=\"color: Gray\">&lt;!--</span><span style=\"color: brown\"><b>0..*</b></span><span style=\"color: darkgreen\"><a href=\"datatypes.htm#Coding\">Coding</a></span><span style=\"color: navy\">main clinical act(s)</span><span style=\"color: Gray\"> --&gt;</span>&lt;/event&gt;\n &lt;<a title=\"Hash key of the XDS Document itself\" class=\"dict\" href=\"xdsentry-definitions.htm#XdsEntry.hash\"><b>hash</b></a>&gt;<span style=\"color: Gray\">&lt;!--</span><span style=\"color: brown\"><b>0..1</b></span><span style=\"color: darkgreen\"><a href=\"datatypes.htm#string\">string</a></span><span style=\"color: navy\">hexBinary representation of SHA1</span><span style=\"color: Gray\"> --&gt;</span>&lt;/hash&gt;\n &lt;<a title=\"Size in bytes of the byte stream that was provided in the Register and Provide Transaction and stored by the XDS Document Repository. This value is computed by the Document Repository and included in the Register Documents Set Transaction.\" class=\"dict\" href=\"xdsentry-definitions.htm#XdsEntry.size\"><b>size</b></a>&gt;<span style=\"color: Gray\">&lt;!--</span><span style=\"color: brown\"><b>0..1</b></span><span style=\"color: darkgreen\"><a href=\"datatypes.htm#string\">string</a></span><span style=\"color: navy\">size in bytes</span><span style=\"color: Gray\"> --&gt;</span>&lt;/size&gt;\n &lt;<a title=\"Specifies the human language of character data in the document. The values of the attribute are language identifiers as described by the IETF (Internet Engineering Task Force) RFC 3066.\" class=\"dict\" href=\"xdsentry-definitions.htm#XdsEntry.language\"><b>language</b></a>&gt;<span style=\"color: Gray\">&lt;!--</span><span style=\"color: brown\"><b>0..1</b></span><span style=\"color: darkgreen\"><a href=\"datatypes.htm#string\">string</a></span><span style=\"color: navy\">human language (RFC 3066)</span><span style=\"color: Gray\"> --&gt;</span>&lt;/language&gt;\n &lt;<a title=\"Folders that this document is registered in\" class=\"dict\" href=\"xdsentry-definitions.htm#XdsEntry.folder\"><b>folder</b></a>&gt;<span style=\"color: Gray\">&lt;!--</span><span style=\"color: brown\"><b>0..*</b></span><span style=\"color: darkgreen\"><a href=\"xml.htm#Resource\">Resource</a>(<a href=\"XdsFolder.htm#XdsFolder\">XdsFolder</a>)</span><span style=\"color: navy\">folders this document is in</span><span style=\"color: Gray\"> --&gt;</span>&lt;/folder&gt;\n &lt;<a title=\"The patientId represents the subject of care of the document. This identifier shall be from the Assigning Authority Domain supporting the XDS Affinity Domain in which the Document Registry operates.\" class=\"dict\" href=\"xdsentry-definitions.htm#XdsEntry.patientId\"><b>patientId</b></a>&gt;<span style=\"color: Gray\">&lt;!--</span><span style=\"color: brown\"><b>1..1</b></span><span style=\"color: darkgreen\"><a href=\"datatypes.htm#Identifier\">Identifier</a></span><span style=\"color: navy\">subject of care of the document</span><span style=\"color: Gray\"> --&gt;</span>&lt;/patientId&gt;\n &lt;<a title=\"The sourcePatientId represents the subject of care medical record Identifier (e.g., Patient Id) in the local patient Identifier Domain of the Document Source.\" class=\"dict\" href=\"xdsentry-definitions.htm#XdsEntry.sourcePatientId\"><b>sourcePatientId</b></a>&gt;<span style=\"color: Gray\">&lt;!--</span><span style=\"color: brown\"><b>0..1</b></span><span style=\"color: darkgreen\"><a href=\"datatypes.htm#Identifier\">Identifier</a></span><span style=\"color: navy\">subject of care in the document</span><span style=\"color: Gray\"> --&gt;</span>&lt;/sourcePatientId&gt;\n &lt;<a title=\"This is a reference to the demographics information of the person to whose medical record this document belongs, as the Document Source knew it at the time of Submission. This information typically includes: the patient first and last name, sex,  and birth date\" class=\"dict\" href=\"xdsentry-definitions.htm#XdsEntry.patientInfo\"><b>patientInfo</b></a>&gt;<span style=\"color: Gray\">&lt;!--</span><span style=\"color: brown\"><b>0..1</b></span><span style=\"color: darkgreen\"><a href=\"xml.htm#Resource\">Resource</a>(<a href=\"Person.htm#Person\">Person</a>)</span><span style=\"color: navy\">demographic details</span><span style=\"color: Gray\"> --&gt;</span>&lt;/patientInfo&gt;\n &lt;<a title=\"Represents the humans and/or machines that authored the document\" class=\"dict\" href=\"xdsentry-definitions.htm#XdsEntry.author\"><b>author</b></a>&gt;  <span style=\"color: Gray\">&lt;!-- <span style=\"color: brown\"><b>1..*</b></span> human/machine that authored document --&gt;</span>\n  &lt;<a title=\"Represents the name of the human and/or machine that authored the document  within the authorInstitution\" class=\"dict\" href=\"xdsentry-definitions.htm#XdsEntry.author.name\"><b>name</b></a>&gt;<span style=\"color: Gray\">&lt;!--</span><span title=\"At least a name, id, contact, or institution sub-attribute shall be present\" style=\"color: deeppink\"><b>0..1</b></span><span style=\"color: darkgreen\"><a href=\"datatypes.htm#HumanName\">HumanName</a></span><span style=\"color: navy\">name of human/machine</span><span style=\"color: Gray\"> --&gt;</span>&lt;/name&gt;\n  &lt;<a title=\"Represents the id of the human and/or machine that authored the document  within the authorInstitution\" class=\"dict\" href=\"xdsentry-definitions.htm#XdsEntry.author.id\"><b>id</b></a>&gt;<span style=\"color: Gray\">&lt;!--</span><span title=\"At least a name, id, contact, or institution sub-attribute shall be present\" style=\"color: deeppink\"><b>0..1</b></span><span style=\"color: darkgreen\"><a href=\"datatypes.htm#Identifier\">Identifier</a></span><span style=\"color: navy\">id of human/machine</span><span style=\"color: Gray\"> --&gt;</span>&lt;/id&gt;\n  &lt;<a title=\"A code that represents the role of the author with respect to the patient when the document was created.\" class=\"dict\" href=\"xdsentry-definitions.htm#XdsEntry.author.role\"><b>role</b></a>&gt;<span style=\"color: Gray\">&lt;!--</span><span style=\"color: brown\"><b>0..*</b></span><span style=\"color: darkgreen\"><a href=\"datatypes.htm#string\">string</a></span><span style=\"color: navy\">role of author wrt to the patient</span><span style=\"color: Gray\"> --&gt;</span>&lt;/role&gt;\n  &lt;<a title=\"Represents a specific specialty within a healthcare facility under which the human and/or machines authored the document\" class=\"dict\" href=\"xdsentry-definitions.htm#XdsEntry.author.specialty\"><b>specialty</b></a>&gt;<span style=\"color: Gray\">&lt;!--</span><span style=\"color: brown\"><b>0..*</b></span><span style=\"color: darkgreen\"><a href=\"datatypes.htm#string\">string</a></span><span style=\"color: navy\">speciality of facility per affinity domain</span><span style=\"color: Gray\"> --&gt;</span>&lt;/specialty&gt;\n  &lt;<a title=\"Represents a specific healthcare facility under which the human and/or machines authored the document.  A specific case is that of homecare. \" class=\"dict\" href=\"xdsentry-definitions.htm#XdsEntry.author.institution\"><b>institution</b></a>&gt;  <span style=\"color: Gray\">&lt;!-- <span title=\"At least a name, id, contact, or institution sub-attribute shall be present\" style=\"color: deeppink\"><b>0..*</b></span> facilty under which document authored --&gt;</span>\n   &lt;<a title=\"id of facility\" class=\"dict\" href=\"xdsentry-definitions.htm#XdsEntry.author.institution.id\"><b>id</b></a>&gt;<span style=\"color: Gray\">&lt;!--</span><span style=\"color: brown\"><b>0..1</b></span><span style=\"color: darkgreen\"><a href=\"datatypes.htm#Identifier\">Identifier</a></span><span style=\"color: navy\">id of facility</span><span style=\"color: Gray\"> --&gt;</span>&lt;/id&gt;\n   &lt;<a title=\"name of facility\" class=\"dict\" href=\"xdsentry-definitions.htm#XdsEntry.author.institution.name\"><b>name</b></a>&gt;<span style=\"color: Gray\">&lt;!--</span><span style=\"color: brown\"><b>0..1</b></span><span style=\"color: darkgreen\"><a href=\"datatypes.htm#string\">string</a></span><span style=\"color: navy\">name of facility</span><span style=\"color: Gray\"> --&gt;</span>&lt;/name&gt;\n  &lt;/institution&gt;\n  &lt;<a title=\"Represents the telecommunications address (e.g. email) of the document author, intended to assist with automated routing of other messages intended for the document author\" class=\"dict\" href=\"xdsentry-definitions.htm#XdsEntry.author.contact\"><b>contact</b></a>&gt;<span style=\"color: Gray\">&lt;!--</span><span style=\"color: brown\"><b>0..*</b></span><span style=\"color: darkgreen\"><a href=\"datatypes.htm#Contact\">Contact</a></span><span style=\"color: navy\">contact details for author</span><span style=\"color: Gray\"> --&gt;</span>&lt;/contact&gt;\n &lt;/author&gt;\n &lt;<a title=\"Represents a participant who has legally authenticated or attested the document within the authorInstitution. Legal authentication implies that a document has been signed manually or electronically by the legalAuthenticator.\" class=\"dict\" href=\"xdsentry-definitions.htm#XdsEntry.authenticator\"><b>authenticator</b></a>&gt;  <span style=\"color: Gray\">&lt;!-- <span style=\"color: brown\"><b>0..1</b></span> legal authenticator/attestor --&gt;</span>\n  &lt;<a title=\"id of authenticator\" class=\"dict\" href=\"xdsentry-definitions.htm#XdsEntry.authenticator.id\"><b>id</b></a>&gt;<span style=\"color: Gray\">&lt;!--</span><span title=\"A name or id must be provided\" style=\"color: deeppink\"><b>0..1</b></span><span style=\"color: darkgreen\"><a href=\"datatypes.htm#Identifier\">Identifier</a></span><span style=\"color: navy\">id of authenticator</span><span style=\"color: Gray\"> --&gt;</span>&lt;/id&gt;\n  &lt;<a title=\"name of authenticator\" class=\"dict\" href=\"xdsentry-definitions.htm#XdsEntry.authenticator.name\"><b>name</b></a>&gt;<span style=\"color: Gray\">&lt;!--</span><span title=\"A name or id must be provided\" style=\"color: deeppink\"><b>0..1</b></span><span style=\"color: darkgreen\"><a href=\"datatypes.htm#HumanName\">HumanName</a></span><span style=\"color: navy\">name of authenticator</span><span style=\"color: Gray\"> --&gt;</span>&lt;/name&gt;\n &lt;/authenticator&gt;\n &lt;<a title=\"This code represents the type of organizational setting of the clinical encounter during which the documented act occurred\" class=\"dict\" href=\"xdsentry-definitions.htm#XdsEntry.facilityType\"><b>facilityType</b></a>&gt;<span style=\"color: Gray\">&lt;!--</span><span style=\"color: brown\"><b>0..1</b></span><span style=\"color: darkgreen\"><a href=\"datatypes.htm#Coding\">Coding</a></span><span style=\"color: navy\">type of organizational setting</span><span style=\"color: Gray\"> --&gt;</span>&lt;/facilityType&gt;\n &lt;<a title=\"The code specifying the clinical specialty where the act that resulted in the document was performed (e.g., Family Practice, Laboratory, Radiology).\" class=\"dict\" href=\"xdsentry-definitions.htm#XdsEntry.practiceSetting\"><b>practiceSetting</b></a>&gt;<span style=\"color: Gray\">&lt;!--</span><span style=\"color: brown\"><b>1..1</b></span><span style=\"color: darkgreen\"><a href=\"datatypes.htm#Coding\">Coding</a></span><span style=\"color: navy\">clinical speciality of the act</span><span style=\"color: Gray\"> --&gt;</span>&lt;/practiceSetting&gt;\n &lt;<a title=\"A globally unique identifier for a community. \" class=\"dict\" href=\"xdsentry-definitions.htm#XdsEntry.homeCommunity\"><b>homeCommunity</b></a>&gt;<span style=\"color: Gray\">&lt;!--</span><span style=\"color: brown\"><b>0..1</b></span><span style=\"color: darkgreen\"><a href=\"datatypes.htm#uri\">uri</a></span><span style=\"color: navy\">globally unique community id</span><span style=\"color: Gray\"> --&gt;</span>&lt;/homeCommunity&gt;\n &lt;<a title=\"Represents the time of the service being documented took place (clinically significant, but not necessarily when the document was produced or approved).\" class=\"dict\" href=\"xdsentry-definitions.htm#XdsEntry.service\"><b>service</b></a>&gt;  <span style=\"color: Gray\">&lt;!-- <span style=\"color: brown\"><b>1..1</b></span> when service being document happened --&gt;</span>\n  &lt;<a title=\"Start time\" class=\"dict\" href=\"xdsentry-definitions.htm#XdsEntry.service.start\"><b>start</b></a>&gt;<span style=\"color: Gray\">&lt;!--</span><span style=\"color: brown\"><b>1..1</b></span><span style=\"color: darkgreen\"><a href=\"datatypes.htm#dateTime\">dateTime</a></span><span style=\"color: navy\">Start time</span><span style=\"color: Gray\"> --&gt;</span>&lt;/start&gt;\n  &lt;<a title=\"Stop time\" class=\"dict\" href=\"xdsentry-definitions.htm#XdsEntry.service.stop\"><b>stop</b></a>&gt;<span style=\"color: Gray\">&lt;!--</span><span style=\"color: brown\"><b>0..1</b></span><span style=\"color: darkgreen\"><a href=\"datatypes.htm#dateTime\">dateTime</a></span><span style=\"color: navy\">Stop time</span><span style=\"color: Gray\"> --&gt;</span>&lt;/stop&gt;\n &lt;/service&gt;\n &lt;<a title=\"Comments associated with the Document.\" class=\"dict\" href=\"xdsentry-definitions.htm#XdsEntry.comments\"><b>comments</b></a>&gt;<span style=\"color: Gray\">&lt;!--</span><span style=\"color: brown\"><b>0..1</b></span><span style=\"color: darkgreen\"><a href=\"datatypes.htm#string\">string</a></span><span style=\"color: navy\">comments as specified by affinity domain</span><span style=\"color: Gray\"> --&gt;</span>&lt;/comments&gt;\n &lt;<a title=\"See Extensions\" class=\"dict\" href=\"xdsentry-definitions.htm#XdsEntry.extension\"><b>extension</b></a>&gt;<span style=\"color: Gray\">&lt;!--</span><span style=\"color: brown\"><b>0..*</b></span><span style=\"color: darkgreen\"><a href=\"extensibility.htm#Extension\">Extension</a></span><a href=\"extensibility.htm\"><span style=\"color: navy\">See Extensions</span></a><span style=\"color: Gray\"> --&gt;</span>&lt;/extension&gt;\n &lt;<a title=\"Text summary of resource (for human interpretation)\" class=\"dict\" href=\"xdsentry-definitions.htm#XdsEntry.text\"><b>text</b></a>&gt;<span style=\"color: Gray\">&lt;!--</span><span style=\"color: brown\"><b>1..1</b></span><span style=\"color: darkgreen\"><a href=\"xml.htm#Narrative\">Narrative</a></span><span style=\"color: navy\">Text summary of resource (for human interpretation)</span><span style=\"color: Gray\"> --&gt;</span>&lt;/text&gt;\n&lt;/XdsEntry&gt;\n</pre></div>"}}}