<?xml version="1.0" encoding="UTF-8"?>

<Composition xmlns="http://hl7.org/fhir">
  <id value="PartialCCDExample"/>
  <meta>
    <profile value="http://example.org/StructureDefinition/partial-ccd"/>
  </meta>
  <text>
    <status value="generated"/><div xmlns="http://www.w3.org/1999/xhtml"><p><b>Generated Narrative: Composition</b><a name="PartialCCDExample"> </a></p><div style="display: inline-block; background-color: #d9e0e7; padding: 6px; margin: 4px; border: 1px solid #8da1b4; border-radius: 5px; line-height: 60%"><p style="margin-bottom: 0px">Resource Composition "PartialCCDExample" </p><p style="margin-bottom: 0px">Profile: <a href="StructureDefinition-partial-ccd.html">Partial Continuity of Care Document</a></p></div><p><b>status</b>: final</p><p><b>type</b>: Summary of episode note <span style="background: LightGoldenRodYellow; margin: 4px; border: 1px solid khaki"> (<a href="https://loinc.org/">LOINC</a>#34133-9)</span></p><p><b>date</b>: 2022-09-21 12:00:00+0000</p><p><b>author</b>: <a href="Organization-AcmeOrganization.html">Organization/AcmeOrganization</a> "Acme, Inc."</p><p><b>title</b>: Partial Continuity of Care Document for Bob</p><h3>Events</h3><table class="grid"><tr><td>-</td><td><b>Period</b></td></tr><tr><td>*</td><td>2022-08-15 12:00:00+0000 --&gt; 2022-09-21 12:00:00+0000</td></tr></table></div>
  </text>
  <status value="final"/>
  <type>
    <coding>
      <system value="http://loinc.org"/>
      <code value="34133-9"/>
    </coding>
  </type>
  <subject>
    <reference value="Patient/PatientBob"/>
  </subject>
  <date value="2022-09-21T00:00:00.0Z"/>
  <author>
    <reference value="Organization/AcmeOrganization"/>
  </author>
  <title value="Partial Continuity of Care Document for Bob"/>
  <event>
    <period>
      <start value="2022-08-15T00:00:00.0Z"/>
      <end value="2022-09-21T00:00:00.0Z"/>
    </period>
  </event>
  <section>
    <code>
      <coding>
        <system value="http://loinc.org"/>
        <code value="48765-2"/>
      </coding>
    </code>
    <entry>
      <reference value="AllergyIntolerance/AllergyToLatexExample"/>
    </entry>
  </section>
  <section>
    <code>
      <coding>
        <system value="http://loinc.org"/>
        <code value="10160-0"/>
      </coding>
    </code>
    <entry>
      <reference value="MedicationRequest/StatinExample"/>
    </entry>
  </section>
  <section>
    <code>
      <coding>
        <system value="http://loinc.org"/>
        <code value="11450-4"/>
      </coding>
    </code>
    <entry>
      <reference value="Condition/DiabetesExample"/>
    </entry>
    <entry>
      <reference value="Condition/HypertensionExample"/>
    </entry>
  </section>
</Composition>