{
  "resourceType": "Composition",
  "id": "PartialCCDExample",
  "meta": {
    "profile": [
      "http://example.org/StructureDefinition/partial-ccd"
    ]
  },
  "text": {
    "status": "generated",
    "div": "<div xmlns=\"http://www.w3.org/1999/xhtml\"><p><b>Generated Narrative: Composition</b><a name=\"PartialCCDExample\"> </a></p><div style=\"display: inline-block; background-color: #d9e0e7; padding: 6px; margin: 4px; border: 1px solid #8da1b4; border-radius: 5px; line-height: 60%\"><p style=\"margin-bottom: 0px\">Resource Composition \"PartialCCDExample\" </p><p style=\"margin-bottom: 0px\">Profile: <a href=\"StructureDefinition-partial-ccd.html\">Partial Continuity of Care Document</a></p></div><p><b>status</b>: final</p><p><b>type</b>: Summary of episode note <span style=\"background: LightGoldenRodYellow; margin: 4px; border: 1px solid khaki\"> (<a href=\"https://loinc.org/\">LOINC</a>#34133-9)</span></p><p><b>date</b>: 2022-09-21 12:00:00+0000</p><p><b>author</b>: <a href=\"Organization-AcmeOrganization.html\">Organization/AcmeOrganization</a> \"Acme, Inc.\"</p><p><b>title</b>: Partial Continuity of Care Document for Bob</p><h3>Events</h3><table class=\"grid\"><tr><td>-</td><td><b>Period</b></td></tr><tr><td>*</td><td>2022-08-15 12:00:00+0000 --&gt; 2022-09-21 12:00:00+0000</td></tr></table></div>"
  },
  "status": "final",
  "type": {
    "coding": [
      {
        "system": "http://loinc.org",
        "code": "34133-9"
      }
    ]
  },
  "subject": {
    "reference": "Patient/PatientBob"
  },
  "date": "2022-09-21T00:00:00.0Z",
  "author": [
    {
      "reference": "Organization/AcmeOrganization"
    }
  ],
  "title": "Partial Continuity of Care Document for Bob",
  "event": [
    {
      "period": {
        "start": "2022-08-15T00:00:00.0Z",
        "end": "2022-09-21T00:00:00.0Z"
      }
    }
  ],
  "section": [
    {
      "code": {
        "coding": [
          {
            "system": "http://loinc.org",
            "code": "48765-2"
          }
        ]
      },
      "entry": [
        {
          "reference": "AllergyIntolerance/AllergyToLatexExample"
        }
      ]
    },
    {
      "code": {
        "coding": [
          {
            "system": "http://loinc.org",
            "code": "10160-0"
          }
        ]
      },
      "entry": [
        {
          "reference": "MedicationRequest/StatinExample"
        }
      ]
    },
    {
      "code": {
        "coding": [
          {
            "system": "http://loinc.org",
            "code": "11450-4"
          }
        ]
      },
      "entry": [
        {
          "reference": "Condition/DiabetesExample"
        },
        {
          "reference": "Condition/HypertensionExample"
        }
      ]
    }
  ]
}