{
  "resourceType": "Condition",
  "id": "HypertensionExample",
  "text": {
    "status": "generated",
    "div": "<div xmlns=\"http://www.w3.org/1999/xhtml\"><p><b>Generated Narrative: Condition</b><a name=\"HypertensionExample\"> </a></p><div style=\"display: inline-block; background-color: #d9e0e7; padding: 6px; margin: 4px; border: 1px solid #8da1b4; border-radius: 5px; line-height: 60%\"><p style=\"margin-bottom: 0px\">Resource Condition \"HypertensionExample\" </p></div><p><b>code</b>: Benign hypertension (disorder) <span style=\"background: LightGoldenRodYellow; margin: 4px; border: 1px solid khaki\"> (<a href=\"https://browser.ihtsdotools.org/\">SNOMED CT</a>#10725009)</span></p><p><b>subject</b>: <a href=\"Patient-PatientBob.html\">Patient/PatientBob</a> \"\"</p></div>"
  },
  "code": {
    "coding": [
      {
        "system": "http://snomed.info/sct",
        "code": "10725009",
        "display": "Benign hypertension (disorder)"
      }
    ]
  },
  "subject": {
    "reference": "Patient/PatientBob"
  }
}