<?xml version="1.0" encoding="UTF-8"?>

<MedicationRequest xmlns="http://hl7.org/fhir">
  <id value="StatinExample"/>
  <text>
    <status value="generated"/><div xmlns="http://www.w3.org/1999/xhtml"><p><b>Generated Narrative: MedicationRequest</b><a name="StatinExample"> </a></p><div style="display: inline-block; background-color: #d9e0e7; padding: 6px; margin: 4px; border: 1px solid #8da1b4; border-radius: 5px; line-height: 60%"><p style="margin-bottom: 0px">Resource MedicationRequest "StatinExample" </p></div><p><b>status</b>: active</p><p><b>intent</b>: order</p><p><b>medication</b>: atorvastatin calcium 40 MG Oral Tablet <span style="background: LightGoldenRodYellow; margin: 4px; border: 1px solid khaki"> (<a href="http://terminology.hl7.org/4.0.0/CodeSystem-v3-rxNorm.html">RxNorm</a>#617311)</span></p><p><b>subject</b>: <a href="Patient-PatientBob.html">Patient/PatientBob</a> ""</p></div>
  </text>
  <status value="active"/>
  <intent value="order"/>
  <medicationCodeableConcept>
    <coding>
      <system value="http://www.nlm.nih.gov/research/umls/rxnorm"/>
      <code value="617311"/>
      <display value="atorvastatin calcium 40 MG Oral Tablet"/>
    </coding>
  </medicationCodeableConcept>
  <subject>
    <reference value="Patient/PatientBob"/>
  </subject>
</MedicationRequest>