<?xml version="1.0" encoding="UTF-8"?><Bundle xmlns="http://hl7.org/fhir"><type value="collection"/><entry/><entry><resource><OperationOutcome><extension url="http://hl7.org/fhir/StructureDefinition/operationoutcome-file"><valueString value="/Users/cmoesel/dev/fsh/AdvancedFSHExercises/Slicing/fsh-generated/resources/ImplementationGuide-fhir.example"/></extension></OperationOutcome></resource></entry><entry><resource><OperationOutcome><extension url="http://hl7.org/fhir/StructureDefinition/operationoutcome-file"><valueString value="/Users/cmoesel/dev/fsh/AdvancedFSHExercises/Slicing/fsh-generated/resources/allergyintolerance-AllergyToLatexExample"/></extension></OperationOutcome></resource></entry><entry><resource><OperationOutcome><extension url="http://hl7.org/fhir/StructureDefinition/operationoutcome-file"><valueString value="/Users/cmoesel/dev/fsh/AdvancedFSHExercises/Slicing/fsh-generated/resources/composition-PartialCCDExample"/></extension></OperationOutcome></resource></entry><entry><resource><OperationOutcome><extension url="http://hl7.org/fhir/StructureDefinition/operationoutcome-file"><valueString value="/Users/cmoesel/dev/fsh/AdvancedFSHExercises/Slicing/fsh-generated/resources/condition-DiabetesExample"/></extension></OperationOutcome></resource></entry><entry><resource><OperationOutcome><extension url="http://hl7.org/fhir/StructureDefinition/operationoutcome-file"><valueString value="/Users/cmoesel/dev/fsh/AdvancedFSHExercises/Slicing/fsh-generated/resources/condition-HypertensionExample"/></extension></OperationOutcome></resource></entry><entry><resource><OperationOutcome><extension url="http://hl7.org/fhir/StructureDefinition/operationoutcome-file"><valueString value="/Users/cmoesel/dev/fsh/AdvancedFSHExercises/Slicing/fsh-generated/resources/medicationrequest-StatinExample"/></extension></OperationOutcome></resource></entry><entry><resource><OperationOutcome><extension url="http://hl7.org/fhir/StructureDefinition/operationoutcome-file"><valueString value="/Users/cmoesel/dev/fsh/AdvancedFSHExercises/Slicing/fsh-generated/resources/organization-AcmeOrganization"/></extension></OperationOutcome></resource></entry><entry><resource><OperationOutcome><extension url="http://hl7.org/fhir/StructureDefinition/operationoutcome-file"><valueString value="/Users/cmoesel/dev/fsh/AdvancedFSHExercises/Slicing/fsh-generated/resources/patient-PatientBob"/></extension></OperationOutcome></resource></entry><entry><resource><OperationOutcome><extension url="http://hl7.org/fhir/StructureDefinition/operationoutcome-file"><valueString value="/Users/cmoesel/dev/fsh/AdvancedFSHExercises/Slicing/fsh-generated/resources/structuredefinition-partial-ccd"/></extension><issue><extension url="http://hl7.org/fhir/StructureDefinition/operationoutcome-issue-source"><valueCode value="InstanceValidator"/></extension><severity value="information"/><code value="exception"/><details><text value="The repeating element has a pattern. The pattern will apply to all the repeats (this has not been clear to all users) "/></details><expression value="StructureDefinition/partial-ccd: StructureDefinition.snapshot.element[37].pattern.ofType(CodeableConcept)"/></issue></OperationOutcome></resource></entry></Bundle>