{
  "index-version": 1,
  "files": [
    {
      "filename": "Location-hl7east.json",
      "resourceType": "Location",
      "id": "hl7east"
    },
    {
      "filename": "Observation-AHC-HRSN-item-example-68524-8.json",
      "resourceType": "Observation",
      "id": "AHC-HRSN-item-example-68524-8"
    },
    {
      "filename": "Goal-goal-sdoh-2.json",
      "resourceType": "Goal",
      "id": "goal-sdoh-2"
    },
    {
      "filename": "Observation-socialhistory-assessment-example.json",
      "resourceType": "Observation",
      "id": "socialhistory-assessment-example"
    },
    {
      "filename": "Observation-AHC-HRSN-item-example-96842-0.json",
      "resourceType": "Observation",
      "id": "AHC-HRSN-item-example-96842-0"
    },
    {
      "filename": "Procedure-defib-implant.json",
      "resourceType": "Procedure",
      "id": "defib-implant"
    },
    {
      "filename": "Observation-HVS-item-example-88123-5.json",
      "resourceType": "Observation",
      "id": "HVS-item-example-88123-5"
    },
    {
      "filename": "Observation-PRAPARE-multiselect-item-example-93031-3-answer1.json",
      "resourceType": "Observation",
      "id": "PRAPARE-multiselect-item-example-93031-3-answer1"
    },
    {
      "filename": "Observation-bmi.json",
      "resourceType": "Observation",
      "id": "bmi"
    },
    {
      "filename": "Observation-blood-glucose.json",
      "resourceType": "Observation",
      "id": "blood-glucose"
    },
    {
      "filename": "QuestionnaireResponse-AHC-HRSN-screening-example.json",
      "resourceType": "QuestionnaireResponse",
      "id": "AHC-HRSN-screening-example"
    },
    {
      "filename": "Media-ekg-strip.json",
      "resourceType": "Media",
      "id": "ekg-strip"
    },
    {
      "filename": "Observation-AHC-HRSN-item-example-93159-2.json",
      "resourceType": "Observation",
      "id": "AHC-HRSN-item-example-93159-2"
    },
    {
      "filename": "Observation-AHC-HRSN-item-example-96780-2.json",
      "resourceType": "Observation",
      "id": "AHC-HRSN-item-example-96780-2"
    },
    {
      "filename": "Observation-dxa-hip-l-armass-bmd.json",
      "resourceType": "Observation",
      "id": "dxa-hip-l-armass-bmd"
    },
    {
      "filename": "Observation-AHC-HRSN-item-example-97027-7.json",
      "resourceType": "Observation",
      "id": "AHC-HRSN-item-example-97027-7"
    },
    {
      "filename": "Observation-PRAPARE-multiselect-item-example-93031-3-answer0.json",
      "resourceType": "Observation",
      "id": "PRAPARE-multiselect-item-example-93031-3-answer0"
    },
    {
      "filename": "Observation-ofc-percentile.json",
      "resourceType": "Observation",
      "id": "ofc-percentile"
    },
    {
      "filename": "RelatedPerson-shaw-niece.json",
      "resourceType": "RelatedPerson",
      "id": "shaw-niece"
    },
    {
      "filename": "Observation-height.json",
      "resourceType": "Observation",
      "id": "height"
    },
    {
      "filename": "Observation-AHC-HRSN-item-example-44255-8.json",
      "resourceType": "Observation",
      "id": "AHC-HRSN-item-example-44255-8"
    },
    {
      "filename": "Observation-PRAPARE-item-example-76501-6.json",
      "resourceType": "Observation",
      "id": "PRAPARE-item-example-76501-6"
    },
    {
      "filename": "Observation-PRAPARE-multiselect-item-example-32624-9-answer0.json",
      "resourceType": "Observation",
      "id": "PRAPARE-multiselect-item-example-32624-9-answer0"
    },
    {
      "filename": "Observation-PRAPARE-item-example-63586-2.json",
      "resourceType": "Observation",
      "id": "PRAPARE-item-example-63586-2"
    },
    {
      "filename": "Observation-PRAPARE-item-example-93029-7.json",
      "resourceType": "Observation",
      "id": "PRAPARE-item-example-93029-7"
    },
    {
      "filename": "Observation-weight.json",
      "resourceType": "Observation",
      "id": "weight"
    },
    {
      "filename": "Observation-AHC-HRSN-item-example-96781-0.json",
      "resourceType": "Observation",
      "id": "AHC-HRSN-item-example-96781-0"
    },
    {
      "filename": "Observation-PRAPARE-panel-example-93043-8.json",
      "resourceType": "Observation",
      "id": "PRAPARE-panel-example-93043-8"
    },
    {
      "filename": "Observation-PRAPARE-item-example-56051-6.json",
      "resourceType": "Observation",
      "id": "PRAPARE-item-example-56051-6"
    },
    {
      "filename": "Practitioner-practitioner-2.json",
      "resourceType": "Practitioner",
      "id": "practitioner-2"
    },
    {
      "filename": "Observation-sexual-orientation-example.json",
      "resourceType": "Observation",
      "id": "sexual-orientation-example"
    },
    {
      "filename": "Observation-10-minute-apgar-reflex-irritability.json",
      "resourceType": "Observation",
      "id": "10-minute-apgar-reflex-irritability"
    },
    {
      "filename": "Observation-AHC-HRSN-item-example-76513-1.json",
      "resourceType": "Observation",
      "id": "AHC-HRSN-item-example-76513-1"
    },
    {
      "filename": "QuestionnaireResponse-hunger-vital-sign-example.json",
      "resourceType": "QuestionnaireResponse",
      "id": "hunger-vital-sign-example"
    },
    {
      "filename": "Medication-uscore-med1.json",
      "resourceType": "Medication",
      "id": "uscore-med1"
    },
    {
      "filename": "Observation-mchc.json",
      "resourceType": "Observation",
      "id": "mchc"
    },
    {
      "filename": "Organization-example-organization-2.json",
      "resourceType": "Organization",
      "id": "example-organization-2"
    },
    {
      "filename": "Encounter-1036.json",
      "resourceType": "Encounter",
      "id": "1036"
    },
    {
      "filename": "Observation-xray-chest-impression.json",
      "resourceType": "Observation",
      "id": "xray-chest-impression"
    },
    {
      "filename": "Patient-infant-example.json",
      "resourceType": "Patient",
      "id": "infant-example"
    },
    {
      "filename": "Observation-capillary-refill-time-nail-bed.json",
      "resourceType": "Observation",
      "id": "capillary-refill-time-nail-bed"
    },
    {
      "filename": "Observation-PRAPARE-item-example-93026-3.json",
      "resourceType": "Observation",
      "id": "PRAPARE-item-example-93026-3"
    },
    {
      "filename": "Observation-PRAPARE-panel-example-93040-4.json",
      "resourceType": "Observation",
      "id": "PRAPARE-panel-example-93040-4"
    },
    {
      "filename": "Observation-blood-pressure.json",
      "resourceType": "Observation",
      "id": "blood-pressure"
    },
    {
      "filename": "Observation-pediatric-bmi-example.json",
      "resourceType": "Observation",
      "id": "pediatric-bmi-example"
    },
    {
      "filename": "DiagnosticReport-bone-density-report.json",
      "resourceType": "DiagnosticReport",
      "id": "bone-density-report"
    },
    {
      "filename": "MedicationRequest-uscore-mo1.json",
      "resourceType": "MedicationRequest",
      "id": "uscore-mo1"
    },
    {
      "filename": "Observation-AHC-HRSN-item-example-95530-2.json",
      "resourceType": "Observation",
      "id": "AHC-HRSN-item-example-95530-2"
    },
    {
      "filename": "Observation-HVS-item-example-88122-7.json",
      "resourceType": "Observation",
      "id": "HVS-item-example-88122-7"
    },
    {
      "filename": "DocumentReference-episode-summary.json",
      "resourceType": "DocumentReference",
      "id": "episode-summary"
    },
    {
      "filename": "Observation-HVS-panel-example-88121-9.json",
      "resourceType": "Observation",
      "id": "HVS-panel-example-88121-9"
    },
    {
      "filename": "Observation-qrs-dur-ekg-lead.json",
      "resourceType": "Observation",
      "id": "qrs-dur-ekg-lead"
    },
    {
      "filename": "Observation-bp-data-absent.json",
      "resourceType": "Observation",
      "id": "bp-data-absent"
    },
    {
      "filename": "Observation-xray-chest-findings.json",
      "resourceType": "Observation",
      "id": "xray-chest-findings"
    },
    {
      "filename": "Observation-p-r-interval-ekg-lead.json",
      "resourceType": "Observation",
      "id": "p-r-interval-ekg-lead"
    },
    {
      "filename": "Observation-q-t-interval-ekg-lead.json",
      "resourceType": "Observation",
      "id": "q-t-interval-ekg-lead"
    },
    {
      "filename": "MedicationRequest-uscore-mo2.json",
      "resourceType": "MedicationRequest",
      "id": "uscore-mo2"
    },
    {
      "filename": "Observation-oxygen-saturation.json",
      "resourceType": "Observation",
      "id": "oxygen-saturation"
    },
    {
      "filename": "Goal-goal-1.json",
      "resourceType": "Goal",
      "id": "goal-1"
    },
    {
      "filename": "Observation-HVS-item-example-88124-3.json",
      "resourceType": "Observation",
      "id": "HVS-item-example-88124-3"
    },
    {
      "filename": "Observation-serum-sodium.json",
      "resourceType": "Observation",
      "id": "serum-sodium"
    },
    {
      "filename": "Observation-hemoglobin.json",
      "resourceType": "Observation",
      "id": "hemoglobin"
    },
    {
      "filename": "QuestionnaireResponse-PRAPARE-example.json",
      "resourceType": "QuestionnaireResponse",
      "id": "PRAPARE-example"
    },
    {
      "filename": "Observation-AHC-HRSN-item-example-96782-8.json",
      "resourceType": "Observation",
      "id": "AHC-HRSN-item-example-96782-8"
    },
    {
      "filename": "Bundle-c887e62f-6166-419f-8268-b5ecd6c7b901.json",
      "resourceType": "Bundle",
      "id": "c887e62f-6166-419f-8268-b5ecd6c7b901",
      "type": "searchset"
    },
    {
      "filename": "Observation-PRAPARE-multiselect-item-example-32624-9-answer1.json",
      "resourceType": "Observation",
      "id": "PRAPARE-multiselect-item-example-32624-9-answer1"
    },
    {
      "filename": "MedicationRequest-self-tylenol.json",
      "resourceType": "MedicationRequest",
      "id": "self-tylenol"
    },
    {
      "filename": "Observation-10-minute-apgar-score-panel.json",
      "resourceType": "Observation",
      "id": "10-minute-apgar-score-panel"
    },
    {
      "filename": "Observation-PRAPARE-item-example-93035-4.json",
      "resourceType": "Observation",
      "id": "PRAPARE-item-example-93035-4"
    },
    {
      "filename": "Observation-pediatric-wt-example.json",
      "resourceType": "Observation",
      "id": "pediatric-wt-example"
    },
    {
      "filename": "Observation-respiratory-rate.json",
      "resourceType": "Observation",
      "id": "respiratory-rate"
    },
    {
      "filename": "Device-udi-3.json",
      "resourceType": "Device",
      "id": "udi-3"
    },
    {
      "filename": "Observation-erythrocytes.json",
      "resourceType": "Observation",
      "id": "erythrocytes"
    },
    {
      "filename": "QuestionnaireResponse-glascow-coma-score.json",
      "resourceType": "QuestionnaireResponse",
      "id": "glascow-coma-score"
    },
    {
      "filename": "Observation-PRAPARE-item-example-67875-5.json",
      "resourceType": "Observation",
      "id": "PRAPARE-item-example-67875-5"
    },
    {
      "filename": "Encounter-delivery.json",
      "resourceType": "Encounter",
      "id": "delivery"
    },
    {
      "filename": "DiagnosticReport-metabolic-panel.json",
      "resourceType": "DiagnosticReport",
      "id": "metabolic-panel"
    },
    {
      "filename": "Observation-serum-calcium.json",
      "resourceType": "Observation",
      "id": "serum-calcium"
    },
    {
      "filename": "Observation-temperature.json",
      "resourceType": "Observation",
      "id": "temperature"
    },
    {
      "filename": "Observation-dxa-femur-l-z-score-bmd.json",
      "resourceType": "Observation",
      "id": "dxa-femur-l-z-score-bmd"
    },
    {
      "filename": "DiagnosticReport-cardiology-report.json",
      "resourceType": "DiagnosticReport",
      "id": "cardiology-report"
    },
    {
      "filename": "Condition-encounter-diagnosis-example2.json",
      "resourceType": "Condition",
      "id": "encounter-diagnosis-example2"
    },
    {
      "filename": "Observation-PRAPARE-item-example-76437-3.json",
      "resourceType": "Observation",
      "id": "PRAPARE-item-example-76437-3"
    },
    {
      "filename": "Observation-PRAPARE-item-example-93033-9.json",
      "resourceType": "Observation",
      "id": "PRAPARE-item-example-93033-9"
    },
    {
      "filename": "CareTeam-example.json",
      "resourceType": "CareTeam",
      "id": "example"
    },
    {
      "filename": "Observation-urobilinogen.json",
      "resourceType": "Observation",
      "id": "urobilinogen"
    },
    {
      "filename": "Observation-ekg-impression.json",
      "resourceType": "Observation",
      "id": "ekg-impression"
    },
    {
      "filename": "Observation-AHC-HRSN-item-example-68516-4.json",
      "resourceType": "Observation",
      "id": "AHC-HRSN-item-example-68516-4"
    },
    {
      "filename": "Observation-PRAPARE-item-example-54899-0.json",
      "resourceType": "Observation",
      "id": "PRAPARE-item-example-54899-0"
    },
    {
      "filename": "Observation-jugular-vein-distension.json",
      "resourceType": "Observation",
      "id": "jugular-vein-distension"
    },
    {
      "filename": "AllergyIntolerance-example.json",
      "resourceType": "AllergyIntolerance",
      "id": "example"
    },
    {
      "filename": "DiagnosticReport-chest-xray-report.json",
      "resourceType": "DiagnosticReport",
      "id": "chest-xray-report"
    },
    {
      "filename": "Observation-dxa-hip-l-z-score-bmd.json",
      "resourceType": "Observation",
      "id": "dxa-hip-l-z-score-bmd"
    },
    {
      "filename": "Patient-child-example.json",
      "resourceType": "Patient",
      "id": "child-example"
    },
    {
      "filename": "Observation-10-minute-apgar-respiratory-effort.json",
      "resourceType": "Observation",
      "id": "10-minute-apgar-respiratory-effort"
    },
    {
      "filename": "Encounter-example-1.json",
      "resourceType": "Encounter",
      "id": "example-1"
    },
    {
      "filename": "Device-udi-1.json",
      "resourceType": "Device",
      "id": "udi-1"
    },
    {
      "filename": "ServiceRequest-foodpantry-referral.json",
      "resourceType": "ServiceRequest",
      "id": "foodpantry-referral"
    },
    {
      "filename": "Observation-PRAPARE-item-example-71802-3.json",
      "resourceType": "Observation",
      "id": "PRAPARE-item-example-71802-3"
    },
    {
      "filename": "Observation-pulse-intensity-palpation.json",
      "resourceType": "Observation",
      "id": "pulse-intensity-palpation"
    },
    {
      "filename": "Observation-neutrophils.json",
      "resourceType": "Observation",
      "id": "neutrophils"
    },
    {
      "filename": "CarePlan-colonoscopy.json",
      "resourceType": "CarePlan",
      "id": "colonoscopy"
    },
    {
      "filename": "Observation-ekg-lead.json",
      "resourceType": "Observation",
      "id": "ekg-lead"
    },
    {
      "filename": "Condition-health-concern-example.json",
      "resourceType": "Condition",
      "id": "health-concern-example"
    },
    {
      "filename": "Observation-PRAPARE-item-example-93034-7.json",
      "resourceType": "Observation",
      "id": "PRAPARE-item-example-93034-7"
    },
    {
      "filename": "Device-udi-2.json",
      "resourceType": "Device",
      "id": "udi-2"
    },
    {
      "filename": "Observation-PRAPARE-panel-example-93042-0.json",
      "resourceType": "Observation",
      "id": "PRAPARE-panel-example-93042-0"
    },
    {
      "filename": "Observation-PRAPARE-item-example-93027-1.json",
      "resourceType": "Observation",
      "id": "PRAPARE-item-example-93027-1"
    },
    {
      "filename": "Observation-PRAPARE-panel-example-93025-5.json",
      "resourceType": "Observation",
      "id": "PRAPARE-panel-example-93025-5"
    },
    {
      "filename": "Observation-serum-creatinine.json",
      "resourceType": "Observation",
      "id": "serum-creatinine"
    },
    {
      "filename": "Condition-encounter-diagnosis-example1.json",
      "resourceType": "Condition",
      "id": "encounter-diagnosis-example1"
    },
    {
      "filename": "Observation-PRAPARE-panel-example-93041-2.json",
      "resourceType": "Observation",
      "id": "PRAPARE-panel-example-93041-2"
    },
    {
      "filename": "Observation-bun.json",
      "resourceType": "Observation",
      "id": "bun"
    },
    {
      "filename": "Immunization-imm-1.json",
      "resourceType": "Immunization",
      "id": "imm-1"
    },
    {
      "filename": "Observation-PRAPARE-item-example-56799-0.json",
      "resourceType": "Observation",
      "id": "PRAPARE-item-example-56799-0"
    },
    {
      "filename": "Observation-dxa-hip-l-t-score-bmd.json",
      "resourceType": "Observation",
      "id": "dxa-hip-l-t-score-bmd"
    },
    {
      "filename": "Observation-10-minute-apgar-color.json",
      "resourceType": "Observation",
      "id": "10-minute-apgar-color"
    },
    {
      "filename": "Procedure-rehab.json",
      "resourceType": "Procedure",
      "id": "rehab"
    },
    {
      "filename": "DiagnosticReport-cbc.json",
      "resourceType": "DiagnosticReport",
      "id": "cbc"
    },
    {
      "filename": "Bundle-66c8856b-ba11-4876-8aa8-467aad8c11a2.json",
      "resourceType": "Bundle",
      "id": "66c8856b-ba11-4876-8aa8-467aad8c11a2",
      "type": "searchset"
    },
    {
      "filename": "Observation-AHC-HRSN-item-example-68517-2.json",
      "resourceType": "Observation",
      "id": "AHC-HRSN-item-example-68517-2"
    },
    {
      "filename": "Observation-AHC-HRSN-item-example-69858-9.json",
      "resourceType": "Observation",
      "id": "AHC-HRSN-item-example-69858-9"
    },
    {
      "filename": "Observation-AHC-HRSN-item-example-89555-7.json",
      "resourceType": "Observation",
      "id": "AHC-HRSN-item-example-89555-7"
    },
    {
      "filename": "Observation-AHC-HRSN-item-example-93038-8.json",
      "resourceType": "Observation",
      "id": "AHC-HRSN-item-example-93038-8"
    },
    {
      "filename": "Observation-heart-rate.json",
      "resourceType": "Observation",
      "id": "heart-rate"
    },
    {
      "filename": "Observation-AHC-HRSN-item-example-69861-3.json",
      "resourceType": "Observation",
      "id": "AHC-HRSN-item-example-69861-3"
    },
    {
      "filename": "Observation-PRAPARE-item-example-63512-8.json",
      "resourceType": "Observation",
      "id": "PRAPARE-item-example-63512-8"
    },
    {
      "filename": "Observation-serum-chloride.json",
      "resourceType": "Observation",
      "id": "serum-chloride"
    },
    {
      "filename": "Observation-PRAPARE-item-example-82589-3.json",
      "resourceType": "Observation",
      "id": "PRAPARE-item-example-82589-3"
    },
    {
      "filename": "Media-chest-xray.json",
      "resourceType": "Media",
      "id": "chest-xray"
    },
    {
      "filename": "Observation-PRAPARE-panel-example-93039-6.json",
      "resourceType": "Observation",
      "id": "PRAPARE-panel-example-93039-6"
    },
    {
      "filename": "Location-hospital.json",
      "resourceType": "Location",
      "id": "hospital"
    },
    {
      "filename": "Observation-PRAPARE-item-example-93028-9.json",
      "resourceType": "Observation",
      "id": "PRAPARE-item-example-93028-9"
    },
    {
      "filename": "Observation-satO2-fiO2.json",
      "resourceType": "Observation",
      "id": "satO2-fiO2"
    },
    {
      "filename": "Observation-some-day-smoker.json",
      "resourceType": "Observation",
      "id": "some-day-smoker"
    },
    {
      "filename": "Practitioner-practitioner-1.json",
      "resourceType": "Practitioner",
      "id": "practitioner-1"
    },
    {
      "filename": "Observation-head-circumference.json",
      "resourceType": "Observation",
      "id": "head-circumference"
    },
    {
      "filename": "Organization-saint-luke-w-endpoint.json",
      "resourceType": "Organization",
      "id": "saint-luke-w-endpoint"
    },
    {
      "filename": "Observation-10-minute-apgar-heart-rate.json",
      "resourceType": "Observation",
      "id": "10-minute-apgar-heart-rate"
    },
    {
      "filename": "Bundle-uscore-mo3.json",
      "resourceType": "Bundle",
      "id": "uscore-mo3",
      "type": "searchset"
    },
    {
      "filename": "Condition-condition-SDOH-example.json",
      "resourceType": "Condition",
      "id": "condition-SDOH-example"
    },
    {
      "filename": "Observation-length.json",
      "resourceType": "Observation",
      "id": "length"
    },
    {
      "filename": "Medication-uscore-med2.json",
      "resourceType": "Medication",
      "id": "uscore-med2"
    },
    {
      "filename": "Observation-serum-potassium.json",
      "resourceType": "Observation",
      "id": "serum-potassium"
    },
    {
      "filename": "Patient-example.json",
      "resourceType": "Patient",
      "id": "example"
    },
    {
      "filename": "Observation-serum-total-bilirubin.json",
      "resourceType": "Observation",
      "id": "serum-total-bilirubin"
    },
    {
      "filename": "Observation-AHC-HRSN-item-example-44250-9.json",
      "resourceType": "Observation",
      "id": "AHC-HRSN-item-example-44250-9"
    },
    {
      "filename": "Observation-dxa-femur-l-t-score-bmd.json",
      "resourceType": "Observation",
      "id": "dxa-femur-l-t-score-bmd"
    },
    {
      "filename": "Observation-heart-rate-rhythm.json",
      "resourceType": "Observation",
      "id": "heart-rate-rhythm"
    },
    {
      "filename": "Observation-10-minute-apgar-score.json",
      "resourceType": "Observation",
      "id": "10-minute-apgar-score"
    },
    {
      "filename": "Organization-acme-lab.json",
      "resourceType": "Organization",
      "id": "acme-lab"
    },
    {
      "filename": "Observation-dxa-femur-l-armass-bmd.json",
      "resourceType": "Observation",
      "id": "dxa-femur-l-armass-bmd"
    },
    {
      "filename": "Observation-PRAPARE-item-example-93038-8.json",
      "resourceType": "Observation",
      "id": "PRAPARE-item-example-93038-8"
    },
    {
      "filename": "Observation-10-minute-apgar-muscle-tone.json",
      "resourceType": "Observation",
      "id": "10-minute-apgar-muscle-tone"
    },
    {
      "filename": "Observation-AHC-HRSN-panel-example-96777-8.json",
      "resourceType": "Observation",
      "id": "AHC-HRSN-panel-example-96777-8"
    },
    {
      "filename": "Observation-PRAPARE-item-example-93030-5.json",
      "resourceType": "Observation",
      "id": "PRAPARE-item-example-93030-5"
    },
    {
      "filename": "Observation-serum-co2.json",
      "resourceType": "Observation",
      "id": "serum-co2"
    }
  ]
}