{"resourceType":"Condition","id":"condition-SDOH-example","meta":{"extension":[{"url":"http://hl7.org/fhir/StructureDefinition/instance-name","valueString":"SDOH Problem/Health Concern Example"},{"url":"http://hl7.org/fhir/StructureDefinition/instance-description","valueMarkdown":"This example of a US Core Condition Problems and Health Concerns Profile illustrates its use to capture information about a patient's SDOH Problem/Health Concern."}],"profile":["http://hl7.org/fhir/us/core/StructureDefinition/us-core-condition-problems-health-concerns"]},"text":{"status":"extensions","div":"<div xmlns=\"http://www.w3.org/1999/xhtml\"><p><b>Generated Narrative</b></p><div style=\"display: inline-block; background-color: #d9e0e7; padding: 6px; margin: 4px; border: 1px solid #8da1b4; border-radius: 5px; line-height: 60%\"><p style=\"margin-bottom: 0px\">Resource \"condition-SDOH-example\" </p><p style=\"margin-bottom: 0px\">Profile: <a href=\"StructureDefinition-us-core-condition-problems-health-concerns.html\">US Core Condition Problems and Health Concerns Profile</a></p></div><p><b>assertedDate</b>: 2016-08-10</p><p><b>clinicalStatus</b>: Active <span style=\"background: LightGoldenRodYellow; margin: 4px; border: 1px solid khaki\"> (<a href=\"http://terminology.hl7.org/3.1.0/CodeSystem-condition-clinical.html\">Condition Clinical Status Codes</a>#active)</span></p><p><b>verificationStatus</b>: Confirmed <span style=\"background: LightGoldenRodYellow; margin: 4px; border: 1px solid khaki\"> (<a href=\"http://terminology.hl7.org/3.1.0/CodeSystem-condition-ver-status.html\">ConditionVerificationStatus</a>#confirmed)</span></p><p><b>category</b>: Problem List Item <span style=\"background: LightGoldenRodYellow; margin: 4px; border: 1px solid khaki\"> (<a href=\"http://terminology.hl7.org/3.1.0/CodeSystem-condition-category.html\">Condition Category Codes</a>#problem-list-item)</span>, Social Determinants Of Health <span style=\"background: LightGoldenRodYellow; margin: 4px; border: 1px solid khaki\"> (<a href=\"CodeSystem-us-core-tags.html\">US Core Tags CodeSystem</a>#sdoh \"SDOH\")</span></p><p><b>code</b>: Nutrition impaired due to limited access to healthful foods (finding) <span style=\"background: LightGoldenRodYellow; margin: 4px; border: 1px solid khaki\"> (<a href=\"https://browser.ihtsdotools.org/\">SNOMED CT</a>#445281000124101)</span></p><p><b>subject</b>: <a href=\"Patient-example.html\">Patient/example: Amy V. Shaw</a> \" SHAW\"</p><p><b>recordedDate</b>: 2016-08-10 07:15:07-0800</p></div>"},"extension":[{"url":"http://hl7.org/fhir/StructureDefinition/condition-assertedDate","valueDateTime":"2016-08-10"}],"clinicalStatus":{"coding":[{"system":"http://terminology.hl7.org/CodeSystem/condition-clinical","code":"active","display":"Active"}],"text":"Active"},"verificationStatus":{"coding":[{"system":"http://terminology.hl7.org/CodeSystem/condition-ver-status","code":"confirmed","display":"Confirmed"}],"text":"Confirmed"},"category":[{"coding":[{"system":"http://terminology.hl7.org/CodeSystem/condition-category","code":"problem-list-item","display":"Problem List Item"}],"text":"Problem List Item"},{"coding":[{"system":"http://hl7.org/fhir/us/core/CodeSystem/us-core-tags","code":"sdoh","display":"SDOH"}],"text":"Social Determinants Of Health"}],"code":{"coding":[{"system":"http://snomed.info/sct","code":"445281000124101","display":"Nutrition impaired due to limited access to healthful foods (finding)"}],"text":"Nutrition impaired due to limited access to healthful foods (finding)"},"subject":{"reference":"Patient/example","display":"Amy V. Shaw"},"recordedDate":"2016-08-10T07:15:07-08:00"}