{"resourceType":"Condition","id":"health-concern-example","meta":{"extension":[{"url":"http://hl7.org/fhir/StructureDefinition/instance-name","valueString":"Health Concern Example"},{"url":"http://hl7.org/fhir/StructureDefinition/instance-description","valueMarkdown":"This example of a US Core Condition Problems and Health Concerns Profile illustrates its use to capture information about a patient's health concern."}],"profile":["http://hl7.org/fhir/us/core/StructureDefinition/us-core-condition-problems-health-concerns"]},"text":{"status":"extensions","div":"<div xmlns=\"http://www.w3.org/1999/xhtml\"><p><b>Generated Narrative</b></p><div style=\"display: inline-block; background-color: #d9e0e7; padding: 6px; margin: 4px; border: 1px solid #8da1b4; border-radius: 5px; line-height: 60%\"><p style=\"margin-bottom: 0px\">Resource \"health-concern-example\" </p><p style=\"margin-bottom: 0px\">Profile: <a href=\"StructureDefinition-us-core-condition-problems-health-concerns.html\">US Core Condition Problems and Health Concerns Profile</a></p></div><p><b>assertedDate</b>: 2007-12-14</p><p><b>clinicalStatus</b>: Active <span style=\"background: LightGoldenRodYellow; margin: 4px; border: 1px solid khaki\"> (<a href=\"http://terminology.hl7.org/3.1.0/CodeSystem-condition-clinical.html\">Condition Clinical Status Codes</a>#active)</span></p><p><b>verificationStatus</b>: Confirmed <span style=\"background: LightGoldenRodYellow; margin: 4px; border: 1px solid khaki\"> (<a href=\"http://terminology.hl7.org/3.1.0/CodeSystem-condition-ver-status.html\">ConditionVerificationStatus</a>#confirmed)</span></p><p><b>category</b>: Health Concern <span style=\"background: LightGoldenRodYellow; margin: 4px; border: 1px solid khaki\"> (<a href=\"CodeSystem-condition-category.html\">US Core Condition Category Extension Codes</a>#health-concern)</span></p><p><b>code</b>: Fear of becoming fat <span style=\"background: LightGoldenRodYellow; margin: 4px; border: 1px solid khaki\"> (<a href=\"https://browser.ihtsdotools.org/\">SNOMED CT</a>#247824007)</span></p><p><b>subject</b>: <a href=\"Patient-example.html\">Patient/example: Amy Shaw</a> \" SHAW\"</p><p><b>onset</b>: 2007-12-14</p><p><b>recordedDate</b>: 2007-12-14 07:15:07-0800</p></div>"},"extension":[{"url":"http://hl7.org/fhir/StructureDefinition/condition-assertedDate","valueDateTime":"2007-12-14"}],"clinicalStatus":{"coding":[{"system":"http://terminology.hl7.org/CodeSystem/condition-clinical","code":"active","display":"Active"}],"text":"Active"},"verificationStatus":{"coding":[{"system":"http://terminology.hl7.org/CodeSystem/condition-ver-status","code":"confirmed","display":"Confirmed"}],"text":"Confirmed"},"category":[{"coding":[{"system":"http://hl7.org/fhir/us/core/CodeSystem/condition-category","code":"health-concern","display":"Health Concern"}],"text":"Health Concern"}],"code":{"coding":[{"system":"http://snomed.info/sct","code":"247824007","display":"Fear of becoming fat"}],"text":"Fear of becoming fat"},"subject":{"reference":"Patient/example","display":"Amy Shaw"},"onsetDateTime":"2007-12-14","recordedDate":"2007-12-14T07:15:07-08:00"}