{"resourceType":"DiagnosticReport","id":"metabolic-panel","meta":{"extension":[{"url":"http://hl7.org/fhir/StructureDefinition/instance-name","valueString":"Metabolic Panel Example"},{"url":"http://hl7.org/fhir/StructureDefinition/instance-description","valueMarkdown":"This is a metabolic panel example for the *US Core DiagnosticReport Lab Profile*."}],"profile":["http://hl7.org/fhir/us/core/StructureDefinition/us-core-diagnosticreport-lab"]},"text":{"status":"generated","div":"<div xmlns=\"http://www.w3.org/1999/xhtml\"><h2><span title=\"Codes: {http://loinc.org 24323-8}\">Comprehensive metabolic 2000 panel - Serum or Plasma</span> (<span title=\"Codes: {http://terminology.hl7.org/CodeSystem/v2-0074 LAB}\">Laboratory</span>) </h2><table class=\"grid\"><tr><td>Subject</td><td><b>Amy V. Baxter </b> female, DoB: 1987-02-20 ( Medical Record Number: 1032702 (USUAL))</td></tr><tr><td>When For</td><td>2005-07-04</td></tr><tr><td>Reported</td><td>2005-07-06 11:45:33+1100</td></tr></table><p><b>Report Details</b></p><table class=\"grid\"><tr><td><b>Code</b></td><td><b>Value</b></td><td><b>Reference Range</b></td><td><b>When For</b></td></tr><tr><td><a href=\"Observation-serum-total-bilirubin.html\"><span title=\"Codes: {http://loinc.org 1975-2}\">Bilirub SerPl-mCnc</span></a></td><td>8.6 mg/dL</td><td><span title=\"Codes: {http://terminology.hl7.org/CodeSystem/referencerange-meaning normal}\">Normal Range</span>: 2.0 mg/dL - 7.0 mg/dL</td><td>2005-07-07</td></tr><tr><td><a href=\"Observation-serum-sodium.html\"><span title=\"Codes: {http://loinc.org 2951-2}\">Sodium SerPl-sCnc</span></a></td><td>137.0 mmol/L</td><td><span title=\"Codes: {http://terminology.hl7.org/CodeSystem/referencerange-meaning normal}\">Normal Range</span>: 135.0 mmol/L - 145.0 mmol/L</td><td>2005-07-05</td></tr><tr><td><a href=\"Observation-serum-potassium.html\"><span title=\"Codes: {http://loinc.org 2823-3}\">Potassium SerPl-sCnc</span></a></td><td>5.4 mmol/L</td><td><span title=\"Codes: {http://terminology.hl7.org/CodeSystem/referencerange-meaning normal}\">Normal Range</span>: 3.5 mmol/L - 5.5 mmol/L</td><td>2005-07-05</td></tr><tr><td><a href=\"Observation-serum-creatinine.html\"><span title=\"Codes: {http://loinc.org 2160-0}\">Creat SerPl-mCnc</span></a></td><td>1.0 mg/dL</td><td><span title=\"Codes: {http://terminology.hl7.org/CodeSystem/referencerange-meaning normal}\">Normal Range</span>: 0.2 mg/dL - 0.6 mg/dL</td><td>2005-07-05</td></tr><tr><td><a href=\"Observation-serum-co2.html\"><span title=\"Codes: {http://loinc.org 2028-9}\">CO2 SerPl-sCnc</span></a></td><td>24.0 mmol/L</td><td><span title=\"Codes: {http://terminology.hl7.org/CodeSystem/referencerange-meaning normal}\">Normal Range</span>: 22.0 mmol/L - 29.0 mmol/L</td><td>2005-07-05</td></tr><tr><td><a href=\"Observation-serum-chloride.html\"><span title=\"Codes: {http://loinc.org 2075-0}\">Chloride SerPl-sCnc</span></a></td><td>105.0 mmol/L</td><td><span title=\"Codes: {http://terminology.hl7.org/CodeSystem/referencerange-meaning normal}\">Normal Range</span>: 95.0 mmol/L - 105.0 mmol/L</td><td>2005-07-05</td></tr><tr><td><a href=\"Observation-serum-calcium.html\"><span title=\"Codes: {http://loinc.org 17861-6}\">Calcium SerPl-mCnc</span></a></td><td>7.7 mg/dL</td><td><span title=\"Codes: {http://terminology.hl7.org/CodeSystem/referencerange-meaning normal}\">Normal Range</span>: 8.5 mg/dL - 10.5 mg/dL</td><td>2005-07-05</td></tr><tr><td><a href=\"Observation-bun.html\"><span title=\"Codes: {http://loinc.org 3094-0}\">BUN SerPl-mCnc</span></a></td><td>10.0 mg/dL</td><td><span title=\"Codes: {http://terminology.hl7.org/CodeSystem/referencerange-meaning normal}\">Normal Range</span>: 5.0 mg/dL - 20.0 mg/dL</td><td>2005-07-05</td></tr><tr><td><a href=\"Observation-blood-glucose.html\"><span title=\"Codes: {http://loinc.org 2339-0}\">Glucose Bld-mCnc</span></a></td><td>76.0 mg/dL</td><td><span title=\"Codes: {http://terminology.hl7.org/CodeSystem/referencerange-meaning normal}\">Normal Range</span>: 40.0 mg/dL - 109.0 mg/dL</td><td>2005-07-05</td></tr></table></div>"},"status":"final","category":[{"coding":[{"system":"http://terminology.hl7.org/CodeSystem/v2-0074","code":"LAB","display":"Laboratory"}]}],"code":{"coding":[{"system":"http://loinc.org","code":"24323-8","display":"Comprehensive metabolic 2000 panel - Serum or Plasma"}]},"subject":{"reference":"Patient/example","display":"Amy Shaw"},"effectiveDateTime":"2005-07-04","issued":"2005-07-06T11:45:33+11:00","performer":[{"reference":"Organization/acme-lab","display":"Acme Laboratory, Inc"}],"result":[{"reference":"Observation/serum-total-bilirubin","display":"TOTAL BILIRUBIN"},{"reference":"Observation/serum-sodium","display":"SODIUM"},{"reference":"Observation/serum-potassium","display":"Potassium"},{"reference":"Observation/serum-creatinine","display":"CREATININE"},{"reference":"Observation/serum-co2","display":"TOTAL CO2"},{"reference":"Observation/serum-chloride","display":"CHLORIDE"},{"reference":"Observation/serum-calcium","display":"CALCIUM"},{"reference":"Observation/bun","display":"BUN"},{"reference":"Observation/blood-glucose","display":"GLUCOSE"}]}