{"resourceType":"Encounter","id":"delivery","meta":{"extension":[{"url":"http://hl7.org/fhir/StructureDefinition/instance-name","valueString":"Encounter Delivery Example"},{"url":"http://hl7.org/fhir/StructureDefinition/instance-description","valueMarkdown":"This is a patient delivery encounter example for the *Encounter Profile*."}],"profile":["http://hl7.org/fhir/us/core/StructureDefinition/us-core-encounter"]},"text":{"status":"generated","div":"<div xmlns=\"http://www.w3.org/1999/xhtml\"><p><b>Generated Narrative</b></p><div style=\"display: inline-block; background-color: #d9e0e7; padding: 6px; margin: 4px; border: 1px solid #8da1b4; border-radius: 5px; line-height: 60%\"><p style=\"margin-bottom: 0px\">Resource \"delivery\" </p><p style=\"margin-bottom: 0px\">Profile: <a href=\"StructureDefinition-us-core-encounter.html\">US Core Encounter Profile</a></p></div><p><b>status</b>: finished</p><p><b>class</b>: inpatient encounter (Details: http://terminology.hl7.org/CodeSystem/v3-ActCode code IMP = 'inpatient encounter', stated as 'inpatient encounter')</p><p><b>type</b>: Normal delivery procedure (procedure) <span style=\"background: LightGoldenRodYellow; margin: 4px; border: 1px solid khaki\"> (<a href=\"https://browser.ihtsdotools.org/\">SNOMED CT</a>#177184002)</span></p><p><b>subject</b>: <a href=\"Patient-example.html\">Patient/example: Amy V. Shaw</a> \" SHAW\"</p><h3>Locations</h3><table class=\"grid\"><tr><td>-</td><td><b>Location</b></td></tr><tr><td>*</td><td><a href=\"Location-hospital.html\">Location/hospital: Holy Family Hospital</a> \"Holy Family Hospital\"</td></tr></table></div>"},"status":"finished","class":{"system":"http://terminology.hl7.org/CodeSystem/v3-ActCode","code":"IMP","display":"inpatient encounter"},"type":[{"coding":[{"system":"http://snomed.info/sct","code":"177184002","display":"Normal delivery procedure (procedure)"}],"text":"Normal delivery procedure (procedure)"}],"subject":{"reference":"Patient/example","display":"Amy V. Shaw"},"location":[{"location":{"reference":"Location/hospital","display":"Holy Family Hospital"}}]}