{"resourceType":"MedicationRequest","id":"uscore-mo2","meta":{"extension":[{"url":"http://hl7.org/fhir/StructureDefinition/instance-name","valueString":"Uscore MO2 Example"},{"url":"http://hl7.org/fhir/StructureDefinition/instance-description","valueMarkdown":"This is a uscore MO2 example for the *US Core MedicationRequest Profile*."}],"profile":["http://hl7.org/fhir/us/core/StructureDefinition/us-core-medicationrequest"]},"text":{"status":"generated","div":"<div xmlns=\"http://www.w3.org/1999/xhtml\"><p><b>Generated Narrative</b></p><div style=\"display: inline-block; background-color: #d9e0e7; padding: 6px; margin: 4px; border: 1px solid #8da1b4; border-radius: 5px; line-height: 60%\"><p style=\"margin-bottom: 0px\">Resource \"uscore-mo2\" </p><p style=\"margin-bottom: 0px\">Profile: <a href=\"StructureDefinition-us-core-medicationrequest.html\">US Core MedicationRequest Profile</a></p></div><p><b>status</b>: active</p><p><b>intent</b>: order</p><p><b>medication</b>: <a name=\"med2\"> </a></p><blockquote><div style=\"display: inline-block; background-color: #d9e0e7; padding: 6px; margin: 4px; border: 1px solid #8da1b4; border-radius: 5px; line-height: 60%\"><p style=\"margin-bottom: 0px\">Resource \"med2\" </p></div><p><b>code</b>: Nizatidine 15 MG/ML Oral Solution [Axid] <span style=\"background: LightGoldenRodYellow; margin: 4px; border: 1px solid khaki\"> (<a href=\"http://terminology.hl7.org/3.1.0/CodeSystem-v3-rxNorm.html\">RxNorm</a>#582620)</span></p></blockquote><p><b>subject</b>: <a href=\"Patient-example.html\">Patient/example: Amy Shaw</a> \" SHAW\"</p><p><b>authoredOn</b>: 2008-04-05</p><p><b>requester</b>: <a href=\"Practitioner-practitioner-1.html\">Practitioner/practitioner-1: Ronald Bone, MD</a> \" BONE\"</p><blockquote><p><b>dispenseRequest</b></p><p><b>numberOfRepeatsAllowed</b>: 1</p><p><b>quantity</b>: 480 mL<span style=\"background: LightGoldenRodYellow\"> (Details: UCUM code mL = 'mL')</span></p></blockquote></div>"},"contained":[{"resourceType":"Medication","id":"med2","code":{"coding":[{"system":"http://www.nlm.nih.gov/research/umls/rxnorm","code":"582620","display":"Nizatidine 15 MG/ML Oral Solution [Axid]"}],"text":"Nizatidine 15 MG/ML Oral Solution [Axid]"}}],"status":"active","intent":"order","medicationReference":{"reference":"#med2","display":"Nizatidine 15 MG/ML Oral Solution [Axid]"},"subject":{"reference":"Patient/example","display":"Amy Shaw"},"authoredOn":"2008-04-05","requester":{"reference":"Practitioner/practitioner-1","display":"Ronald Bone, MD"},"dosageInstruction":[{"text":"10 mL bid","timing":{"repeat":{"boundsPeriod":{"start":"2008-04-05"}}}}],"dispenseRequest":{"numberOfRepeatsAllowed":1,"quantity":{"value":480,"unit":"mL","system":"http://unitsofmeasure.org","code":"mL"},"expectedSupplyDuration":{"value":30,"unit":"days","system":"http://unitsofmeasure.org","code":"d"}}}