{"resourceType":"Observation","id":"10-minute-apgar-respiratory-effort","meta":{"extension":[{"url":"http://hl7.org/fhir/StructureDefinition/instance-name","valueString":"10 minute Apgar Respiratory effort Example"},{"url":"http://hl7.org/fhir/StructureDefinition/instance-description","valueMarkdown":"This example of a US Core Survey Observation Profile illustrates its use to directly capture individual surveys assessment items as an observations. It is not derived from a FHIR QuestionnaireResponse."}],"profile":["http://hl7.org/fhir/us/core/StructureDefinition/us-core-observation-survey"]},"text":{"status":"generated","div":"<div xmlns=\"http://www.w3.org/1999/xhtml\"><p><b>Generated Narrative</b></p><div style=\"display: inline-block; background-color: #d9e0e7; padding: 6px; margin: 4px; border: 1px solid #8da1b4; border-radius: 5px; line-height: 60%\"><p style=\"margin-bottom: 0px\">Resource \"10-minute-apgar-respiratory-effort\" </p><p style=\"margin-bottom: 0px\">Profile: <a href=\"StructureDefinition-us-core-observation-survey.html\">US Core Observation Survey Profile</a></p></div><p><b>status</b>: final</p><p><b>category</b>: Survey <span style=\"background: LightGoldenRodYellow; margin: 4px; border: 1px solid khaki\"> (<a href=\"http://terminology.hl7.org/3.1.0/CodeSystem-observation-category.html\">Observation Category Codes</a>#survey)</span></p><p><b>code</b>: Apgar respiratory effort score <span style=\"background: LightGoldenRodYellow; margin: 4px; border: 1px solid khaki\"> (<a href=\"https://loinc.org/\">LOINC</a>#32405-3 \"10 minute Apgar Respiratory effort\")</span></p><p><b>subject</b>: <a href=\"Patient-infant-example.html\">Patient/infant-example</a> \" EXAMPLE\"</p><p><b>effective</b>: 2016-05-18 10:33:22+0000</p><p><b>performer</b>: <a href=\"Practitioner-practitioner-1.html\">Practitioner/practitioner-1: Ronald Bone</a> \" BONE\"</p><p><b>value</b>: 2. Good, strong cry; normal rate and effort of breathing <span style=\"background: LightGoldenRodYellow; margin: 4px; border: 1px solid khaki\"> (<a href=\"https://loinc.org/\">LOINC</a>#LA6727-7 \"Good, strong cry; normal rate and effort of breathing\")</span></p></div>"},"status":"final","category":[{"coding":[{"system":"http://terminology.hl7.org/CodeSystem/observation-category","code":"survey","display":"Survey"}],"text":"Survey"}],"code":{"coding":[{"system":"http://loinc.org","code":"32405-3","display":"10 minute Apgar Respiratory effort"}],"text":"Apgar respiratory effort score"},"subject":{"reference":"Patient/infant-example"},"effectiveDateTime":"2016-05-18T22:33:22Z","performer":[{"reference":"Practitioner/practitioner-1","display":"Ronald Bone"}],"valueCodeableConcept":{"coding":[{"extension":[{"url":"http://hl7.org/fhir/StructureDefinition/ordinalValue","valueDecimal":2}],"system":"http://loinc.org","code":"LA6727-7","display":"Good, strong cry; normal rate and effort of breathing"}],"text":"2. Good, strong cry; normal rate and effort of breathing"}}