{"resourceType":"Observation","id":"ofc-percentile","meta":{"extension":[{"url":"http://hl7.org/fhir/StructureDefinition/instance-name","valueString":"OFC Percentile Example"},{"url":"http://hl7.org/fhir/StructureDefinition/instance-description","valueMarkdown":"This is a OFC percentile example for the *Head Occipital Frontal Circumference Percentile Profile*."}],"profile":["http://hl7.org/fhir/us/core/StructureDefinition/head-occipital-frontal-circumference-percentile"]},"text":{"status":"generated","div":"<div xmlns=\"http://www.w3.org/1999/xhtml\"><p><b>Generated Narrative</b></p><div style=\"display: inline-block; background-color: #d9e0e7; padding: 6px; margin: 4px; border: 1px solid #8da1b4; border-radius: 5px; line-height: 60%\"><p style=\"margin-bottom: 0px\">Resource \"ofc-percentile\" </p><p style=\"margin-bottom: 0px\">Profile: <a href=\"StructureDefinition-head-occipital-frontal-circumference-percentile.html\">US Core Pediatric Head Occipital-frontal Circumference Percentile Profile</a></p></div><p><b>status</b>: final</p><p><b>category</b>: Vital Signs <span style=\"background: LightGoldenRodYellow; margin: 4px; border: 1px solid khaki\"> (<a href=\"http://terminology.hl7.org/3.1.0/CodeSystem-observation-category.html\">Observation Category Codes</a>#vital-signs)</span></p><p><b>code</b>: Head Occipital-frontal circumference Percentile <span style=\"background: LightGoldenRodYellow; margin: 4px; border: 1px solid khaki\"> (<a href=\"https://loinc.org/\">LOINC</a>#8289-1)</span></p><p><b>subject</b>: <a href=\"Patient-infant-example.html\">Patient/infant-example: Infant Example</a> \" EXAMPLE\"</p><p><b>effective</b>: 2020-07-01</p><p><b>value</b>: 82 %<span style=\"background: LightGoldenRodYellow\"> (Details: UCUM code % = '%')</span></p><p><b>note</b>: WHO Males, 0-2 years Chart</p></div>"},"status":"final","category":[{"coding":[{"system":"http://terminology.hl7.org/CodeSystem/observation-category","code":"vital-signs","display":"Vital Signs"}],"text":"Vital Signs"}],"code":{"coding":[{"system":"http://loinc.org","code":"8289-1","display":"Head Occipital-frontal circumference Percentile"}],"text":"Head Occipital-frontal circumference Percentile"},"subject":{"reference":"Patient/infant-example","display":"Infant Example"},"effectiveDateTime":"2020-07-01","valueQuantity":{"value":82,"unit":"%","system":"http://unitsofmeasure.org","code":"%"},"note":[{"text":"WHO Males, 0-2 years Chart"}]}