{"resourceType":"Observation","id":"pulse-intensity-palpation","meta":{"extension":[{"url":"http://hl7.org/fhir/StructureDefinition/instance-name","valueString":"Pulse intensity Palpation Example"},{"url":"http://hl7.org/fhir/StructureDefinition/instance-description","valueMarkdown":"This is a Pulse intensity Palpation Example for the *Clinical Test Result Observation Profile*."}],"profile":["http://hl7.org/fhir/us/core/StructureDefinition/us-core-observation-clinical-test"]},"text":{"status":"generated","div":"<div xmlns=\"http://www.w3.org/1999/xhtml\"><p><b>Generated Narrative</b></p><div style=\"display: inline-block; background-color: #d9e0e7; padding: 6px; margin: 4px; border: 1px solid #8da1b4; border-radius: 5px; line-height: 60%\"><p style=\"margin-bottom: 0px\">Resource \"pulse-intensity-palpation\" </p><p style=\"margin-bottom: 0px\">Profile: <a href=\"StructureDefinition-us-core-observation-clinical-test.html\">US Core Observation Clinical Test Result Profile</a></p></div><p><b>status</b>: final</p><p><b>category</b>: Clinical Test <span style=\"background: LightGoldenRodYellow; margin: 4px; border: 1px solid khaki\"> (<a href=\"CodeSystem-us-core-observation-category.html\">US Core Observation Category Extension Codes</a>#clinical-test)</span></p><p><b>code</b>: Pulse intensity Palpation <span style=\"background: LightGoldenRodYellow; margin: 4px; border: 1px solid khaki\"> (<a href=\"https://loinc.org/\">LOINC</a>#44974-4)</span></p><p><b>subject</b>: <a href=\"Patient-example.html\">Patient/example: Amy Shaw</a> \" SHAW\"</p><p><b>encounter</b>: <span>: Cardiology Consult</span></p><p><b>effective</b>: 2021-11-10 04:48:57-0800</p><p><b>value</b>: 1+ <span style=\"background: LightGoldenRodYellow; margin: 4px; border: 1px solid khaki\"> (<a href=\"https://loinc.org/\">LOINC</a>#LA11841-6)</span></p></div>"},"status":"final","category":[{"coding":[{"system":"http://hl7.org/fhir/us/core/CodeSystem/us-core-observation-category","code":"clinical-test","display":"Clinical Test"}],"text":"Clinical Test"}],"code":{"coding":[{"system":"http://loinc.org","code":"44974-4","display":"Pulse intensity Palpation"}],"text":"Pulse intensity Palpation"},"subject":{"reference":"Patient/example","display":"Amy Shaw"},"encounter":{"display":"Cardiology Consult"},"effectiveDateTime":"2021-11-10T16:48:57.246958-08:00","valueCodeableConcept":{"coding":[{"system":"http://loinc.org","code":"LA11841-6","display":"1+"}],"text":"1+"}}