{"resourceType":"Observation","id":"HVS-item-example-88123-5","meta":{"extension":[{"url":"http://hl7.org/fhir/StructureDefinition/instance-name","valueString":"Hvs Item Example 88123-5"},{"url":"http://hl7.org/fhir/StructureDefinition/instance-description","valueMarkdown":"This is a Hvs Item Example 88123-5 (The food that (I/we) bought just didn't last, and (I/we) didn't have money to get more.) for the *US Core Screening Response Observation Profile*"}],"profile":["http://hl7.org/fhir/us/core/StructureDefinition/us-core-observation-sdoh-assessment"]},"text":{"status":"generated","div":"<div xmlns=\"http://www.w3.org/1999/xhtml\"><p><b>Generated Narrative</b></p><div style=\"display: inline-block; background-color: #d9e0e7; padding: 6px; margin: 4px; border: 1px solid #8da1b4; border-radius: 5px; line-height: 60%\"><p style=\"margin-bottom: 0px\">Resource \"HVS-item-example-88123-5\" </p><p style=\"margin-bottom: 0px\">Profile: <a href=\"StructureDefinition-us-core-observation-sdoh-assessment.html\">US Core Observation SDOH Assessment Profile</a></p></div><p><b>status</b>: final</p><p><b>category</b>: SDOH <span style=\"background: LightGoldenRodYellow; margin: 4px; border: 1px solid khaki\"> (<a href=\"CodeSystem-us-core-tags.html\">US Core Tags CodeSystem</a>#sdoh)</span>, Survey <span style=\"background: LightGoldenRodYellow; margin: 4px; border: 1px solid khaki\"> (<a href=\"http://terminology.hl7.org/3.1.0/CodeSystem-observation-category.html\">Observation Category Codes</a>#survey)</span></p><p><b>code</b>: The food that (I/we) bought just didn't last, and (I/we) didn't have money to get more. <span style=\"background: LightGoldenRodYellow; margin: 4px; border: 1px solid khaki\"> (<a href=\"https://loinc.org/\">LOINC</a>#88123-5)</span></p><p><b>subject</b>: <a href=\"Patient-example.html\">Patient/example</a> \" SHAW\"</p><p><b>effective</b>: 2020-09-10 09:56:54+0000</p><p><b>performer</b>: <a href=\"Patient-example.html\">Patient/example</a> \" SHAW\"</p><p><b>value</b>: Often true <span style=\"background: LightGoldenRodYellow; margin: 4px; border: 1px solid khaki\"> (<a href=\"https://loinc.org/\">LOINC</a>#LA28397-0)</span></p><p><b>derivedFrom</b>: <a href=\"QuestionnaireResponse-hunger-vital-sign-example.html\">QuestionnaireResponse/hunger-vital-sign-example: US Core QuestionnaireResponse Hunger Vital Sign Example</a></p></div>"},"status":"final","category":[{"coding":[{"system":"http://hl7.org/fhir/us/core/CodeSystem/us-core-tags","code":"sdoh","display":"SDOH"}]},{"coding":[{"system":"http://terminology.hl7.org/CodeSystem/observation-category","code":"survey","display":"Survey"}]}],"code":{"coding":[{"system":"http://loinc.org","code":"88123-5","display":"The food that (I/we) bought just didn't last, and (I/we) didn't have money to get more."}],"text":"The food that (I/we) bought just didn't last, and (I/we) didn't have money to get more."},"subject":{"reference":"Patient/example"},"effectiveDateTime":"2020-09-10T21:56:54.671000+00:00","performer":[{"reference":"Patient/example"}],"valueCodeableConcept":{"coding":[{"system":"http://loinc.org","code":"LA28397-0","display":"Often true"}],"text":"Often true"},"derivedFrom":[{"reference":"QuestionnaireResponse/hunger-vital-sign-example","display":"US Core QuestionnaireResponse Hunger Vital Sign Example"}]}