{"resourceType":"Observation","id":"neutrophils","meta":{"extension":[{"url":"http://hl7.org/fhir/StructureDefinition/instance-name","valueString":"Neutrophils Example"},{"url":"http://hl7.org/fhir/StructureDefinition/instance-description","valueMarkdown":"This is a neutrophils example for the *US Core Observation Lab Profile*."}],"versionId":"1106","lastUpdated":"2016-03-09T15:29:58.052+00:00","profile":["http://hl7.org/fhir/us/core/StructureDefinition/us-core-observation-lab"]},"text":{"status":"generated","div":"<div xmlns=\"http://www.w3.org/1999/xhtml\"><p><b>Generated Narrative</b></p><div style=\"display: inline-block; background-color: #d9e0e7; padding: 6px; margin: 4px; border: 1px solid #8da1b4; border-radius: 5px; line-height: 60%\"><p style=\"margin-bottom: 0px\">Resource \"neutrophils\" Version \"1106\" Updated \"2016-03-09 03:29:58+0000\" </p><p style=\"margin-bottom: 0px\">Profile: <a href=\"StructureDefinition-us-core-observation-lab.html\">US Core Laboratory Result Observation Profile</a></p></div><p><b>status</b>: final</p><p><b>category</b>: Laboratory <span style=\"background: LightGoldenRodYellow; margin: 4px; border: 1px solid khaki\"> (<a href=\"http://terminology.hl7.org/3.1.0/CodeSystem-observation-category.html\">Observation Category Codes</a>#laboratory)</span></p><p><b>code</b>: Neutrophils % <span style=\"background: LightGoldenRodYellow; margin: 4px; border: 1px solid khaki\"> (<a href=\"https://loinc.org/\">LOINC</a>#770-8 \"Neutrophils/100 leukocytes in Blood by Automated count\")</span></p><p><b>subject</b>: <a href=\"Patient-example.html\">Patient/example: Amy Shaw</a> \" SHAW\"</p><p><b>effective</b>: 2005-07-05</p><p><b>value</b>: 40.0 %</p><h3>ReferenceRanges</h3><table class=\"grid\"><tr><td>-</td><td><b>Low</b></td><td><b>High</b></td><td><b>Type</b></td></tr><tr><td>*</td><td>37.0 %<span style=\"background: LightGoldenRodYellow\"> (Details: UCUM code % = '%')</span></td><td>67.0 %<span style=\"background: LightGoldenRodYellow\"> (Details: UCUM code % = '%')</span></td><td>Normal Range <span style=\"background: LightGoldenRodYellow; margin: 4px; border: 1px solid khaki\"> (<a href=\"http://terminology.hl7.org/3.1.0/CodeSystem-referencerange-meaning.html\">Observation Reference Range Meaning Codes</a>#normal)</span></td></tr></table></div>"},"status":"final","category":[{"coding":[{"system":"http://terminology.hl7.org/CodeSystem/observation-category","code":"laboratory","display":"Laboratory"}],"text":"Laboratory"}],"code":{"coding":[{"system":"http://loinc.org","code":"770-8","display":"Neutrophils/100 leukocytes in Blood by Automated count"}],"text":"Neutrophils %"},"subject":{"reference":"Patient/example","display":"Amy Shaw"},"effectiveDateTime":"2005-07-05","valueQuantity":{"value":40.0,"unit":"%","system":"http://unitsofmeasure.org"},"referenceRange":[{"low":{"value":37.0,"unit":"%","system":"http://unitsofmeasure.org","code":"%"},"high":{"value":67.0,"unit":"%","system":"http://unitsofmeasure.org","code":"%"},"type":{"coding":[{"system":"http://terminology.hl7.org/CodeSystem/referencerange-meaning","code":"normal","display":"Normal Range"}],"text":"Normal Range"}}]}