{"resourceType":"Observation","id":"dxa-hip-l-armass-bmd","meta":{"extension":[{"url":"http://hl7.org/fhir/StructureDefinition/instance-name","valueString":"DXA Hip-L ArMass BMD Example"},{"url":"http://hl7.org/fhir/StructureDefinition/instance-description","valueMarkdown":"This is a DXA Hip-L ArMass BMD Example for the *Clinical Test Result Observation Profile*."}],"profile":["http://hl7.org/fhir/us/core/StructureDefinition/us-core-observation-clinical-test"]},"text":{"status":"generated","div":"<div xmlns=\"http://www.w3.org/1999/xhtml\"><p><b>Generated Narrative</b></p><div style=\"display: inline-block; background-color: #d9e0e7; padding: 6px; margin: 4px; border: 1px solid #8da1b4; border-radius: 5px; line-height: 60%\"><p style=\"margin-bottom: 0px\">Resource \"dxa-hip-l-armass-bmd\" </p><p style=\"margin-bottom: 0px\">Profile: <a href=\"StructureDefinition-us-core-observation-clinical-test.html\">US Core Observation Clinical Test Result Profile</a></p></div><p><b>status</b>: final</p><p><b>category</b>: Clinical Test <span style=\"background: LightGoldenRodYellow; margin: 4px; border: 1px solid khaki\"> (<a href=\"CodeSystem-us-core-observation-category.html\">US Core Observation Category Extension Codes</a>#clinical-test)</span></p><p><b>code</b>: DXA Hip-L ArMass BMD <span style=\"background: LightGoldenRodYellow; margin: 4px; border: 1px solid khaki\"> (<a href=\"https://loinc.org/\">LOINC</a>#46278-8)</span></p><p><b>subject</b>: <a href=\"Patient-example.html\">Patient/example: Amy Shaw</a> \" SHAW\"</p><p><b>encounter</b>: <span>: Bone Scan</span></p><p><b>effective</b>: 2021-11-10 07:14:41-0800</p><p><b>value</b>: 0.734 g/cm2<span style=\"background: LightGoldenRodYellow\"> (Details: UCUM code g/cm2 = 'g/cm2')</span></p></div>"},"status":"final","category":[{"coding":[{"system":"http://hl7.org/fhir/us/core/CodeSystem/us-core-observation-category","code":"clinical-test","display":"Clinical Test"}],"text":"Clinical Test"}],"code":{"coding":[{"system":"http://loinc.org","code":"46278-8","display":"DXA Hip-L ArMass BMD"}],"text":"DXA Hip-L ArMass BMD"},"subject":{"reference":"Patient/example","display":"Amy Shaw"},"encounter":{"display":"Bone Scan"},"effectiveDateTime":"2021-11-10T19:14:41.088720-08:00","valueQuantity":{"value":0.734,"unit":"g/cm2","system":"http://unitsofmeasure.org","code":"g/cm2"}}