{"resourceType":"Observation","id":"AHC-HRSN-item-example-93038-8","meta":{"extension":[{"url":"http://hl7.org/fhir/StructureDefinition/instance-name","valueString":"Ahc-Hrsn Item Example 93038-8"},{"url":"http://hl7.org/fhir/StructureDefinition/instance-description","valueMarkdown":"This is a Ahc-Hrsn Item Example 93038-8 (Stress means a situation in which a person feels tense, restless, nervous, or anxious, or is unable to sleep at night because his or her mind is troubled all the time.  Do you feel this kind of stress these days?) for the *US Core Screening Response Observation Profile*"}],"profile":["http://hl7.org/fhir/us/core/StructureDefinition/us-core-observation-sdoh-assessment"]},"text":{"status":"generated","div":"<div xmlns=\"http://www.w3.org/1999/xhtml\"><p><b>Generated Narrative</b></p><div style=\"display: inline-block; background-color: #d9e0e7; padding: 6px; margin: 4px; border: 1px solid #8da1b4; border-radius: 5px; line-height: 60%\"><p style=\"margin-bottom: 0px\">Resource \"AHC-HRSN-item-example-93038-8\" </p><p style=\"margin-bottom: 0px\">Profile: <a href=\"StructureDefinition-us-core-observation-sdoh-assessment.html\">US Core Observation SDOH Assessment Profile</a></p></div><p><b>status</b>: final</p><p><b>category</b>: SDOH <span style=\"background: LightGoldenRodYellow; margin: 4px; border: 1px solid khaki\"> (<a href=\"CodeSystem-us-core-tags.html\">US Core Tags CodeSystem</a>#sdoh)</span>, Survey <span style=\"background: LightGoldenRodYellow; margin: 4px; border: 1px solid khaki\"> (<a href=\"http://terminology.hl7.org/3.1.0/CodeSystem-observation-category.html\">Observation Category Codes</a>#survey)</span></p><p><b>code</b>: Stress means a situation in which a person feels tense, restless, nervous, or anxious, or is unable to sleep at night because his or her mind is troubled all the time.  Do you feel this kind of stress these days? <span style=\"background: LightGoldenRodYellow; margin: 4px; border: 1px solid khaki\"> (<a href=\"https://loinc.org/\">LOINC</a>#93038-8 \"Stress level\")</span></p><p><b>subject</b>: <a href=\"Patient-example.html\">Patient/example</a> \" SHAW\"</p><p><b>effective</b>: 2022-03-29 10:38:59+0000</p><p><b>performer</b>: <a href=\"Patient-example.html\">Patient/example</a> \" SHAW\"</p><p><b>value</b>: A little bit <span style=\"background: LightGoldenRodYellow; margin: 4px; border: 1px solid khaki\"> (<a href=\"https://loinc.org/\">LOINC</a>#LA13863-8)</span></p><p><b>derivedFrom</b>: <a href=\"QuestionnaireResponse-AHC-HRSN-screening-example.html\">QuestionnaireResponse/AHC-HRSN-screening-example: US Core QuestionnaireResponse AHC HRSN Screening-Example Example</a></p></div>"},"status":"final","category":[{"coding":[{"system":"http://hl7.org/fhir/us/core/CodeSystem/us-core-tags","code":"sdoh","display":"SDOH"}]},{"coding":[{"system":"http://terminology.hl7.org/CodeSystem/observation-category","code":"survey","display":"Survey"}]}],"code":{"coding":[{"system":"http://loinc.org","code":"93038-8","display":"Stress level"}],"text":"Stress means a situation in which a person feels tense, restless, nervous, or anxious, or is unable to sleep at night because his or her mind is troubled all the time.  Do you feel this kind of stress these days?"},"subject":{"reference":"Patient/example"},"effectiveDateTime":"2022-03-29T22:38:59.084000+00:00","performer":[{"reference":"Patient/example"}],"valueCodeableConcept":{"coding":[{"system":"http://loinc.org","code":"LA13863-8","display":"A little bit"}],"text":"A little bit"},"derivedFrom":[{"reference":"QuestionnaireResponse/AHC-HRSN-screening-example","display":"US Core QuestionnaireResponse AHC HRSN Screening-Example Example"}]}