{"resourceType":"Observation","id":"PRAPARE-item-example-93029-7","meta":{"extension":[{"url":"http://hl7.org/fhir/StructureDefinition/instance-name","valueString":"Prapare Item Example 93029-7"},{"url":"http://hl7.org/fhir/StructureDefinition/instance-description","valueMarkdown":"This is a Prapare Item Example 93029-7 (How often do you see or talk to people that you care about and feel close to (For example: talking to friends on the phone, visiting friends or family, going to church or club meetings)?) for the *US Core Screening Response Observation Profile*"}],"profile":["http://hl7.org/fhir/us/core/StructureDefinition/us-core-observation-sdoh-assessment"]},"text":{"status":"generated","div":"<div xmlns=\"http://www.w3.org/1999/xhtml\"><p><b>Generated Narrative</b></p><div style=\"display: inline-block; background-color: #d9e0e7; padding: 6px; margin: 4px; border: 1px solid #8da1b4; border-radius: 5px; line-height: 60%\"><p style=\"margin-bottom: 0px\">Resource \"PRAPARE-item-example-93029-7\" </p><p style=\"margin-bottom: 0px\">Profile: <a href=\"StructureDefinition-us-core-observation-sdoh-assessment.html\">US Core Observation SDOH Assessment Profile</a></p></div><p><b>status</b>: final</p><p><b>category</b>: SDOH <span style=\"background: LightGoldenRodYellow; margin: 4px; border: 1px solid khaki\"> (<a href=\"CodeSystem-us-core-tags.html\">US Core Tags CodeSystem</a>#sdoh)</span>, Survey <span style=\"background: LightGoldenRodYellow; margin: 4px; border: 1px solid khaki\"> (<a href=\"http://terminology.hl7.org/3.1.0/CodeSystem-observation-category.html\">Observation Category Codes</a>#survey)</span></p><p><b>code</b>: How often do you see or talk to people that you care about and feel close to (For example: talking to friends on the phone, visiting friends or family, going to church or club meetings)? <span style=\"background: LightGoldenRodYellow; margin: 4px; border: 1px solid khaki\"> (<a href=\"https://loinc.org/\">LOINC</a>#93029-7)</span></p><p><b>subject</b>: <a href=\"Patient-example.html\">Patient/example</a> \" SHAW\"</p><p><b>effective</b>: 2022-03-28 06:30:40-0700</p><p><b>performer</b>: <a href=\"Patient-example.html\">Patient/example</a> \" SHAW\"</p><p><b>value</b>: 1 or 2 times a week <span style=\"background: LightGoldenRodYellow; margin: 4px; border: 1px solid khaki\"> (<a href=\"https://loinc.org/\">LOINC</a>#LA30130-1)</span></p><p><b>derivedFrom</b>: <a href=\"QuestionnaireResponse-PRAPARE-example.html\">QuestionnaireResponse/PRAPARE-example: US Core QuestionnaireResponse PRAPARE Example</a></p></div>"},"status":"final","category":[{"coding":[{"system":"http://hl7.org/fhir/us/core/CodeSystem/us-core-tags","code":"sdoh","display":"SDOH"}]},{"coding":[{"system":"http://terminology.hl7.org/CodeSystem/observation-category","code":"survey","display":"Survey"}]}],"code":{"coding":[{"system":"http://loinc.org","code":"93029-7","display":"How often do you see or talk to people that you care about and feel close to (For example: talking to friends on the phone, visiting friends or family, going to church or club meetings)?"}],"text":"How often do you see or talk to people that you care about and feel close to (For example: talking to friends on the phone, visiting friends or family, going to church or club meetings)?"},"subject":{"reference":"Patient/example"},"effectiveDateTime":"2022-03-28T18:30:40-07:00","performer":[{"reference":"Patient/example"}],"valueCodeableConcept":{"coding":[{"system":"http://loinc.org","code":"LA30130-1","display":"1 or 2 times a week"}],"text":"1 or 2 times a week"},"derivedFrom":[{"reference":"QuestionnaireResponse/PRAPARE-example","display":"US Core QuestionnaireResponse PRAPARE Example"}]}