{"resourceType":"Observation","id":"satO2-fiO2","meta":{"extension":[{"url":"http://hl7.org/fhir/StructureDefinition/instance-name","valueString":"Observation SatO2 FiO2 Example"},{"url":"http://hl7.org/fhir/StructureDefinition/instance-description","valueMarkdown":"This is a observation satO2 fiO2 example for the *US Core Pulse Oximetry Profile* representing a spO2 value with a for a patient on 6 l/min of O2 suppplemental oxygen."}],"profile":["http://hl7.org/fhir/us/core/StructureDefinition/us-core-pulse-oximetry"]},"text":{"status":"generated","div":"<div xmlns=\"http://www.w3.org/1999/xhtml\"><p><b>Generated Narrative</b></p><div style=\"display: inline-block; background-color: #d9e0e7; padding: 6px; margin: 4px; border: 1px solid #8da1b4; border-radius: 5px; line-height: 60%\"><p style=\"margin-bottom: 0px\">Resource \"satO2-fiO2\" </p><p style=\"margin-bottom: 0px\">Profile: <a href=\"StructureDefinition-us-core-pulse-oximetry.html\">US Core Pulse Oximetry Profile</a></p></div><p><b>identifier</b>: id: o1223435-10</p><p><b>status</b>: final</p><p><b>category</b>: Vital Signs <span style=\"background: LightGoldenRodYellow; margin: 4px; border: 1px solid khaki\"> (<a href=\"http://terminology.hl7.org/3.1.0/CodeSystem-observation-category.html\">Observation Category Codes</a>#vital-signs)</span></p><p><b>code</b>: Oxygen saturation in Arterial blood <span style=\"background: LightGoldenRodYellow; margin: 4px; border: 1px solid khaki\"> (<a href=\"https://loinc.org/\">LOINC</a>#2708-6; <a href=\"https://loinc.org/\">LOINC</a>#59408-5 \"Oxygen saturation in Arterial blood by Pulse oximetry\"; <a href=\"http://terminology.hl7.org/3.1.0/CodeSystem-v3-mdc.html\">ISO 11073-10101 Health informatics - Point-of-care</a>#150456 \"MDC_PULS_OXIM_SAT_O2\")</span></p><p><b>subject</b>: <a href=\"Patient-example.html\">Patient/example</a> \" SHAW\"</p><p><b>effective</b>: 2014-12-05 09:30:10+0100</p><p><b>value</b>: 95 %<span style=\"background: LightGoldenRodYellow\"> (Details: UCUM code % = '%')</span></p><p><b>interpretation</b>: Normal (applies to non-numeric results) <span style=\"background: LightGoldenRodYellow; margin: 4px; border: 1px solid khaki\"> (<a href=\"http://terminology.hl7.org/3.1.0/CodeSystem-v3-ObservationInterpretation.html\">ObservationInterpretation</a>#N \"Normal\")</span></p><p><b>device</b>: <span>: Acme Pulse Oximeter 2000</span></p><h3>ReferenceRanges</h3><table class=\"grid\"><tr><td>-</td><td><b>Low</b></td><td><b>High</b></td></tr><tr><td>*</td><td>90 %<span style=\"background: LightGoldenRodYellow\"> (Details: UCUM code % = '%')</span></td><td>99 %<span style=\"background: LightGoldenRodYellow\"> (Details: UCUM code % = '%')</span></td></tr></table><h3>Components</h3><table class=\"grid\"><tr><td>-</td><td><b>Code</b></td><td><b>Value[x]</b></td></tr><tr><td>*</td><td>Inhaled oxygen flow rate <span style=\"background: LightGoldenRodYellow; margin: 4px; border: 1px solid khaki\"> (<a href=\"https://loinc.org/\">LOINC</a>#3151-8)</span></td><td>6 liters/min<span style=\"background: LightGoldenRodYellow\"> (Details: UCUM code L/min = 'L/min')</span></td></tr></table></div>"},"identifier":[{"system":"http://goodcare.org/observation/id","value":"o1223435-10"}],"status":"final","category":[{"coding":[{"system":"http://terminology.hl7.org/CodeSystem/observation-category","code":"vital-signs","display":"Vital Signs"}],"text":"Vital Signs"}],"code":{"coding":[{"system":"http://loinc.org","code":"2708-6","display":"Oxygen saturation in Arterial blood"},{"system":"http://loinc.org","code":"59408-5","display":"Oxygen saturation in Arterial blood by Pulse oximetry"},{"system":"urn:iso:std:iso:11073:10101","code":"150456","display":"MDC_PULS_OXIM_SAT_O2"}]},"subject":{"reference":"Patient/example"},"effectiveDateTime":"2014-12-05T09:30:10+01:00","valueQuantity":{"value":95,"unit":"%","system":"http://unitsofmeasure.org","code":"%"},"interpretation":[{"coding":[{"system":"http://terminology.hl7.org/CodeSystem/v3-ObservationInterpretation","code":"N","display":"Normal"}],"text":"Normal (applies to non-numeric results)"}],"device":{"display":"Acme Pulse Oximeter 2000"},"referenceRange":[{"low":{"value":90,"unit":"%","system":"http://unitsofmeasure.org","code":"%"},"high":{"value":99,"unit":"%","system":"http://unitsofmeasure.org","code":"%"}}],"component":[{"code":{"coding":[{"system":"http://loinc.org","code":"3151-8","display":"Inhaled oxygen flow rate"}],"text":"Inhaled oxygen flow rate"},"valueQuantity":{"value":6,"unit":"liters/min","system":"http://unitsofmeasure.org","code":"L/min"}}]}