{"resourceType":"RelatedPerson","id":"shaw-niece","meta":{"extension":[{"url":"http://hl7.org/fhir/StructureDefinition/instance-name","valueString":"Patient Niece Example"},{"url":"http://hl7.org/fhir/StructureDefinition/instance-description","valueMarkdown":"This is a patient niece example for the *US Core RelatedPerson Profile Profile*."}],"profile":["http://hl7.org/fhir/us/core/StructureDefinition/us-core-relatedperson"]},"text":{"status":"generated","div":"<div xmlns=\"http://www.w3.org/1999/xhtml\"><p><b>Generated Narrative</b></p><div style=\"display: inline-block; background-color: #d9e0e7; padding: 6px; margin: 4px; border: 1px solid #8da1b4; border-radius: 5px; line-height: 60%\"><p style=\"margin-bottom: 0px\">Resource \"shaw-niece\" </p><p style=\"margin-bottom: 0px\">Profile: <a href=\"StructureDefinition-us-core-relatedperson.html\">US Core RelatedPerson Profile</a></p></div><p><b>active</b>: true</p><p><b>patient</b>: <a href=\"Patient-example.html\">Patient/example: Amy V. Shaw</a> \" SHAW\"</p><p><b>relationship</b>: niece <span style=\"background: LightGoldenRodYellow; margin: 4px; border: 1px solid khaki\"> (<a href=\"http://terminology.hl7.org/3.1.0/CodeSystem-v3-RoleCode.html\">RoleCode</a>#NIECE)</span></p><p><b>name</b>: Sarah van Putten (OFFICIAL)</p><p><b>telecom</b>: ph: 555-555-5555(HOME), <a href=\"mailto:sarah.vanputten@example.com\">sarah.vanputten@example.com</a></p><p><b>birthDate</b>: 1996-01-28</p><p><b>address</b>: 80A Village Street New Holland PA 17557 (HOME)</p></div>"},"active":true,"patient":{"reference":"Patient/example","display":"Amy V. Shaw"},"relationship":[{"coding":[{"system":"http://terminology.hl7.org/CodeSystem/v3-RoleCode","code":"NIECE","display":"niece"}]}],"name":[{"use":"official","family":"van Putten","given":["Sarah"]}],"telecom":[{"system":"phone","value":"555-555-5555","use":"home"},{"system":"email","value":"sarah.vanputten@example.com","use":"home"}],"birthDate":"1996-01-28","address":[{"use":"home","line":["80A Village Street"],"city":"New Holland","state":"PA","postalCode":"17557"}]}