{
  "resourceType": "ImplementationGuide",
  "id": "fhir.example",
  "url": "http://example.org/ImplementationGuide/fhir.example",
  "version": "0.1.0",
  "name": "TacklingTediosity",
  "status": "draft",
  "publisher": "Example Publisher",
  "contact": [
    {
      "name": "Example Publisher",
      "telecom": [
        {
          "system": "url",
          "value": "http://example.org/example-publisher"
        }
      ]
    }
  ],
  "packageId": "fhir.example",
  "fhirVersion": [
    "4.0.1"
  ],
  "definition": {
    "resource": [
      {
        "reference": {
          "reference": "OperationDefinition/fetch-doc-ref"
        },
        "name": "fetch-doc-ref",
        "exampleBoolean": false
      },
      {
        "reference": {
          "reference": "OperationDefinition/fetch-doc-ref-alt"
        },
        "name": "fetch-doc-ref-alt",
        "exampleBoolean": false
      }
    ],
    "page": {
      "nameUrl": "toc.html",
      "title": "Table of Contents",
      "generation": "html",
      "page": [
        {
          "nameUrl": "index.html",
          "title": "Home",
          "generation": "markdown"
        }
      ]
    },
    "parameter": [
      {
        "code": "copyrightyear",
        "value": "2022+"
      },
      {
        "code": "releaselabel",
        "value": "ci-build"
      }
    ]
  }
}
