{
  "resourceType": "OperationDefinition",
  "id": "fetch-doc-ref",
  "url": "http://example.org/OperationDefinition/fetch-doc-ref",
  "name": "ExampleFetchDocumentReference",
  "title": "Example Fetch DocumentReference",
  "description": "An example FetchDocumentReference operation (based on US Core)",
  "status": "draft",
  "kind": "operation",
  "code": "docref",
  "system": false,
  "type": true,
  "instance": false,
  "parameter": [
    {
      "name": "patient",
      "use": "in",
      "min": 1,
      "max": "1",
      "documentation": "The id of the patient to fetch documents for",
      "type": "id"
    },
    {
      "name": "start",
      "use": "in",
      "min": 0,
      "max": "1",
      "documentation": "The earliest date of care to fetch documents for",
      "type": "dateTime"
    },
    {
      "name": "end",
      "use": "in",
      "min": 0,
      "max": "1",
      "documentation": "The latest date of care to fetch documents for",
      "type": "dateTime"
    },
    {
      "name": "type",
      "use": "in",
      "min": 0,
      "max": "1",
      "documentation": "The type of document to fetch",
      "type": "CodeableConcept",
      "binding": {
        "strength": "required",
        "valueSet": "http://hl7.org/fhir/ValueSet/c80-doc-typecodes"
      }
    },
    {
      "name": "on-demand",
      "use": "in",
      "min": 0,
      "max": "1",
      "documentation": "Include only 'on-demand' documents?",
      "type": "boolean"
    },
    {
      "name": "return",
      "use": "out",
      "min": 1,
      "max": "1",
      "documentation": "A Bundle of matching DocumentReferences",
      "type": "Bundle"
    }
  ]
}
