{
  "resourceType": "AllergyIntolerance",
  "id": "example",
  "meta": {
    "extension": [
      {
        "url": "http://hl7.org/fhir/StructureDefinition/instance-name",
        "valueString": "AllergyIntolerance Example"
      },
      {
        "url": "http://hl7.org/fhir/StructureDefinition/instance-description",
        "valueMarkdown": "This is a allergyintolerance example for the *US Core AllergyIntolerance Profile*."
      }
    ],
    "profile": [
      "http://hl7.org/fhir/us/core/StructureDefinition/us-core-allergyintolerance"
    ]
  },
  "clinicalStatus": {
    "coding": [
      {
        "code": "active",
        "system": "http://terminology.hl7.org/CodeSystem/allergyintolerance-clinical"
      }
    ]
  },
  "verificationStatus": {
    "coding": [
      {
        "code": "confirmed",
        "system": "http://terminology.hl7.org/CodeSystem/allergyintolerance-verification"
      }
    ]
  },
  "category": [
    "medication"
  ],
  "criticality": "high",
  "code": {
    "coding": [
      {
        "code": "763875007",
        "system": "http://snomed.info/sct",
        "display": "Product containing sulfonamide (product)"
      }
    ],
    "text": "sulfonamide antibacterial"
  },
  "patient": {
    "reference": "Patient/example",
    "display": "Amy V. Shaw"
  },
  "reaction": [
    {
      "manifestation": [
        {
          "coding": [
            {
              "code": "271807003",
              "system": "http://snomed.info/sct",
              "display": "skin rash"
            }
          ],
          "text": "skin rash"
        }
      ],
      "severity": "mild"
    }
  ]
}
