{
  "resourceType": "Bundle",
  "id": "c887e62f-6166-419f-8268-b5ecd6c7b901",
  "meta": {
    "extension": [
      {
        "url": "http://hl7.org/fhir/StructureDefinition/instance-name",
        "valueString": "AllergyIntolerance Provenance Example"
      },
      {
        "url": "http://hl7.org/fhir/StructureDefinition/instance-description",
        "valueMarkdown": "This is a allergyintolerance provenance example for the *Bundle Profile*."
      }
    ],
    "lastUpdated": "2019-07-09T18:49:01.235+00:00"
  },
  "type": "searchset",
  "total": 1,
  "link": [
    {
      "relation": "self",
      "url": "http://example.org/fhir/AllergyIntolerance?_revinclude=Provenance%3Atarget&patient=Examples"
    }
  ],
  "entry": [
    {
      "fullUrl": "http://example.org/fhir/AllergyIntolerance/79613",
      "resource": {
        "resourceType": "AllergyIntolerance",
        "id": "79613",
        "meta": {
          "versionId": "1",
          "lastUpdated": "2019-07-09T15:26:23.217+00:00",
          "profile": [
            "http://hl7.org/fhir/us/core/StructureDefinition/us-core-allergyintolerance"
          ]
        },
        "clinicalStatus": {
          "coding": [
            {
              "code": "active",
              "system": "http://terminology.hl7.org/CodeSystem/allergyintolerance-clinical",
              "display": "Active"
            }
          ]
        },
        "verificationStatus": {
          "coding": [
            {
              "code": "confirmed",
              "system": "http://terminology.hl7.org/CodeSystem/allergyintolerance-verification",
              "display": "Confirmed"
            }
          ]
        },
        "category": [
          "medication"
        ],
        "criticality": "high",
        "code": {
          "coding": [
            {
              "code": "762952008",
              "system": "http://snomed.info/sct",
              "display": "Peanuts"
            }
          ],
          "text": "Peanuts"
        },
        "patient": {
          "reference": "Patient/example"
        },
        "onsetDateTime": "2017-06-09",
        "reaction": [
          {
            "manifestation": [
              {
                "coding": [
                  {
                    "code": "247472004",
                    "system": "http://snomed.info/sct",
                    "display": "Hives"
                  }
                ]
              }
            ],
            "onset": "2017-06-09"
          }
        ]
      },
      "search": {
        "mode": "match"
      }
    },
    {
      "fullUrl": "http://example.org/fhir/Provenance/79614",
      "resource": {
        "resourceType": "Provenance",
        "id": "79614",
        "meta": {
          "versionId": "1",
          "lastUpdated": "2019-07-09T15:26:23.217+00:00",
          "profile": [
            "http://hl7.org/fhir/us/core/StructureDefinition/us-core-provenance"
          ]
        },
        "target": [
          {
            "reference": "AllergyIntolerance/79613"
          }
        ],
        "recorded": "2019-07-09T15:26:23.217+00:00",
        "agent": [
          {
            "type": {
              "coding": [
                {
                  "code": "author",
                  "system": "http://terminology.hl7.org/CodeSystem/provenance-participant-type",
                  "display": "Author"
                }
              ]
            },
            "who": {
              "reference": "Practitioner/practitioner-1"
            },
            "onBehalfOf": {
              "reference": "Organization/saint-luke-w-endpoint"
            }
          },
          {
            "type": {
              "coding": [
                {
                  "code": "author",
                  "system": "http://terminology.hl7.org/CodeSystem/provenance-participant-type",
                  "display": "Author"
                }
              ]
            },
            "who": {
              "reference": "Practitioner/practitioner-2"
            },
            "onBehalfOf": {
              "reference": "Organization/saint-luke-w-endpoint"
            }
          }
        ]
      },
      "search": {
        "mode": "include"
      }
    }
  ]
}
