{
  "resourceType": "Bundle",
  "id": "uscore-mo3",
  "meta": {
    "extension": [
      {
        "url": "http://hl7.org/fhir/StructureDefinition/instance-name",
        "valueString": "Uscore MO3 Example"
      },
      {
        "url": "http://hl7.org/fhir/StructureDefinition/instance-description",
        "valueMarkdown": "This is a uscore mo3 example for the *Bundle Profile*."
      }
    ]
  },
  "type": "searchset",
  "total": 1,
  "link": [
    {
      "relation": "self",
      "url": "http://test.fhir.org/r4/MedicationRequest?search-id=4085956e-63b8-402d-b181-325040fdb9&&_id=uscore%2Dmo3&_include=MedicationRequest%3Amedication&_sort=_id"
    }
  ],
  "entry": [
    {
      "fullUrl": "http://test.fhir.org/r4/MedicationRequest/uscore-mo3",
      "resource": {
        "resourceType": "MedicationRequest",
        "id": "uscore-mo3",
        "meta": {
          "profile": [
            "http://hl7.org/fhir/us/core/StructureDefinition/us-core-medicationrequest"
          ]
        },
        "status": "active",
        "intent": "order",
        "medicationReference": {
          "reference": "Medication/uscore-med2",
          "display": "Nizatidine 15 MG/ML Oral Solution [Axid]"
        },
        "subject": {
          "reference": "Patient/example",
          "display": "Amy Shaw"
        },
        "authoredOn": "2008-04-05",
        "requester": {
          "reference": "Practitioner/practitioner-1",
          "display": "Ronald Bone, MD"
        }
      },
      "search": {
        "mode": "match"
      }
    },
    {
      "fullUrl": "http://test.fhir.org/r4/Medication/uscore-med2",
      "resource": {
        "resourceType": "Medication",
        "id": "uscore-med2",
        "meta": {
          "versionId": "1",
          "lastUpdated": "2016-11-29T19:45:46Z",
          "profile": [
            "http://hl7.org/fhir/us/core/StructureDefinition/us-core-medication"
          ]
        },
        "code": {
          "coding": [
            {
              "code": "582620",
              "system": "http://www.nlm.nih.gov/research/umls/rxnorm",
              "display": "Nizatidine 15 MG/ML Oral Solution [Axid]"
            }
          ],
          "text": "Nizatidine 15 MG/ML Oral Solution [Axid]"
        }
      },
      "search": {
        "mode": "include"
      }
    }
  ]
}
