{
  "resourceType": "CodeSystem",
  "status": "active",
  "content": "complete",
  "name": "USCoreObservationCategoryExtensionCodes",
  "id": "us-core-observation-category",
  "title": "US Core Observation Category Extension Codes",
  "description": "Set of codes for implementation of the US-Core profiles. These codes are  extensions to the [FHIR Observation Category Codes](http://terminology.hl7.org/CodeSystem/observation-category).",
  "version": "5.0.1",
  "url": "http://hl7.org/fhir/us/core/CodeSystem/us-core-observation-category",
  "concept": [
    {
      "code": "clinical-test",
      "display": "Clinical Test",
      "definition": "Includes non-imaging and non-laboratory tests performed on a patient that results in structured or unstructured (narrative) findings specific to the patient, such as electrocardiogram (ECG), visual acuity exam, macular exam, or graded exercise testing (GXT), to facilitate the diagnosis and management of conditions."
    }
  ],
  "date": "2022-04-07",
  "publisher": "HL7 International - Cross-Group Projects",
  "contact": [
    {
      "name": "HL7 International - Cross-Group Projects",
      "telecom": [
        {
          "system": "url",
          "value": "http://www.hl7.org/Special/committees/cgp"
        },
        {
          "system": "email",
          "value": "cgp@lists.HL7.org"
        }
      ]
    }
  ],
  "jurisdiction": [
    {
      "coding": [
        {
          "code": "US",
          "system": "urn:iso:std:iso:3166"
        }
      ]
    }
  ],
  "copyright": "Used by permission of HL7 International, all rights reserved Creative Commons License",
  "caseSensitive": true,
  "count": 1
}
