{
  "resourceType": "CodeSystem",
  "status": "active",
  "content": "complete",
  "name": "USCoreDocumentReferencesCategoryCodes",
  "id": "us-core-documentreference-category",
  "title": "US Core DocumentReferences Category Codes",
  "description": "The US Core DocumentReferences Type Code System is a 'starter set' of categories supported for fetching and storing DocumentReference Resources.",
  "version": "5.0.1",
  "url": "http://hl7.org/fhir/us/core/CodeSystem/us-core-documentreference-category",
  "concept": [
    {
      "code": "clinical-note",
      "display": "Clinical Note",
      "definition": "Part of health record where healthcare professionals record details to document a patient's clinical status or achievements during the course of a hospitalization or over the course of outpatient care ([Wikipedia](https://en.wikipedia.org/wiki/Progress_note))"
    }
  ],
  "date": "2019-05-21",
  "publisher": "HL7 International - Cross-Group Projects",
  "contact": [
    {
      "name": "HL7 International - Cross-Group Projects",
      "telecom": [
        {
          "system": "url",
          "value": "http://www.hl7.org/Special/committees/cgp"
        },
        {
          "system": "email",
          "value": "cgp@lists.HL7.org"
        }
      ]
    }
  ],
  "jurisdiction": [
    {
      "coding": [
        {
          "code": "US",
          "system": "urn:iso:std:iso:3166"
        }
      ]
    }
  ],
  "copyright": "Used by permission of HL7 International, all rights reserved Creative Commons License",
  "caseSensitive": true,
  "valueSet": "http://hl7.org/fhir/us/core/ValueSet/us-core-documentreference-category",
  "count": 2
}
