{
  "resourceType": "CodeSystem",
  "status": "active",
  "content": "complete",
  "name": "USCoreConditionCategoryExtensionCodes",
  "id": "condition-category",
  "title": "US Core Condition Category Extension Codes",
  "description": "Set of codes that are needed for implementation of the US-Core Condition Profile. These codes are used as extensions to the FHIR and US Core value sets.",
  "version": "5.0.1",
  "url": "http://hl7.org/fhir/us/core/CodeSystem/condition-category",
  "concept": [
    {
      "code": "problem",
      "display": "Problem",
      "definition": "The patients problems as identified by the provider(s). Items on the provider’s problem list",
      "extension": [
        {
          "url": "http://hl7.org/fhir/StructureDefinition/codesystem-replacedby",
          "valueCoding": {
            "code": "problem-list-item",
            "system": "http://terminology.hl7.org/CodeSystem/condition-category",
            "display": "Problem List Item"
          }
        }
      ],
      "property": [
        {
          "code": "status",
          "valueCode": "deprecated"
        }
      ]
    },
    {
      "code": "health-concern",
      "display": "Health Concern",
      "definition": "Additional health concerns from other stakeholders which are outside the provider’s problem list."
    }
  ],
  "date": "2022-06-22T19:45:18+00:00",
  "publisher": "HL7 International - Cross-Group Projects",
  "contact": [
    {
      "name": "HL7 International - Cross-Group Projects",
      "telecom": [
        {
          "system": "url",
          "value": "http://www.hl7.org/Special/committees/cgp"
        },
        {
          "system": "email",
          "value": "cgp@lists.HL7.org"
        }
      ]
    }
  ],
  "jurisdiction": [
    {
      "coding": [
        {
          "code": "US",
          "system": "urn:iso:std:iso:3166"
        }
      ]
    }
  ],
  "copyright": "Used by permission of HL7 International, all rights reserved Creative Commons License",
  "caseSensitive": true,
  "property": [
    {
      "code": "status",
      "uri": "http://hl7.org/fhir/concept-properties#status",
      "description": "A property that indicates the status of the concept. One of active, experimental, deprecated,        retired",
      "type": "code"
    }
  ],
  "count": 2
}
