{
  "resourceType": "CodeSystem",
  "status": "active",
  "content": "complete",
  "name": "USCoreProvenancePaticipantTypeExtensionCodes",
  "id": "us-core-provenance-participant-type",
  "title": "US Core Provenance Participant Type Extension Codes",
  "description": "Set of codes that are needed for implementation of the US-Core Provenance Profile. These codes are used as extensions to the FHIR value sets.",
  "version": "5.0.1",
  "url": "http://hl7.org/fhir/us/core/CodeSystem/us-core-provenance-participant-type",
  "concept": [
    {
      "code": "transmitter",
      "display": "Transmitter",
      "definition": "The entity that provided the copy to your system."
    }
  ],
  "date": "2022-06-22T19:45:18+00:00",
  "publisher": "HL7 International - Cross-Group Projects",
  "contact": [
    {
      "name": "HL7 International - Cross-Group Projects",
      "telecom": [
        {
          "system": "url",
          "value": "http://www.hl7.org/Special/committees/cgp"
        },
        {
          "system": "email",
          "value": "cgp@lists.HL7.org"
        }
      ]
    }
  ],
  "jurisdiction": [
    {
      "coding": [
        {
          "code": "US",
          "system": "urn:iso:std:iso:3166"
        }
      ]
    }
  ],
  "copyright": "Used by permission of HL7 International, all rights reserved Creative Commons License",
  "caseSensitive": true,
  "count": 1
}
