{
  "resourceType": "CodeSystem",
  "status": "active",
  "content": "complete",
  "name": "USCoreTagsCodeSystem",
  "id": "us-core-tags",
  "title": "US Core Tags CodeSystem",
  "description": "Codes used in US Core `meta.tag` and 'category' profiles. The are typically used when there is a need for categorization or workflow hints.",
  "version": "5.0.1",
  "url": "http://hl7.org/fhir/us/core/CodeSystem/us-core-tags",
  "concept": [
    {
      "code": "sdoh",
      "display": "SDOH",
      "definition": "Social Determinants of Health Category"
    }
  ],
  "date": "2022-04-20",
  "publisher": "HL7 International - Cross-Group Projects",
  "contact": [
    {
      "name": "HL7 International - Cross-Group Projects",
      "telecom": [
        {
          "system": "url",
          "value": "http://www.hl7.org/Special/committees/cgp"
        },
        {
          "system": "email",
          "value": "cgp@lists.HL7.org"
        }
      ]
    }
  ],
  "jurisdiction": [
    {
      "coding": [
        {
          "code": "US",
          "system": "urn:iso:std:iso:3166"
        }
      ]
    }
  ],
  "copyright": "Used by permission of HL7 International, all rights reserved Creative Commons License",
  "caseSensitive": true,
  "count": 1
}
