{
  "resourceType": "CodeSystem",
  "status": "active",
  "content": "complete",
  "name": "USCoreCarePlanCategoryExtensionCodes",
  "id": "careplan-category",
  "title": "US Core CarePlan Category Extension Codes",
  "description": "Set of codes that are needed for implementation of the US-Core CarePlan Profile. These codes are used as extensions to the FHIR ValueSet.",
  "version": "5.0.1",
  "url": "http://hl7.org/fhir/us/core/CodeSystem/careplan-category",
  "concept": [
    {
      "code": "assess-plan",
      "display": "Assessment and Plan of Treatment",
      "definition": "The clinical conclusions and assumptions that guide the patient's treatment and the clinical activities formulated for a patient."
    }
  ],
  "date": "2022-06-22T19:45:18+00:00",
  "publisher": "HL7 International - Cross-Group Projects",
  "contact": [
    {
      "name": "HL7 International - Cross-Group Projects",
      "telecom": [
        {
          "system": "url",
          "value": "http://www.hl7.org/Special/committees/cgp"
        },
        {
          "system": "email",
          "value": "cgp@lists.HL7.org"
        }
      ]
    }
  ],
  "jurisdiction": [
    {
      "coding": [
        {
          "code": "US",
          "system": "urn:iso:std:iso:3166"
        }
      ]
    }
  ],
  "copyright": "Used by permission of HL7 International, all rights reserved Creative Commons License",
  "caseSensitive": true,
  "count": 1
}
