{
  "resourceType": "Condition",
  "id": "encounter-diagnosis-example1",
  "meta": {
    "extension": [
      {
        "url": "http://hl7.org/fhir/StructureDefinition/instance-name",
        "valueString": "Encounter Diagnosis Example 1"
      },
      {
        "url": "http://hl7.org/fhir/StructureDefinition/instance-description",
        "valueMarkdown": "This example of a US Core Condition Encounter Diagnosis Profile illustrates its use to capture information about a patient's encounter diagnosis."
      }
    ],
    "profile": [
      "http://hl7.org/fhir/us/core/StructureDefinition/us-core-condition-encounter-diagnosis"
    ]
  },
  "category": [
    {
      "coding": [
        {
          "code": "encounter-diagnosis",
          "system": "http://terminology.hl7.org/CodeSystem/condition-category",
          "display": "Encounter Diagnosis"
        }
      ]
    }
  ],
  "extension": [
    {
      "url": "http://hl7.org/fhir/StructureDefinition/condition-assertedDate",
      "valueDateTime": "2015-10-31"
    }
  ],
  "clinicalStatus": {
    "coding": [
      {
        "code": "resolved",
        "system": "http://terminology.hl7.org/CodeSystem/condition-clinical"
      }
    ]
  },
  "verificationStatus": {
    "coding": [
      {
        "code": "confirmed",
        "system": "http://terminology.hl7.org/CodeSystem/condition-ver-status"
      }
    ]
  },
  "code": {
    "coding": [
      {
        "code": "39065001",
        "system": "http://snomed.info/sct",
        "display": "Burn of ear"
      }
    ],
    "text": "Burnt Ear"
  },
  "subject": {
    "reference": "Patient/example",
    "display": "Amy Shaw"
  },
  "encounter": {
    "reference": "Encounter/example-1"
  },
  "onsetDateTime": "2015-10-31",
  "abatementDateTime": "2015-12-01",
  "recordedDate": "2015-11-01"
}
