{
  "resourceType": "Condition",
  "id": "health-concern-example",
  "meta": {
    "extension": [
      {
        "url": "http://hl7.org/fhir/StructureDefinition/instance-name",
        "valueString": "Health Concern Example"
      },
      {
        "url": "http://hl7.org/fhir/StructureDefinition/instance-description",
        "valueMarkdown": "This example of a US Core Condition Problems and Health Concerns Profile illustrates its use to capture information about a patient's health concern."
      }
    ],
    "profile": [
      "http://hl7.org/fhir/us/core/StructureDefinition/us-core-condition-problems-health-concerns"
    ]
  },
  "extension": [
    {
      "url": "http://hl7.org/fhir/StructureDefinition/condition-assertedDate",
      "valueDateTime": "2007-12-14"
    }
  ],
  "clinicalStatus": {
    "coding": [
      {
        "code": "active",
        "system": "http://terminology.hl7.org/CodeSystem/condition-clinical",
        "display": "Active"
      }
    ],
    "text": "Active"
  },
  "verificationStatus": {
    "coding": [
      {
        "code": "confirmed",
        "system": "http://terminology.hl7.org/CodeSystem/condition-ver-status",
        "display": "Confirmed"
      }
    ],
    "text": "Confirmed"
  },
  "category": [
    {
      "coding": [
        {
          "code": "health-concern",
          "system": "http://hl7.org/fhir/us/core/CodeSystem/condition-category",
          "display": "Health Concern"
        }
      ],
      "text": "Health Concern"
    }
  ],
  "code": {
    "coding": [
      {
        "code": "247824007",
        "system": "http://snomed.info/sct",
        "display": "Fear of becoming fat"
      }
    ],
    "text": "Fear of becoming fat"
  },
  "subject": {
    "reference": "Patient/example",
    "display": "Amy Shaw"
  },
  "onsetDateTime": "2007-12-14",
  "recordedDate": "2007-12-14T07:15:07-08:00"
}
