{
  "resourceType": "Device",
  "id": "udi-1",
  "meta": {
    "extension": [
      {
        "url": "http://hl7.org/fhir/StructureDefinition/instance-name",
        "valueString": "UDI 1 Example"
      },
      {
        "url": "http://hl7.org/fhir/StructureDefinition/instance-description",
        "valueMarkdown": "This is a UDI 1 example for the *US Core Implantable Device Profile*."
      }
    ],
    "profile": [
      "http://hl7.org/fhir/us/core/StructureDefinition/us-core-implantable-device"
    ]
  },
  "udiCarrier": [
    {
      "deviceIdentifier": "09504000059118",
      "carrierHRF": "(01)09504000059118(17)141120(10)7654321D(21)10987654d321"
    }
  ],
  "status": "active",
  "expirationDate": "2014-11-20",
  "lotNumber": "7654321D",
  "serialNumber": "10987654d321",
  "type": {
    "coding": [
      {
        "code": "468063009",
        "system": "http://snomed.info/sct",
        "display": "Coated femoral stem prosthesis, modular"
      }
    ]
  },
  "patient": {
    "reference": "Patient/example",
    "display": "Amy Shaw"
  }
}
