{
  "resourceType": "DiagnosticReport",
  "id": "cbc",
  "meta": {
    "extension": [
      {
        "url": "http://hl7.org/fhir/StructureDefinition/instance-name",
        "valueString": "CBC Example"
      },
      {
        "url": "http://hl7.org/fhir/StructureDefinition/instance-description",
        "valueMarkdown": "This is a CBC example for the *US Core DiagnosticReport Lab Profile*."
      }
    ],
    "profile": [
      "http://hl7.org/fhir/us/core/StructureDefinition/us-core-diagnosticreport-lab"
    ]
  },
  "category": [
    {
      "coding": [
        {
          "code": "LAB",
          "system": "http://terminology.hl7.org/CodeSystem/v2-0074",
          "display": "Laboratory"
        }
      ]
    }
  ],
  "status": "final",
  "code": {
    "coding": [
      {
        "code": "58410-2",
        "system": "http://loinc.org",
        "display": "CBC panel - Blood by Automated count"
      }
    ]
  },
  "subject": {
    "reference": "Patient/example",
    "display": "Amy Shaw"
  },
  "effectiveDateTime": "2005-07-05",
  "issued": "2005-07-06T11:45:33+11:00",
  "performer": [
    {
      "reference": "Organization/acme-lab",
      "display": "Acme Laboratory, Inc"
    }
  ],
  "result": [
    {
      "reference": "Observation/neutrophils",
      "display": "NEUTROPHILS"
    },
    {
      "reference": "Observation/mchc",
      "display": "MCHC"
    },
    {
      "reference": "Observation/hemoglobin",
      "display": "HEMOGLOBIN"
    },
    {
      "reference": "Observation/erythrocytes",
      "display": "ERYTHROCYTES"
    }
  ]
}
