{
  "resourceType": "Encounter",
  "id": "example-1",
  "meta": {
    "extension": [
      {
        "url": "http://hl7.org/fhir/StructureDefinition/instance-name",
        "valueString": "Encounter 1 Example"
      },
      {
        "url": "http://hl7.org/fhir/StructureDefinition/instance-description",
        "valueMarkdown": "This is a encounter 1 example for the *US Core Encounter Profile*."
      }
    ],
    "lastUpdated": "2017-05-26T11:56:57.250-04:00",
    "profile": [
      "http://hl7.org/fhir/us/core/StructureDefinition/us-core-encounter"
    ]
  },
  "status": "finished",
  "class": {
    "code": "AMB",
    "system": "http://terminology.hl7.org/CodeSystem/v3-ActCode",
    "display": "ambulatory"
  },
  "type": [
    {
      "coding": [
        {
          "code": "99201",
          "system": "http://www.ama-assn.org/go/cpt"
        }
      ],
      "text": "Office Visit"
    }
  ],
  "subject": {
    "reference": "Patient/example"
  },
  "period": {
    "start": "2015-11-01T17:00:14-05:00",
    "end": "2015-11-01T18:00:14-05:00"
  }
}
