{
  "resourceType": "Encounter",
  "id": "delivery",
  "meta": {
    "extension": [
      {
        "url": "http://hl7.org/fhir/StructureDefinition/instance-name",
        "valueString": "Encounter Delivery Example"
      },
      {
        "url": "http://hl7.org/fhir/StructureDefinition/instance-description",
        "valueMarkdown": "This is a patient delivery encounter example for the *Encounter Profile*."
      }
    ],
    "profile": [
      "http://hl7.org/fhir/us/core/StructureDefinition/us-core-encounter"
    ]
  },
  "status": "finished",
  "class": {
    "code": "IMP",
    "system": "http://terminology.hl7.org/CodeSystem/v3-ActCode",
    "display": "inpatient encounter"
  },
  "type": [
    {
      "coding": [
        {
          "code": "177184002",
          "system": "http://snomed.info/sct",
          "display": "Normal delivery procedure (procedure)"
        }
      ],
      "text": "Normal delivery procedure (procedure)"
    }
  ],
  "subject": {
    "reference": "Patient/example",
    "display": "Amy V. Shaw"
  },
  "location": [
    {
      "location": {
        "reference": "Location/hospital",
        "display": "Holy Family Hospital"
      }
    }
  ]
}
