{
  "resourceType": "Goal",
  "id": "goal-sdoh-2",
  "meta": {
    "extension": [
      {
        "url": "http://hl7.org/fhir/StructureDefinition/instance-name",
        "valueString": "Goal 2 Example"
      },
      {
        "url": "http://hl7.org/fhir/StructureDefinition/instance-description",
        "valueMarkdown": "This is a goal 2 example for the *US Core Goal Profile*."
      }
    ],
    "profile": [
      "http://hl7.org/fhir/us/core/StructureDefinition/us-core-goal"
    ]
  },
  "lifecycleStatus": "active",
  "description": {
    "coding": [
      {
        "code": "406156006",
        "system": "http://snomed.info/sct",
        "display": "In paid employment"
      }
    ],
    "text": "In paid employment"
  },
  "subject": {
    "reference": "Patient/example",
    "display": "Amy Shaw"
  },
  "target": [
    {
      "dueDate": "2022-02-01"
    }
  ]
}
