{
  "resourceType": "Immunization",
  "id": "imm-1",
  "meta": {
    "extension": [
      {
        "url": "http://hl7.org/fhir/StructureDefinition/instance-name",
        "valueString": "Imm 1 Example"
      },
      {
        "url": "http://hl7.org/fhir/StructureDefinition/instance-description",
        "valueMarkdown": "This is a imm 1 example for the *US Core Immunization Profile*."
      }
    ],
    "profile": [
      "http://hl7.org/fhir/us/core/StructureDefinition/us-core-immunization"
    ]
  },
  "status": "completed",
  "vaccineCode": {
    "coding": [
      {
        "code": "197",
        "system": "http://hl7.org/fhir/sid/cvx",
        "display": "influenza, high-dose, quadrivalent"
      },
      {
        "code": "49281012165",
        "system": "http://hl7.org/fhir/sid/ndc",
        "display": "FLUZONE High-Dose Quadrivalent Northern Hemisphere, 10 SYRINGE, GLASS in 1 PACKAGE (49281-121-65)  > .7 mL in 1 SYRINGE, GLASS (49281-121-88)  (package)"
      }
    ],
    "text": "influenza, high-dose, quadrivalent"
  },
  "patient": {
    "reference": "Patient/example",
    "display": "Amy Shaw"
  },
  "occurrenceDateTime": "2020-11-19T12:46:57-08:00",
  "primarySource": false
}
