{
  "resourceType": "Location",
  "id": "hl7east",
  "meta": {
    "extension": [
      {
        "url": "http://hl7.org/fhir/StructureDefinition/instance-name",
        "valueString": "HL7East Example"
      },
      {
        "url": "http://hl7.org/fhir/StructureDefinition/instance-description",
        "valueMarkdown": "This is a HL7East example for the *US Core Location Profile*."
      }
    ],
    "profile": [
      "http://hl7.org/fhir/us/core/StructureDefinition/us-core-location"
    ]
  },
  "identifier": [
    {
      "system": "http://www.acme.org/location",
      "value": "29"
    }
  ],
  "status": "active",
  "name": "Health Level Seven International - Amherst",
  "description": "HL7 Headquarters - East",
  "telecom": [
    {
      "system": "phone",
      "value": "(+1) 734-677-7777"
    }
  ],
  "address": {
    "line": [
      "3300 Washtenaw Avenue, Suite 227"
    ],
    "city": "Amherst",
    "state": "MA",
    "postalCode": "01002",
    "country": "USA"
  },
  "position": {
    "longitude": -72.519854,
    "latitude": 42.373222
  },
  "managingOrganization": {
    "display": "Health Level Seven International"
  }
}
