{
  "resourceType": "Medication",
  "id": "uscore-med2",
  "meta": {
    "extension": [
      {
        "url": "http://hl7.org/fhir/StructureDefinition/instance-name",
        "valueString": "Uscore Med2 Example"
      },
      {
        "url": "http://hl7.org/fhir/StructureDefinition/instance-description",
        "valueMarkdown": "This is a uscore med2 example for the *US Core Medication Profile*."
      }
    ],
    "profile": [
      "http://hl7.org/fhir/us/core/StructureDefinition/us-core-medication"
    ]
  },
  "code": {
    "coding": [
      {
        "code": "582620",
        "system": "http://www.nlm.nih.gov/research/umls/rxnorm",
        "display": "Nizatidine 15 MG/ML Oral Solution [Axid]"
      }
    ],
    "text": "Nizatidine 15 MG/ML Oral Solution [Axid]"
  }
}
