{
  "resourceType": "MedicationRequest",
  "id": "uscore-mo1",
  "meta": {
    "extension": [
      {
        "url": "http://hl7.org/fhir/StructureDefinition/instance-name",
        "valueString": "Uscore MO1 Example"
      },
      {
        "url": "http://hl7.org/fhir/StructureDefinition/instance-description",
        "valueMarkdown": "This is a uscore mo1 example for the *US Core MedicationRequest Profile*."
      }
    ],
    "profile": [
      "http://hl7.org/fhir/us/core/StructureDefinition/us-core-medicationrequest"
    ]
  },
  "status": "active",
  "intent": "order",
  "medicationCodeableConcept": {
    "coding": [
      {
        "code": "582620",
        "system": "http://www.nlm.nih.gov/research/umls/rxnorm",
        "display": "Nizatidine 15 MG/ML Oral Solution [Axid]"
      }
    ],
    "text": "Nizatidine 15 MG/ML Oral Solution [Axid]"
  },
  "subject": {
    "reference": "Patient/example",
    "display": "Amy Shaw"
  },
  "authoredOn": "2008-04-05",
  "requester": {
    "reference": "Practitioner/practitioner-1",
    "display": "Ronald Bone, MD"
  },
  "dosageInstruction": [
    {
      "text": "10 mL bid",
      "timing": {
        "repeat": {
          "boundsPeriod": {
            "start": "2008-04-05"
          }
        }
      }
    }
  ],
  "dispenseRequest": {
    "numberOfRepeatsAllowed": 1,
    "quantity": {
      "value": 480,
      "code": "mL",
      "system": "http://unitsofmeasure.org",
      "unit": "mL"
    },
    "expectedSupplyDuration": {
      "value": 30,
      "code": "d",
      "system": "http://unitsofmeasure.org",
      "unit": "days"
    }
  }
}
