{
  "resourceType": "MedicationRequest",
  "id": "self-tylenol",
  "meta": {
    "extension": [
      {
        "url": "http://hl7.org/fhir/StructureDefinition/instance-name",
        "valueString": "Self Tylenol Example"
      },
      {
        "url": "http://hl7.org/fhir/StructureDefinition/instance-description",
        "valueMarkdown": "This is a self tylenol example for the *MedicationRequest Profile*."
      }
    ],
    "profile": [
      "http://hl7.org/fhir/us/core/StructureDefinition/us-core-medicationrequest"
    ]
  },
  "identifier": [
    {
      "use": "official",
      "system": "http://acme.org/prescriptions",
      "value": "12345689"
    }
  ],
  "status": "active",
  "intent": "plan",
  "reportedBoolean": true,
  "medicationCodeableConcept": {
    "coding": [
      {
        "code": "1187314",
        "system": "http://www.nlm.nih.gov/research/umls/rxnorm",
        "display": "Tylenol PM Pill"
      }
    ],
    "text": "Tylenol PM Pill"
  },
  "subject": {
    "reference": "Patient/example",
    "display": "Amy V. Shaw"
  },
  "encounter": {
    "reference": "Encounter/example-1",
    "display": "Office Visit"
  },
  "authoredOn": "2019-06-24",
  "requester": {
    "reference": "Patient/example",
    "display": "**self-prescribed**"
  },
  "dosageInstruction": [
    {
      "text": "Takes 1-2 tablets once daily at bedtime as needed for restless legs"
    }
  ]
}
