{
  "resourceType": "Medication",
  "id": "uscore-med1",
  "meta": {
    "extension": [
      {
        "url": "http://hl7.org/fhir/StructureDefinition/instance-name",
        "valueString": "Uscore Med1 Example"
      },
      {
        "url": "http://hl7.org/fhir/StructureDefinition/instance-description",
        "valueMarkdown": "This is a uscore med1 example for the *US Core Medication Profile*."
      }
    ],
    "profile": [
      "http://hl7.org/fhir/us/core/StructureDefinition/us-core-medication"
    ]
  },
  "code": {
    "coding": [
      {
        "code": "206765",
        "system": "http://www.nlm.nih.gov/research/umls/rxnorm",
        "display": "Prinivil 10 MG Oral Tablet"
      }
    ],
    "text": "lisinopril oral 10 mg"
  }
}
