{
  "resourceType": "Observation",
  "id": "oxygen-saturation",
  "meta": {
    "extension": [
      {
        "url": "http://hl7.org/fhir/StructureDefinition/instance-name",
        "valueString": "Oxygen Saturation Example"
      },
      {
        "url": "http://hl7.org/fhir/StructureDefinition/instance-description",
        "valueMarkdown": "This is a typical oxygen saturation example for the *US Core Pulse Oximetry Profile* on room air where no oxygen concentration is recorded."
      }
    ],
    "profile": [
      "http://hl7.org/fhir/us/core/StructureDefinition/us-core-pulse-oximetry"
    ]
  },
  "category": [
    {
      "coding": [
        {
          "system": "http://terminology.hl7.org/CodeSystem/observation-category",
          "code": "vital-signs",
          "display": "Vital Signs"
        }
      ],
      "text": "Vital Signs"
    }
  ],
  "code": {
    "coding": [
      {
        "code": "2708-6",
        "system": "http://loinc.org",
        "display": "Oxygen saturation in Arterial blood"
      },
      {
        "code": "59408-5",
        "system": "http://loinc.org",
        "display": "Oxygen saturation in Arterial blood by Pulse oximetry"
      }
    ],
    "text": "oxygen_saturation"
  },
  "status": "final",
  "subject": {
    "reference": "Patient/example",
    "display": "Amy Shaw"
  },
  "encounter": {
    "display": "GP Visit"
  },
  "effectiveDateTime": "1999-07-02",
  "valueQuantity": {
    "value": 99,
    "code": "%",
    "system": "http://unitsofmeasure.org",
    "unit": "%O2"
  }
}
