{
  "resourceType": "Observation",
  "id": "sexual-orientation-example",
  "meta": {
    "extension": [
      {
        "url": "http://hl7.org/fhir/StructureDefinition/instance-name",
        "valueString": "Sexual Orientation Observation Example"
      },
      {
        "url": "http://hl7.org/fhir/StructureDefinition/instance-description",
        "valueMarkdown": "This is an sexual orientation example for the *US Core Observation Sexual Orientation Profile*."
      }
    ],
    "profile": [
      "http://hl7.org/fhir/us/core/StructureDefinition/us-core-observation-sexual-orientation"
    ]
  },
  "code": {
    "coding": [
      {
        "code": "76690-7",
        "system": "http://loinc.org",
        "display": "Sexual orientation"
      }
    ],
    "text": "Sexual orientation"
  },
  "status": "final",
  "category": [
    {
      "coding": [
        {
          "code": "social-history",
          "system": "http://terminology.hl7.org/CodeSystem/observation-category",
          "display": "Social History"
        }
      ]
    }
  ],
  "subject": {
    "reference": "Patient/example"
  },
  "effectiveDateTime": "2021-11-11",
  "valueCodeableConcept": {
    "coding": [
      {
        "code": "ASKU",
        "system": "http://terminology.hl7.org/CodeSystem/v3-NullFlavor",
        "display": "asked but unknown"
      }
    ],
    "text": "asked but unknown"
  }
}
