{
  "resourceType": "Observation",
  "id": "ekg-lead",
  "meta": {
    "extension": [
      {
        "url": "http://hl7.org/fhir/StructureDefinition/instance-name",
        "valueString": "EKG lead Example"
      },
      {
        "url": "http://hl7.org/fhir/StructureDefinition/instance-description",
        "valueMarkdown": "This is a EKG lead Example for the *Clinical Test Result Observation Profile*."
      }
    ],
    "profile": [
      "http://hl7.org/fhir/us/core/StructureDefinition/us-core-observation-clinical-test"
    ]
  },
  "category": [
    {
      "coding": [
        {
          "code": "clinical-test",
          "system": "http://hl7.org/fhir/us/core/CodeSystem/us-core-observation-category",
          "display": "Clinical Test"
        }
      ],
      "text": "Clinical Test"
    }
  ],
  "status": "final",
  "code": {
    "coding": [
      {
        "code": "44967-8",
        "system": "http://loinc.org",
        "display": "EKG lead"
      }
    ],
    "text": "EKG lead"
  },
  "subject": {
    "reference": "Patient/example",
    "display": "Amy Shaw"
  },
  "encounter": {
    "display": "Cardiology Consult"
  },
  "effectiveDateTime": "2021-11-10T16:48:57.246958-08:00",
  "valueString": "II"
}
