{
  "resourceType": "Observation",
  "id": "heart-rate",
  "meta": {
    "extension": [
      {
        "url": "http://hl7.org/fhir/StructureDefinition/instance-name",
        "valueString": "Heart Rate Example"
      },
      {
        "url": "http://hl7.org/fhir/StructureDefinition/instance-description",
        "valueMarkdown": "This is a heart rate example for the *Vitalsigns Profile*."
      }
    ],
    "profile": [
      "http://hl7.org/fhir/us/core/StructureDefinition/us-core-heart-rate"
    ]
  },
  "code": {
    "coding": [
      {
        "code": "8867-4",
        "system": "http://loinc.org",
        "display": "Heart Rate"
      }
    ],
    "text": "heart_rate"
  },
  "category": [
    {
      "coding": [
        {
          "system": "http://terminology.hl7.org/CodeSystem/observation-category",
          "code": "vital-signs",
          "display": "Vital Signs"
        }
      ],
      "text": "Vital Signs"
    }
  ],
  "valueQuantity": {
    "system": "http://unitsofmeasure.org",
    "code": "/min",
    "value": 44,
    "unit": "beats/min"
  },
  "status": "final",
  "subject": {
    "reference": "Patient/example",
    "display": "Amy Shaw"
  },
  "encounter": {
    "display": "GP Visit"
  },
  "effectiveDateTime": "1999-07-02"
}
