{
  "resourceType": "Observation",
  "id": "blood-pressure",
  "meta": {
    "extension": [
      {
        "url": "http://hl7.org/fhir/StructureDefinition/instance-name",
        "valueString": "Blood Pressure Example"
      },
      {
        "url": "http://hl7.org/fhir/StructureDefinition/instance-description",
        "valueMarkdown": "This is a blood pressure example for the *Vitalsigns Profile*."
      }
    ],
    "profile": [
      "http://hl7.org/fhir/us/core/StructureDefinition/us-core-blood-pressure"
    ]
  },
  "code": {
    "coding": [
      {
        "code": "85354-9",
        "system": "http://loinc.org",
        "display": "Blood pressure panel with all children optional"
      }
    ],
    "text": "Blood pressure systolic and diastolic"
  },
  "category": [
    {
      "coding": [
        {
          "system": "http://terminology.hl7.org/CodeSystem/observation-category",
          "code": "vital-signs",
          "display": "Vital Signs"
        }
      ],
      "text": "Vital Signs"
    }
  ],
  "component": [
    {
      "code": {
        "coding": [
          {
            "code": "8480-6",
            "system": "http://loinc.org",
            "display": "Systolic blood pressure"
          }
        ],
        "text": "Systolic blood pressure"
      },
      "valueQuantity": {
        "value": 109,
        "code": "mm[Hg]",
        "system": "http://unitsofmeasure.org",
        "unit": "mmHg"
      }
    },
    {
      "code": {
        "coding": [
          {
            "code": "8462-4",
            "system": "http://loinc.org",
            "display": "Diastolic blood pressure"
          }
        ],
        "text": "Diastolic blood pressure"
      },
      "valueQuantity": {
        "value": 44,
        "code": "mm[Hg]",
        "system": "http://unitsofmeasure.org",
        "unit": "mmHg"
      }
    }
  ],
  "status": "final",
  "subject": {
    "reference": "Patient/example",
    "display": "Amy Shaw"
  },
  "encounter": {
    "display": "GP Visit"
  },
  "effectiveDateTime": "1999-07-02"
}
