{
  "resourceType": "Observation",
  "id": "PRAPARE-panel-example-93025-5",
  "meta": {
    "extension": [
      {
        "url": "http://hl7.org/fhir/StructureDefinition/instance-name",
        "valueString": "Prapare Panel Example 93025-5"
      },
      {
        "url": "http://hl7.org/fhir/StructureDefinition/instance-description",
        "valueMarkdown": "This is a Prapare Panel Example 93025-5 (Protocol for Responding to and Assessing Patients' Assets, Risks, and Experiences [PRAPARE]) for the *US Core Screening Response Observation Profile*"
      }
    ],
    "profile": [
      "http://hl7.org/fhir/us/core/StructureDefinition/us-core-observation-sdoh-assessment"
    ]
  },
  "category": [
    {
      "coding": [
        {
          "code": "sdoh",
          "system": "http://hl7.org/fhir/us/core/CodeSystem/us-core-tags",
          "display": "SDOH"
        }
      ]
    },
    {
      "coding": [
        {
          "code": "survey",
          "system": "http://terminology.hl7.org/CodeSystem/observation-category",
          "display": "Survey"
        }
      ]
    }
  ],
  "status": "final",
  "code": {
    "coding": [
      {
        "code": "93025-5",
        "system": "http://loinc.org",
        "display": "Protocol for Responding to and Assessing Patients' Assets, Risks, and Experiences [PRAPARE]"
      }
    ],
    "text": "Protocol for Responding to and Assessing Patients' Assets, Risks, and Experiences"
  },
  "subject": {
    "reference": "Patient/example"
  },
  "effectiveDateTime": "2022-03-28T18:30:40-07:00",
  "performer": [
    {
      "reference": "Patient/example"
    }
  ],
  "hasMember": [
    {
      "reference": "Observation/PRAPARE-panel-example-93043-8"
    },
    {
      "reference": "Observation/PRAPARE-panel-example-93042-0"
    },
    {
      "reference": "Observation/PRAPARE-panel-example-93041-2"
    },
    {
      "reference": "Observation/PRAPARE-panel-example-93040-4"
    },
    {
      "reference": "Observation/PRAPARE-panel-example-93039-6"
    }
  ],
  "derivedFrom": [
    {
      "reference": "QuestionnaireResponse/PRAPARE-example",
      "display": "US Core QuestionnaireResponse PRAPARE Example"
    }
  ]
}
