{
  "resourceType": "Observation",
  "id": "pediatric-wt-example",
  "meta": {
    "extension": [
      {
        "url": "http://hl7.org/fhir/StructureDefinition/instance-name",
        "valueString": "Pediatric Wt Example"
      },
      {
        "url": "http://hl7.org/fhir/StructureDefinition/instance-description",
        "valueMarkdown": "This is a pediatric wt example for the *Pediatric Weight For Height Profile*."
      }
    ],
    "profile": [
      "http://hl7.org/fhir/us/core/StructureDefinition/pediatric-weight-for-height"
    ]
  },
  "code": {
    "coding": [
      {
        "code": "77606-2",
        "system": "http://loinc.org",
        "display": "Weight-for-length Per age and sex"
      }
    ],
    "text": "BMI"
  },
  "category": [
    {
      "coding": [
        {
          "system": "http://terminology.hl7.org/CodeSystem/observation-category",
          "code": "vital-signs",
          "display": "Vital Signs"
        }
      ],
      "text": "Vital Signs"
    }
  ],
  "valueQuantity": {
    "system": "http://unitsofmeasure.org",
    "code": "%",
    "value": 65,
    "unit": "%"
  },
  "status": "final",
  "subject": {
    "reference": "Patient/infant-example",
    "display": "Infant Example"
  },
  "encounter": {
    "display": "GP Visit"
  },
  "effectiveDateTime": "2020-07-02",
  "note": [
    {
      "text": "WHO Males, 0-2 years Chart"
    }
  ]
}
