{
  "resourceType": "Observation",
  "id": "10-minute-apgar-score-panel",
  "meta": {
    "extension": [
      {
        "url": "http://hl7.org/fhir/StructureDefinition/instance-name",
        "valueString": "10 Minute Apgar Score Panel Example"
      },
      {
        "url": "http://hl7.org/fhir/StructureDefinition/instance-description",
        "valueMarkdown": "This example of a US Core Survey Observation Profile illustrates its use to directly capture surveys assessments as a panel of observations. It is not derived from a FHIR QuestionnaireResponse."
      }
    ],
    "profile": [
      "http://hl7.org/fhir/us/core/StructureDefinition/us-core-observation-survey"
    ]
  },
  "category": [
    {
      "coding": [
        {
          "code": "survey",
          "system": "http://terminology.hl7.org/CodeSystem/observation-category",
          "display": "Survey"
        }
      ],
      "text": "Survey"
    }
  ],
  "status": "final",
  "code": {
    "coding": [
      {
        "code": "9271-8",
        "system": "http://loinc.org",
        "display": "10 minute Apgar Score"
      },
      {
        "code": "169922007",
        "system": "http://snomed.info/sct",
        "display": "Apgar at 10 minutes"
      }
    ],
    "text": "10 minute Apgar Score"
  },
  "subject": {
    "reference": "Patient/infant-example"
  },
  "effectiveDateTime": "2016-05-18T22:33:22Z",
  "performer": [
    {
      "reference": "Practitioner/practitioner-1",
      "display": "Ronald Bone"
    }
  ],
  "hasMember": [
    {
      "reference": "Observation/10-minute-apgar-score"
    },
    {
      "reference": "Observation/10-minute-apgar-respiratory-effort"
    },
    {
      "reference": "Observation/10-minute-apgar-muscle-tone"
    },
    {
      "reference": "Observation/10-minute-apgar-reflex-irritability"
    },
    {
      "reference": "Observation/10-minute-apgar-color"
    },
    {
      "reference": "Observation/10-minute-apgar-heart-rate"
    }
  ]
}
