{
  "resourceType": "Observation",
  "id": "socialhistory-assessment-example",
  "meta": {
    "extension": [
      {
        "url": "http://hl7.org/fhir/StructureDefinition/instance-name",
        "valueString": "Social History Assessment Example"
      },
      {
        "url": "http://hl7.org/fhir/StructureDefinition/instance-description",
        "valueMarkdown": "This is a Social History Assessment Example for the *US Core Observation Social History Profile*."
      }
    ],
    "profile": [
      "http://hl7.org/fhir/us/core/StructureDefinition/us-core-observation-social-history"
    ]
  },
  "category": [
    {
      "coding": [
        {
          "code": "sdoh",
          "system": "http://hl7.org/fhir/us/core/CodeSystem/us-core-tags",
          "display": "SDOH"
        }
      ]
    },
    {
      "coding": [
        {
          "code": "social-history",
          "system": "http://terminology.hl7.org/CodeSystem/observation-category",
          "display": "Social History"
        }
      ]
    }
  ],
  "status": "final",
  "code": {
    "coding": [
      {
        "code": "160695008",
        "system": "http://snomed.info/sct",
        "display": "Transport too expensive"
      }
    ]
  },
  "subject": {
    "reference": "Patient/example"
  },
  "effectiveDateTime": "2021-05-10T21:56:54.671Z",
  "valueBoolean": true
}
