{
  "resourceType": "Observation",
  "id": "PRAPARE-item-example-93030-5",
  "meta": {
    "extension": [
      {
        "url": "http://hl7.org/fhir/StructureDefinition/instance-name",
        "valueString": "Prapare Item Example 93030-5"
      },
      {
        "url": "http://hl7.org/fhir/StructureDefinition/instance-description",
        "valueMarkdown": "This is a Prapare Item Example 93030-5 (Has lack of transportation kept you from medical appointments, meetings, work, or from getting things needed for daily living?) for the *US Core Screening Response Observation Profile*"
      }
    ],
    "profile": [
      "http://hl7.org/fhir/us/core/StructureDefinition/us-core-observation-sdoh-assessment"
    ]
  },
  "category": [
    {
      "coding": [
        {
          "code": "sdoh",
          "system": "http://hl7.org/fhir/us/core/CodeSystem/us-core-tags",
          "display": "SDOH"
        }
      ]
    },
    {
      "coding": [
        {
          "code": "survey",
          "system": "http://terminology.hl7.org/CodeSystem/observation-category",
          "display": "Survey"
        }
      ]
    }
  ],
  "status": "final",
  "code": {
    "coding": [
      {
        "code": "93030-5",
        "system": "http://loinc.org",
        "display": "Has lack of transportation kept you from medical appointments, meetings, work, or from getting things needed for daily living"
      }
    ],
    "text": "Has lack of transportation kept you from medical appointments, meetings, work, or from getting things needed for daily living?"
  },
  "subject": {
    "reference": "Patient/example"
  },
  "effectiveDateTime": "2022-03-28T18:30:40-07:00",
  "performer": [
    {
      "reference": "Patient/example"
    }
  ],
  "valueCodeableConcept": {
    "coding": [
      {
        "code": "LA30134-3",
        "system": "http://loinc.org",
        "display": "Yes, it has kept me from non-medical meetings, appointments, work, or from getting things that I need"
      }
    ],
    "text": "Yes, it has kept me from non-medical meetings, appointments, work, or from getting things that I need"
  },
  "derivedFrom": [
    {
      "reference": "QuestionnaireResponse/PRAPARE-example",
      "display": "US Core QuestionnaireResponse PRAPARE Example"
    }
  ]
}
