{
  "resourceType": "Observation",
  "id": "ofc-percentile",
  "meta": {
    "extension": [
      {
        "url": "http://hl7.org/fhir/StructureDefinition/instance-name",
        "valueString": "OFC Percentile Example"
      },
      {
        "url": "http://hl7.org/fhir/StructureDefinition/instance-description",
        "valueMarkdown": "This is a OFC percentile example for the *Head Occipital Frontal Circumference Percentile Profile*."
      }
    ],
    "profile": [
      "http://hl7.org/fhir/us/core/StructureDefinition/head-occipital-frontal-circumference-percentile"
    ]
  },
  "code": {
    "coding": [
      {
        "code": "8289-1",
        "system": "http://loinc.org",
        "display": "Head Occipital-frontal circumference Percentile"
      }
    ],
    "text": "Head Occipital-frontal circumference Percentile"
  },
  "category": [
    {
      "coding": [
        {
          "system": "http://terminology.hl7.org/CodeSystem/observation-category",
          "code": "vital-signs",
          "display": "Vital Signs"
        }
      ],
      "text": "Vital Signs"
    }
  ],
  "valueQuantity": {
    "system": "http://unitsofmeasure.org",
    "code": "%",
    "value": 82,
    "unit": "%"
  },
  "status": "final",
  "subject": {
    "reference": "Patient/infant-example",
    "display": "Infant Example"
  },
  "effectiveDateTime": "2020-07-01",
  "note": [
    {
      "text": "WHO Males, 0-2 years Chart"
    }
  ]
}
