{
  "resourceType": "Observation",
  "id": "erythrocytes",
  "meta": {
    "extension": [
      {
        "url": "http://hl7.org/fhir/StructureDefinition/instance-name",
        "valueString": "Erythrocytes Example"
      },
      {
        "url": "http://hl7.org/fhir/StructureDefinition/instance-description",
        "valueMarkdown": "This is a erythrocytes example for the *US Core Observation Lab Profile*."
      }
    ],
    "versionId": "1189",
    "lastUpdated": "2016-03-09T15:29:58.419+00:00",
    "profile": [
      "http://hl7.org/fhir/us/core/StructureDefinition/us-core-observation-lab"
    ]
  },
  "category": [
    {
      "coding": [
        {
          "code": "laboratory",
          "system": "http://terminology.hl7.org/CodeSystem/observation-category",
          "display": "Laboratory"
        }
      ],
      "text": "Laboratory"
    }
  ],
  "status": "final",
  "code": {
    "coding": [
      {
        "code": "789-8",
        "system": "http://loinc.org",
        "display": "RBC # Bld Auto"
      }
    ],
    "text": "RBC # Bld Auto"
  },
  "subject": {
    "reference": "Patient/example",
    "display": "Amy Shaw"
  },
  "effectiveDateTime": "2005-07-05",
  "valueQuantity": {
    "value": 4.58,
    "system": "http://unitsofmeasure.org",
    "unit": "10*6/uL"
  },
  "referenceRange": [
    {
      "low": {
        "value": 4.1,
        "code": "10*6/uL",
        "system": "http://unitsofmeasure.org",
        "unit": "10*6/uL"
      },
      "high": {
        "value": 6.1,
        "code": "10*6/uL",
        "system": "http://unitsofmeasure.org",
        "unit": "10*6/uL"
      },
      "type": {
        "coding": [
          {
            "code": "normal",
            "system": "http://terminology.hl7.org/CodeSystem/referencerange-meaning",
            "display": "Normal Range"
          }
        ],
        "text": "Normal Range"
      }
    }
  ]
}
