{
  "resourceType": "Observation",
  "id": "AHC-HRSN-panel-example-96777-8",
  "meta": {
    "extension": [
      {
        "url": "http://hl7.org/fhir/StructureDefinition/instance-name",
        "valueString": "Ahc-Hrsn Panel Example 96777-8"
      },
      {
        "url": "http://hl7.org/fhir/StructureDefinition/instance-description",
        "valueMarkdown": "This is a Ahc-Hrsn Panel Example 96777-8 (Accountable health communities (AHC) health-related social needs screening (HRSN) tool) for the *US Core Screening Response Observation Profile*"
      }
    ],
    "profile": [
      "http://hl7.org/fhir/us/core/StructureDefinition/us-core-observation-sdoh-assessment"
    ]
  },
  "category": [
    {
      "coding": [
        {
          "code": "sdoh",
          "system": "http://hl7.org/fhir/us/core/CodeSystem/us-core-tags",
          "display": "SDOH"
        }
      ]
    },
    {
      "coding": [
        {
          "code": "survey",
          "system": "http://terminology.hl7.org/CodeSystem/observation-category",
          "display": "Survey"
        }
      ]
    }
  ],
  "status": "final",
  "code": {
    "coding": [
      {
        "code": "96777-8",
        "system": "http://loinc.org",
        "display": "Accountable health communities (AHC) health-related social needs screening (HRSN) tool"
      }
    ],
    "text": "Accountable health communities (AHC) health-related social needs screening (HRSN) tool"
  },
  "subject": {
    "reference": "Patient/example"
  },
  "effectiveDateTime": "2022-03-29T22:38:59.084000+00:00",
  "performer": [
    {
      "reference": "Patient/example"
    }
  ],
  "hasMember": [
    {
      "reference": "Observation/AHC-HRSN-item-example-76513-1"
    },
    {
      "reference": "Observation/AHC-HRSN-item-example-96780-2"
    },
    {
      "reference": "Observation/AHC-HRSN-item-example-96781-0"
    },
    {
      "reference": "Observation/AHC-HRSN-item-example-93159-2"
    },
    {
      "reference": "Observation/AHC-HRSN-item-example-97027-7"
    },
    {
      "reference": "Observation/AHC-HRSN-item-example-96782-8"
    },
    {
      "reference": "Observation/AHC-HRSN-item-example-89555-7"
    },
    {
      "reference": "Observation/AHC-HRSN-item-example-68516-4"
    },
    {
      "reference": "Observation/AHC-HRSN-item-example-68517-2"
    },
    {
      "reference": "Observation/AHC-HRSN-item-example-96842-0"
    },
    {
      "reference": "Observation/AHC-HRSN-item-example-95530-2"
    },
    {
      "reference": "Observation/AHC-HRSN-item-example-68524-8"
    },
    {
      "reference": "Observation/AHC-HRSN-item-example-44250-9"
    },
    {
      "reference": "Observation/AHC-HRSN-item-example-44255-8"
    },
    {
      "reference": "Observation/AHC-HRSN-item-example-93038-8"
    },
    {
      "reference": "Observation/AHC-HRSN-item-example-69858-9"
    },
    {
      "reference": "Observation/AHC-HRSN-item-example-69861-3"
    }
  ],
  "derivedFrom": [
    {
      "reference": "QuestionnaireResponse/AHC-HRSN-screening-example",
      "display": "US Core QuestionnaireResponse AHC HRSN Screening-Example Example"
    }
  ]
}
