{
  "resourceType": "Observation",
  "id": "HVS-item-example-88123-5",
  "meta": {
    "extension": [
      {
        "url": "http://hl7.org/fhir/StructureDefinition/instance-name",
        "valueString": "Hvs Item Example 88123-5"
      },
      {
        "url": "http://hl7.org/fhir/StructureDefinition/instance-description",
        "valueMarkdown": "This is a Hvs Item Example 88123-5 (The food that (I/we) bought just didn't last, and (I/we) didn't have money to get more.) for the *US Core Screening Response Observation Profile*"
      }
    ],
    "profile": [
      "http://hl7.org/fhir/us/core/StructureDefinition/us-core-observation-sdoh-assessment"
    ]
  },
  "category": [
    {
      "coding": [
        {
          "code": "sdoh",
          "system": "http://hl7.org/fhir/us/core/CodeSystem/us-core-tags",
          "display": "SDOH"
        }
      ]
    },
    {
      "coding": [
        {
          "code": "survey",
          "system": "http://terminology.hl7.org/CodeSystem/observation-category",
          "display": "Survey"
        }
      ]
    }
  ],
  "status": "final",
  "code": {
    "coding": [
      {
        "code": "88123-5",
        "system": "http://loinc.org",
        "display": "The food that (I/we) bought just didn't last, and (I/we) didn't have money to get more."
      }
    ],
    "text": "The food that (I/we) bought just didn't last, and (I/we) didn't have money to get more."
  },
  "subject": {
    "reference": "Patient/example"
  },
  "effectiveDateTime": "2020-09-10T21:56:54.671000+00:00",
  "performer": [
    {
      "reference": "Patient/example"
    }
  ],
  "valueCodeableConcept": {
    "coding": [
      {
        "code": "LA28397-0",
        "system": "http://loinc.org",
        "display": "Often true"
      }
    ],
    "text": "Often true"
  },
  "derivedFrom": [
    {
      "reference": "QuestionnaireResponse/hunger-vital-sign-example",
      "display": "US Core QuestionnaireResponse Hunger Vital Sign Example"
    }
  ]
}
