{
  "resourceType": "Observation",
  "id": "10-minute-apgar-color",
  "meta": {
    "extension": [
      {
        "url": "http://hl7.org/fhir/StructureDefinition/instance-name",
        "valueString": "10 minute Apgar Color Example"
      },
      {
        "url": "http://hl7.org/fhir/StructureDefinition/instance-description",
        "valueMarkdown": "This example of a US Core Survey Observation Profile illustrates its use to directly capture individual surveys assessment items as an observations. It is not derived from a FHIR QuestionnaireResponse."
      }
    ],
    "profile": [
      "http://hl7.org/fhir/us/core/StructureDefinition/us-core-observation-survey"
    ]
  },
  "category": [
    {
      "coding": [
        {
          "code": "survey",
          "system": "http://terminology.hl7.org/CodeSystem/observation-category",
          "display": "Survey"
        }
      ],
      "text": "Survey"
    }
  ],
  "status": "final",
  "code": {
    "coding": [
      {
        "code": "32401-2",
        "system": "http://loinc.org",
        "display": "10 minute Apgar Color"
      }
    ],
    "text": "Apgar color score"
  },
  "subject": {
    "reference": "Patient/infant-example"
  },
  "effectiveDateTime": "2016-05-18T22:33:22+00:00",
  "performer": [
    {
      "reference": "Practitioner/practitioner-1",
      "display": "Ronald Bone"
    }
  ],
  "valueCodeableConcept": {
    "coding": [
      {
        "extension": [
          {
            "url": "http://hl7.org/fhir/StructureDefinition/ordinalValue",
            "valueDecimal": 2
          }
        ],
        "code": "LA6724-4",
        "system": "http://loinc.org",
        "display": "Good color all over"
      }
    ],
    "text": "2. Good color all over"
  }
}
