{
  "resourceType": "Observation",
  "id": "PRAPARE-item-example-93035-4",
  "meta": {
    "extension": [
      {
        "url": "http://hl7.org/fhir/StructureDefinition/instance-name",
        "valueString": "Prapare Item Example 93035-4"
      },
      {
        "url": "http://hl7.org/fhir/StructureDefinition/instance-description",
        "valueMarkdown": "This is a Prapare Item Example 93035-4 (At any point in the past 2 years, has season or migrant farm work been your or your family's main source of income?) for the *US Core Screening Response Observation Profile*"
      }
    ],
    "profile": [
      "http://hl7.org/fhir/us/core/StructureDefinition/us-core-observation-sdoh-assessment"
    ]
  },
  "category": [
    {
      "coding": [
        {
          "code": "sdoh",
          "system": "http://hl7.org/fhir/us/core/CodeSystem/us-core-tags",
          "display": "SDOH"
        }
      ]
    },
    {
      "coding": [
        {
          "code": "survey",
          "system": "http://terminology.hl7.org/CodeSystem/observation-category",
          "display": "Survey"
        }
      ]
    }
  ],
  "status": "final",
  "code": {
    "coding": [
      {
        "code": "93035-4",
        "system": "http://loinc.org",
        "display": "At any point in the past 2 years, has season or migrant farm work been your or your family's main source of income?"
      }
    ],
    "text": "At any point in the past 2 years, has season or migrant farm work been your or your family's main source of income?"
  },
  "subject": {
    "reference": "Patient/example"
  },
  "effectiveDateTime": "2022-03-28T18:30:40-07:00",
  "performer": [
    {
      "reference": "Patient/example"
    }
  ],
  "valueCodeableConcept": {
    "coding": [
      {
        "code": "LA33-6",
        "system": "http://loinc.org",
        "display": "Yes"
      }
    ],
    "text": "Yes"
  },
  "derivedFrom": [
    {
      "reference": "QuestionnaireResponse/PRAPARE-example",
      "display": "US Core QuestionnaireResponse PRAPARE Example"
    }
  ]
}
