{
  "resourceType": "Observation",
  "id": "10-minute-apgar-score",
  "meta": {
    "extension": [
      {
        "url": "http://hl7.org/fhir/StructureDefinition/instance-name",
        "valueString": "10 Minute Apgar Score Example"
      },
      {
        "url": "http://hl7.org/fhir/StructureDefinition/instance-description",
        "valueMarkdown": "This example of a US Core Survey Observation Profile illustrates its use to directly capture individual surveys assessment items as an observations. It is not derived from a FHIR QuestionnaireResponse."
      }
    ],
    "profile": [
      "http://hl7.org/fhir/us/core/StructureDefinition/us-core-observation-survey"
    ]
  },
  "category": [
    {
      "coding": [
        {
          "code": "survey",
          "system": "http://terminology.hl7.org/CodeSystem/observation-category",
          "display": "Survey"
        }
      ],
      "text": "Survey"
    }
  ],
  "status": "final",
  "code": {
    "coding": [
      {
        "code": "9271-8",
        "system": "http://loinc.org",
        "display": "10 minute Apgar Score"
      }
    ],
    "text": "10 minute Apgar Score"
  },
  "subject": {
    "reference": "Patient/infant-example"
  },
  "effectiveDateTime": "2016-05-18T22:33:22Z",
  "performer": [
    {
      "reference": "Practitioner/practitioner-1",
      "display": "Ronald Bone"
    }
  ],
  "valueQuantity": {
    "value": 10,
    "code": "1",
    "system": "http://unitsofmeasure.org",
    "unit": "score"
  }
}
