{
  "resourceType": "Observation",
  "id": "PRAPARE-multiselect-item-example-93031-3-answer0",
  "meta": {
    "extension": [
      {
        "url": "http://hl7.org/fhir/StructureDefinition/instance-name",
        "valueString": "Prapare Multiselect-Item Example 93031-3-Answer0"
      },
      {
        "url": "http://hl7.org/fhir/StructureDefinition/instance-description",
        "valueMarkdown": "This is a Prapare Multiselect-Item Example 93031-3-Answer0 (In the past year, have you or any family members you live with been unable to get any of the following when it was really needed?) for the *US Core Screening Response Observation Profile*"
      }
    ],
    "profile": [
      "http://hl7.org/fhir/us/core/StructureDefinition/us-core-observation-sdoh-assessment"
    ]
  },
  "category": [
    {
      "coding": [
        {
          "code": "sdoh",
          "system": "http://hl7.org/fhir/us/core/CodeSystem/us-core-tags",
          "display": "SDOH"
        }
      ]
    },
    {
      "coding": [
        {
          "code": "survey",
          "system": "http://terminology.hl7.org/CodeSystem/observation-category",
          "display": "Survey"
        }
      ]
    }
  ],
  "status": "final",
  "code": {
    "coding": [
      {
        "code": "93031-3",
        "system": "http://loinc.org",
        "display": "In the past year, have you or any family members you live with been unable to get any of the following when it was really needed?"
      }
    ],
    "text": "In the past year, have you or any family members you live with been unable to get any of the following when it was really needed?"
  },
  "subject": {
    "reference": "Patient/example"
  },
  "effectiveDateTime": "2022-03-28T18:30:40-07:00",
  "performer": [
    {
      "reference": "Patient/example"
    }
  ],
  "valueCodeableConcept": {
    "coding": [
      {
        "code": "LA30126-9",
        "system": "http://loinc.org",
        "display": "Clothing"
      }
    ],
    "text": "Clothing"
  },
  "derivedFrom": [
    {
      "reference": "QuestionnaireResponse/PRAPARE-example",
      "display": "US Core QuestionnaireResponse PRAPARE Example"
    }
  ]
}
