{
  "resourceType": "Observation",
  "id": "PRAPARE-panel-example-93042-0",
  "meta": {
    "extension": [
      {
        "url": "http://hl7.org/fhir/StructureDefinition/instance-name",
        "valueString": "Prapare Panel Example 93042-0"
      },
      {
        "url": "http://hl7.org/fhir/StructureDefinition/instance-description",
        "valueMarkdown": "This is a Prapare Panel Example 93042-0 (Family and home) for the *US Core Screening Response Observation Profile*"
      }
    ],
    "profile": [
      "http://hl7.org/fhir/us/core/StructureDefinition/us-core-observation-sdoh-assessment"
    ]
  },
  "category": [
    {
      "coding": [
        {
          "code": "sdoh",
          "system": "http://hl7.org/fhir/us/core/CodeSystem/us-core-tags",
          "display": "SDOH"
        }
      ]
    },
    {
      "coding": [
        {
          "code": "survey",
          "system": "http://terminology.hl7.org/CodeSystem/observation-category",
          "display": "Survey"
        }
      ]
    }
  ],
  "status": "final",
  "code": {
    "coding": [
      {
        "code": "93042-0",
        "system": "http://loinc.org",
        "display": "Family and home [PRAPARE]"
      }
    ],
    "text": "Family and home"
  },
  "subject": {
    "reference": "Patient/example"
  },
  "effectiveDateTime": "2022-03-28T18:30:40-07:00",
  "performer": [
    {
      "reference": "Patient/example"
    }
  ],
  "hasMember": [
    {
      "reference": "Observation/PRAPARE-item-example-63512-8"
    },
    {
      "reference": "Observation/PRAPARE-item-example-71802-3"
    },
    {
      "reference": "Observation/PRAPARE-item-example-93033-9"
    },
    {
      "reference": "Observation/PRAPARE-item-example-56799-0"
    }
  ],
  "derivedFrom": [
    {
      "reference": "QuestionnaireResponse/PRAPARE-example",
      "display": "US Core QuestionnaireResponse PRAPARE Example"
    }
  ]
}
