{
  "resourceType": "Observation",
  "id": "temperature",
  "meta": {
    "extension": [
      {
        "url": "http://hl7.org/fhir/StructureDefinition/instance-name",
        "valueString": "Temperature Example"
      },
      {
        "url": "http://hl7.org/fhir/StructureDefinition/instance-description",
        "valueMarkdown": "This is a temperature example for the *Vitalsigns Profile*."
      }
    ],
    "profile": [
      "http://hl7.org/fhir/us/core/StructureDefinition/us-core-body-temperature"
    ]
  },
  "code": {
    "coding": [
      {
        "code": "8310-5",
        "system": "http://loinc.org",
        "display": "Body temperature"
      }
    ],
    "text": "temperature"
  },
  "category": [
    {
      "coding": [
        {
          "system": "http://terminology.hl7.org/CodeSystem/observation-category",
          "code": "vital-signs",
          "display": "Vital Signs"
        }
      ],
      "text": "Vital Signs"
    }
  ],
  "valueQuantity": {
    "system": "http://unitsofmeasure.org",
    "value": 36.55556,
    "code": "Cel",
    "unit": "Cel"
  },
  "status": "final",
  "subject": {
    "reference": "Patient/example",
    "display": "Amy Shaw"
  },
  "encounter": {
    "display": "GP Visit"
  },
  "effectiveDateTime": "1999-07-02"
}
