{
  "resourceType": "Observation",
  "id": "dxa-hip-l-z-score-bmd",
  "meta": {
    "extension": [
      {
        "url": "http://hl7.org/fhir/StructureDefinition/instance-name",
        "valueString": "DXA Hip-L Z-score BMD Example"
      },
      {
        "url": "http://hl7.org/fhir/StructureDefinition/instance-description",
        "valueMarkdown": "This is a DXA Hip-L Z-score BMD Example for the *Clinical Test Result Observation Profile*."
      }
    ],
    "profile": [
      "http://hl7.org/fhir/us/core/StructureDefinition/us-core-observation-clinical-test"
    ]
  },
  "category": [
    {
      "coding": [
        {
          "code": "clinical-test",
          "system": "http://hl7.org/fhir/us/core/CodeSystem/us-core-observation-category",
          "display": "Clinical Test"
        }
      ],
      "text": "Clinical Test"
    }
  ],
  "status": "final",
  "code": {
    "coding": [
      {
        "code": "80938-4",
        "system": "http://loinc.org",
        "display": "DXA Hip-L Z-score BMD"
      }
    ],
    "text": "DXA Hip-L Z-score BMD"
  },
  "subject": {
    "reference": "Patient/example",
    "display": "Amy Shaw"
  },
  "encounter": {
    "display": "Bone Scan"
  },
  "effectiveDateTime": "2021-11-10T19:14:41.088720-08:00",
  "valueQuantity": {
    "value": -0.19,
    "code": "{Z-Score}",
    "system": "http://unitsofmeasure.org",
    "unit": "Z-Score"
  }
}
