{
  "resourceType": "Observation",
  "id": "PRAPARE-item-example-54899-0",
  "meta": {
    "extension": [
      {
        "url": "http://hl7.org/fhir/StructureDefinition/instance-name",
        "valueString": "Prapare Item Example 54899-0"
      },
      {
        "url": "http://hl7.org/fhir/StructureDefinition/instance-description",
        "valueMarkdown": "This is a Prapare Item Example 54899-0 (Preferred language) for the *US Core Screening Response Observation Profile*"
      }
    ],
    "profile": [
      "http://hl7.org/fhir/us/core/StructureDefinition/us-core-observation-sdoh-assessment"
    ]
  },
  "category": [
    {
      "coding": [
        {
          "code": "sdoh",
          "system": "http://hl7.org/fhir/us/core/CodeSystem/us-core-tags",
          "display": "SDOH"
        }
      ]
    },
    {
      "coding": [
        {
          "code": "survey",
          "system": "http://terminology.hl7.org/CodeSystem/observation-category",
          "display": "Survey"
        }
      ]
    }
  ],
  "status": "final",
  "code": {
    "coding": [
      {
        "code": "54899-0",
        "system": "http://loinc.org",
        "display": "Preferred language"
      }
    ],
    "text": "Preferred language"
  },
  "subject": {
    "reference": "Patient/example"
  },
  "effectiveDateTime": "2022-03-28T18:30:40-07:00",
  "performer": [
    {
      "reference": "Patient/example"
    }
  ],
  "valueCodeableConcept": {
    "coding": [
      {
        "code": "LA43-5",
        "system": "http://loinc.org",
        "display": "English"
      }
    ],
    "text": "English"
  },
  "derivedFrom": [
    {
      "reference": "QuestionnaireResponse/PRAPARE-example",
      "display": "US Core QuestionnaireResponse PRAPARE Example"
    }
  ]
}
