{
  "resourceType": "Observation",
  "id": "satO2-fiO2",
  "meta": {
    "extension": [
      {
        "url": "http://hl7.org/fhir/StructureDefinition/instance-name",
        "valueString": "Observation SatO2 FiO2 Example"
      },
      {
        "url": "http://hl7.org/fhir/StructureDefinition/instance-description",
        "valueMarkdown": "This is a observation satO2 fiO2 example for the *US Core Pulse Oximetry Profile* representing a spO2 value with a for a patient on 6 l/min of O2 suppplemental oxygen."
      }
    ],
    "profile": [
      "http://hl7.org/fhir/us/core/StructureDefinition/us-core-pulse-oximetry"
    ]
  },
  "category": [
    {
      "coding": [
        {
          "system": "http://terminology.hl7.org/CodeSystem/observation-category",
          "code": "vital-signs",
          "display": "Vital Signs"
        }
      ],
      "text": "Vital Signs"
    }
  ],
  "code": {
    "coding": [
      {
        "code": "2708-6",
        "system": "http://loinc.org",
        "display": "Oxygen saturation in Arterial blood"
      },
      {
        "code": "59408-5",
        "system": "http://loinc.org",
        "display": "Oxygen saturation in Arterial blood by Pulse oximetry"
      },
      {
        "code": "150456",
        "system": "urn:iso:std:iso:11073:10101",
        "display": "MDC_PULS_OXIM_SAT_O2"
      }
    ]
  },
  "identifier": [
    {
      "system": "http://goodcare.org/observation/id",
      "value": "o1223435-10"
    }
  ],
  "status": "final",
  "subject": {
    "reference": "Patient/example"
  },
  "effectiveDateTime": "2014-12-05T09:30:10+01:00",
  "valueQuantity": {
    "value": 95,
    "code": "%",
    "system": "http://unitsofmeasure.org",
    "unit": "%"
  },
  "interpretation": [
    {
      "coding": [
        {
          "code": "N",
          "system": "http://terminology.hl7.org/CodeSystem/v3-ObservationInterpretation",
          "display": "Normal"
        }
      ],
      "text": "Normal (applies to non-numeric results)"
    }
  ],
  "device": {
    "display": "Acme Pulse Oximeter 2000"
  },
  "referenceRange": [
    {
      "low": {
        "value": 90,
        "code": "%",
        "system": "http://unitsofmeasure.org",
        "unit": "%"
      },
      "high": {
        "value": 99,
        "code": "%",
        "system": "http://unitsofmeasure.org",
        "unit": "%"
      }
    }
  ],
  "component": [
    {
      "code": {
        "coding": [
          {
            "code": "3151-8",
            "system": "http://loinc.org",
            "display": "Inhaled oxygen flow rate"
          }
        ],
        "text": "Inhaled oxygen flow rate"
      },
      "valueQuantity": {
        "value": 6,
        "code": "L/min",
        "system": "http://unitsofmeasure.org",
        "unit": "liters/min"
      }
    }
  ]
}
