{
  "resourceType": "Observation",
  "id": "pediatric-bmi-example",
  "meta": {
    "extension": [
      {
        "url": "http://hl7.org/fhir/StructureDefinition/instance-name",
        "valueString": "Pediatric BMI Example"
      },
      {
        "url": "http://hl7.org/fhir/StructureDefinition/instance-description",
        "valueMarkdown": "This is a pediatric BMI example for the *Pediatric BMI For Age Profile*."
      }
    ],
    "profile": [
      "http://hl7.org/fhir/us/core/StructureDefinition/pediatric-bmi-for-age"
    ]
  },
  "code": {
    "coding": [
      {
        "code": "59576-9",
        "system": "http://loinc.org",
        "display": "Body mass index (BMI) [Percentile] Per age and sex"
      }
    ],
    "text": "BMI"
  },
  "category": [
    {
      "coding": [
        {
          "system": "http://terminology.hl7.org/CodeSystem/observation-category",
          "code": "vital-signs",
          "display": "Vital Signs"
        }
      ],
      "text": "Vital Signs"
    }
  ],
  "valueQuantity": {
    "system": "http://unitsofmeasure.org",
    "code": "%",
    "value": 65,
    "unit": "%"
  },
  "status": "final",
  "subject": {
    "reference": "Patient/child-example",
    "display": "Child Example"
  },
  "encounter": {
    "display": "GP Visit"
  },
  "effectiveDateTime": "2019-05-04T12:12:29-07:00",
  "note": [
    {
      "text": "CDC Males, 2-20 years Chart"
    }
  ]
}
