{
  "resourceType": "Observation",
  "id": "serum-potassium",
  "meta": {
    "extension": [
      {
        "url": "http://hl7.org/fhir/StructureDefinition/instance-name",
        "valueString": "Serum Potassium Example"
      },
      {
        "url": "http://hl7.org/fhir/StructureDefinition/instance-description",
        "valueMarkdown": "This is a serum potassium example for the *US Core Observation Lab Profile*."
      }
    ],
    "versionId": "938",
    "lastUpdated": "2016-03-09T15:29:57.376+00:00",
    "profile": [
      "http://hl7.org/fhir/us/core/StructureDefinition/us-core-observation-lab"
    ]
  },
  "category": [
    {
      "coding": [
        {
          "code": "laboratory",
          "system": "http://terminology.hl7.org/CodeSystem/observation-category",
          "display": "Laboratory"
        }
      ],
      "text": "Laboratory"
    }
  ],
  "status": "final",
  "code": {
    "coding": [
      {
        "code": "2823-3",
        "system": "http://loinc.org",
        "display": "Potassium SerPl-sCnc"
      }
    ],
    "text": "Potassium SerPl-sCnc"
  },
  "subject": {
    "reference": "Patient/example",
    "display": "Amy Shaw"
  },
  "effectiveDateTime": "2005-07-05",
  "valueQuantity": {
    "value": 5.4,
    "system": "http://unitsofmeasure.org",
    "unit": "mmol/L"
  },
  "referenceRange": [
    {
      "low": {
        "value": 3.5,
        "code": "mmol/L",
        "system": "http://unitsofmeasure.org",
        "unit": "mmol/L"
      },
      "high": {
        "value": 5.5,
        "code": "mmol/L",
        "system": "http://unitsofmeasure.org",
        "unit": "mmol/L"
      },
      "type": {
        "coding": [
          {
            "code": "normal",
            "system": "http://terminology.hl7.org/CodeSystem/referencerange-meaning",
            "display": "Normal Range"
          }
        ],
        "text": "Normal Range"
      }
    }
  ]
}
