{
  "resourceType": "Observation",
  "id": "mchc",
  "meta": {
    "extension": [
      {
        "url": "http://hl7.org/fhir/StructureDefinition/instance-name",
        "valueString": "MCHC Example"
      },
      {
        "url": "http://hl7.org/fhir/StructureDefinition/instance-description",
        "valueMarkdown": "This is a MCHC example for the *US Core Observation Lab Profile*."
      }
    ],
    "versionId": "879",
    "lastUpdated": "2016-03-09T15:29:57.124+00:00",
    "profile": [
      "http://hl7.org/fhir/us/core/StructureDefinition/us-core-observation-lab"
    ]
  },
  "category": [
    {
      "coding": [
        {
          "code": "laboratory",
          "system": "http://terminology.hl7.org/CodeSystem/observation-category",
          "display": "Laboratory"
        }
      ],
      "text": "Laboratory"
    }
  ],
  "status": "final",
  "code": {
    "coding": [
      {
        "code": "786-4",
        "system": "http://loinc.org",
        "display": "MCHC RBC Auto-mCnc"
      }
    ],
    "text": "MCHC RBC Auto-mCnc"
  },
  "subject": {
    "reference": "Patient/example",
    "display": "Amy Shaw"
  },
  "effectiveDateTime": "2005-07-05",
  "valueQuantity": {
    "value": 34.7,
    "system": "http://unitsofmeasure.org",
    "unit": "g/dL"
  },
  "referenceRange": [
    {
      "low": {
        "value": 30,
        "code": "g/dL",
        "system": "http://unitsofmeasure.org",
        "unit": "g/dL"
      },
      "high": {
        "value": 34,
        "code": "g/dL",
        "system": "http://unitsofmeasure.org",
        "unit": "g/dL"
      },
      "type": {
        "coding": [
          {
            "code": "normal",
            "system": "http://terminology.hl7.org/CodeSystem/referencerange-meaning",
            "display": "Normal Range"
          }
        ],
        "text": "Normal Range"
      }
    }
  ]
}
