{
  "resourceType": "Observation",
  "id": "AHC-HRSN-item-example-69858-9",
  "meta": {
    "extension": [
      {
        "url": "http://hl7.org/fhir/StructureDefinition/instance-name",
        "valueString": "Ahc-Hrsn Item Example 69858-9"
      },
      {
        "url": "http://hl7.org/fhir/StructureDefinition/instance-description",
        "valueMarkdown": "This is a Ahc-Hrsn Item Example 69858-9 (Because of a physical, mental, or emotional condition, do you have serious difficulty concentrating, remembering, or making decisions?) for the *US Core Screening Response Observation Profile*"
      }
    ],
    "profile": [
      "http://hl7.org/fhir/us/core/StructureDefinition/us-core-observation-sdoh-assessment"
    ]
  },
  "category": [
    {
      "coding": [
        {
          "code": "sdoh",
          "system": "http://hl7.org/fhir/us/core/CodeSystem/us-core-tags",
          "display": "SDOH"
        }
      ]
    },
    {
      "coding": [
        {
          "code": "survey",
          "system": "http://terminology.hl7.org/CodeSystem/observation-category",
          "display": "Survey"
        }
      ]
    }
  ],
  "status": "final",
  "code": {
    "coding": [
      {
        "code": "69858-9",
        "system": "http://loinc.org",
        "display": "Because of a physical, mental, or emotional condition, do you have serious difficulty concentrating, remembering, or making decisions?"
      }
    ],
    "text": "Because of a physical, mental, or emotional condition, do you have serious difficulty concentrating, remembering, or making decisions?"
  },
  "subject": {
    "reference": "Patient/example"
  },
  "effectiveDateTime": "2022-03-29T22:38:59.084000+00:00",
  "performer": [
    {
      "reference": "Patient/example"
    }
  ],
  "valueCodeableConcept": {
    "coding": [
      {
        "code": "LA32-8",
        "system": "http://loinc.org",
        "display": "No"
      }
    ],
    "text": "No"
  },
  "derivedFrom": [
    {
      "reference": "QuestionnaireResponse/AHC-HRSN-screening-example",
      "display": "US Core QuestionnaireResponse AHC HRSN Screening-Example Example"
    }
  ]
}
