{
  "resourceType": "Observation",
  "id": "height",
  "meta": {
    "extension": [
      {
        "url": "http://hl7.org/fhir/StructureDefinition/instance-name",
        "valueString": "Height Example"
      },
      {
        "url": "http://hl7.org/fhir/StructureDefinition/instance-description",
        "valueMarkdown": "This is a height example for the *Vitalsigns Profile*."
      }
    ],
    "profile": [
      "http://hl7.org/fhir/us/core/StructureDefinition/us-core-body-height"
    ]
  },
  "code": {
    "coding": [
      {
        "code": "8302-2",
        "system": "http://loinc.org",
        "display": "Body height"
      }
    ],
    "text": "height"
  },
  "category": [
    {
      "coding": [
        {
          "system": "http://terminology.hl7.org/CodeSystem/observation-category",
          "code": "vital-signs",
          "display": "Vital Signs"
        }
      ],
      "text": "Vital Signs"
    }
  ],
  "valueQuantity": {
    "system": "http://unitsofmeasure.org",
    "value": 111.506,
    "code": "cm",
    "unit": "cm"
  },
  "status": "final",
  "subject": {
    "reference": "Patient/example",
    "display": "Amy Shaw"
  },
  "encounter": {
    "display": "GP Visit"
  },
  "effectiveDateTime": "1999-07-02"
}
