{
  "resourceType": "Observation",
  "id": "neutrophils",
  "meta": {
    "extension": [
      {
        "url": "http://hl7.org/fhir/StructureDefinition/instance-name",
        "valueString": "Neutrophils Example"
      },
      {
        "url": "http://hl7.org/fhir/StructureDefinition/instance-description",
        "valueMarkdown": "This is a neutrophils example for the *US Core Observation Lab Profile*."
      }
    ],
    "versionId": "1106",
    "lastUpdated": "2016-03-09T15:29:58.052+00:00",
    "profile": [
      "http://hl7.org/fhir/us/core/StructureDefinition/us-core-observation-lab"
    ]
  },
  "category": [
    {
      "coding": [
        {
          "code": "laboratory",
          "system": "http://terminology.hl7.org/CodeSystem/observation-category",
          "display": "Laboratory"
        }
      ],
      "text": "Laboratory"
    }
  ],
  "status": "final",
  "code": {
    "coding": [
      {
        "code": "770-8",
        "system": "http://loinc.org",
        "display": "Neutrophils/100 leukocytes in Blood by Automated count"
      }
    ],
    "text": "Neutrophils %"
  },
  "subject": {
    "reference": "Patient/example",
    "display": "Amy Shaw"
  },
  "effectiveDateTime": "2005-07-05",
  "valueQuantity": {
    "value": 40,
    "system": "http://unitsofmeasure.org",
    "unit": "%"
  },
  "referenceRange": [
    {
      "low": {
        "value": 37,
        "code": "%",
        "system": "http://unitsofmeasure.org",
        "unit": "%"
      },
      "high": {
        "value": 67,
        "code": "%",
        "system": "http://unitsofmeasure.org",
        "unit": "%"
      },
      "type": {
        "coding": [
          {
            "code": "normal",
            "system": "http://terminology.hl7.org/CodeSystem/referencerange-meaning",
            "display": "Normal Range"
          }
        ],
        "text": "Normal Range"
      }
    }
  ]
}
