{
  "resourceType": "Observation",
  "id": "p-r-interval-ekg-lead",
  "meta": {
    "extension": [
      {
        "url": "http://hl7.org/fhir/StructureDefinition/instance-name",
        "valueString": "P-R interval {EKG lead} Example"
      },
      {
        "url": "http://hl7.org/fhir/StructureDefinition/instance-description",
        "valueMarkdown": "This is a P-R interval {EKG lead} Example for the *Clinical Test Result Observation Profile*."
      }
    ],
    "profile": [
      "http://hl7.org/fhir/us/core/StructureDefinition/us-core-observation-clinical-test"
    ]
  },
  "category": [
    {
      "coding": [
        {
          "code": "clinical-test",
          "system": "http://hl7.org/fhir/us/core/CodeSystem/us-core-observation-category",
          "display": "Clinical Test"
        }
      ],
      "text": "Clinical Test"
    }
  ],
  "status": "final",
  "code": {
    "coding": [
      {
        "code": "44976-9",
        "system": "http://loinc.org",
        "display": "P-R interval {EKG lead}"
      }
    ],
    "text": "P-R interval {EKG lead}"
  },
  "subject": {
    "reference": "Patient/example",
    "display": "Amy Shaw"
  },
  "encounter": {
    "display": "Cardiology Consult"
  },
  "effectiveDateTime": "2021-11-10T16:48:57.246958-08:00",
  "valueQuantity": {
    "value": 0.2,
    "code": "s",
    "system": "http://unitsofmeasure.org",
    "unit": "s"
  }
}
