{
  "resourceType": "Observation",
  "id": "some-day-smoker",
  "meta": {
    "extension": [
      {
        "url": "http://hl7.org/fhir/StructureDefinition/instance-name",
        "valueString": "Some Day Smoker Example"
      },
      {
        "url": "http://hl7.org/fhir/StructureDefinition/instance-description",
        "valueMarkdown": "This is a some day smoker example for the *US Core Smokingstatus Profile*."
      }
    ],
    "profile": [
      "http://hl7.org/fhir/us/core/StructureDefinition/us-core-smokingstatus"
    ]
  },
  "category": [
    {
      "coding": [
        {
          "code": "social-history",
          "system": "http://terminology.hl7.org/CodeSystem/observation-category",
          "display": "Social History"
        }
      ],
      "text": "Social History"
    }
  ],
  "status": "final",
  "code": {
    "coding": [
      {
        "code": "72166-2",
        "system": "http://loinc.org",
        "display": "Tobacco smoking status"
      }
    ],
    "text": "Tobacco smoking status"
  },
  "subject": {
    "reference": "Patient/example",
    "display": "Amy Shaw"
  },
  "effectiveDateTime": "2016-03-18T05:27:04Z",
  "valueCodeableConcept": {
    "coding": [
      {
        "code": "428041000124106",
        "system": "http://snomed.info/sct"
      }
    ],
    "text": "Current some day smoker"
  }
}
