{
  "resourceType": "Organization",
  "id": "acme-lab",
  "meta": {
    "extension": [
      {
        "url": "http://hl7.org/fhir/StructureDefinition/instance-name",
        "valueString": "Acme Lab Example"
      },
      {
        "url": "http://hl7.org/fhir/StructureDefinition/instance-description",
        "valueMarkdown": "This is a acme lab example for the *US Core Organization Profile*."
      }
    ],
    "profile": [
      "http://hl7.org/fhir/us/core/StructureDefinition/us-core-organization"
    ]
  },
  "identifier": [
    {
      "system": "http://hl7.org/fhir/sid/us-npi",
      "value": "1144221847"
    },
    {
      "system": "urn:oid:2.16.840.1.113883.4.7",
      "value": "12D4567890"
    }
  ],
  "active": true,
  "type": [
    {
      "coding": [
        {
          "code": "prov",
          "system": "http://terminology.hl7.org/CodeSystem/organization-type",
          "display": "Healthcare Provider"
        }
      ]
    }
  ],
  "name": "Acme Labs",
  "telecom": [
    {
      "system": "phone",
      "value": "(+1) 734-677-7777"
    },
    {
      "system": "email",
      "value": "hq@acme.org"
    }
  ],
  "address": [
    {
      "line": [
        "3300 Washtenaw Avenue, Suite 227"
      ],
      "city": "Amherst",
      "state": "MA",
      "postalCode": "01002",
      "country": "USA"
    }
  ]
}
