{
  "resourceType": "Practitioner",
  "id": "practitioner-1",
  "meta": {
    "extension": [
      {
        "url": "http://hl7.org/fhir/StructureDefinition/instance-name",
        "valueString": "Practitioner 1 Example"
      },
      {
        "url": "http://hl7.org/fhir/StructureDefinition/instance-description",
        "valueMarkdown": "This is a practitioner 1 example for the *US Core Practitioner Profile*."
      }
    ],
    "profile": [
      "http://hl7.org/fhir/us/core/StructureDefinition/us-core-practitioner"
    ]
  },
  "identifier": [
    {
      "system": "http://hl7.org/fhir/sid/us-npi",
      "value": "9941339108"
    },
    {
      "system": "http://www.acme.org/practitioners",
      "value": "25456"
    }
  ],
  "name": [
    {
      "family": "Bone",
      "given": [
        "Ronald"
      ],
      "prefix": [
        "Dr"
      ]
    }
  ],
  "address": [
    {
      "use": "home",
      "line": [
        "1003 Healthcare Drive"
      ],
      "city": "Amherst",
      "state": "MA",
      "postalCode": "01002"
    }
  ]
}
