{
  "resourceType": "Procedure",
  "id": "rehab",
  "meta": {
    "extension": [
      {
        "url": "http://hl7.org/fhir/StructureDefinition/instance-name",
        "valueString": "Rehab Example"
      },
      {
        "url": "http://hl7.org/fhir/StructureDefinition/instance-description",
        "valueMarkdown": "This is a rehab example for the *US Core Procedure Profile*."
      }
    ],
    "profile": [
      "http://hl7.org/fhir/us/core/StructureDefinition/us-core-procedure"
    ]
  },
  "status": "completed",
  "code": {
    "coding": [
      {
        "code": "24165007",
        "system": "http://snomed.info/sct",
        "display": "Alcoholism counseling"
      },
      {
        "code": "HZ30ZZZ",
        "system": "http://www.cms.gov/Medicare/Coding/ICD10",
        "display": "Individual Counseling for Substance Abuse Treatment, Cognitive"
      }
    ],
    "text": "Alcohol rehabilitation"
  },
  "subject": {
    "reference": "Patient/example",
    "display": "Amy Shaw"
  },
  "performedDateTime": "2002-05-23"
}
