{
  "resourceType": "QuestionnaireResponse",
  "id": "glascow-coma-score",
  "meta": {
    "extension": [
      {
        "url": "http://hl7.org/fhir/StructureDefinition/instance-name",
        "valueString": "Glascow Coma Score Example"
      },
      {
        "url": "http://hl7.org/fhir/StructureDefinition/instance-description",
        "valueMarkdown": "'This example of a US Core QuestionnaireResponse illustrate using Questionnaire as a *stand alone* resource. It does not point to the definition of the questions in  a FHIR Questionnaire, but represents the answers from a non FHIR survey instrument (in this case a pdf).'"
      }
    ],
    "profile": [
      "http://hl7.org/fhir/us/core/StructureDefinition/us-core-questionnaireresponse"
    ]
  },
  "status": "completed",
  "subject": {
    "reference": "Patient/example",
    "display": "Amy V. Shaw"
  },
  "authored": "2014-12-11T04:44:16Z",
  "author": {
    "reference": "Practitioner/practitioner-1",
    "display": "Ronald Bone"
  },
  "item": [
    {
      "linkId": "1",
      "text": "Eye Opening Response",
      "answer": [
        {
          "valueDecimal": 4
        }
      ]
    },
    {
      "linkId": "2",
      "text": "Verbal Response",
      "answer": [
        {
          "valueDecimal": 4
        }
      ]
    },
    {
      "linkId": "3",
      "text": "Motor Response",
      "answer": [
        {
          "valueDecimal": 4
        }
      ]
    }
  ],
  "_questionnaire": {
    "extension": [
      {
        "url": "http://hl7.org/fhir/us/core/StructureDefinition/us-core-extension-questionnaire-uri",
        "valueUri": "https://www.cdc.gov/masstrauma/resources/gcs.pdf"
      }
    ]
  }
}
