{
  "resourceType": "RelatedPerson",
  "id": "shaw-niece",
  "meta": {
    "extension": [
      {
        "url": "http://hl7.org/fhir/StructureDefinition/instance-name",
        "valueString": "Patient Niece Example"
      },
      {
        "url": "http://hl7.org/fhir/StructureDefinition/instance-description",
        "valueMarkdown": "This is a patient niece example for the *US Core RelatedPerson Profile Profile*."
      }
    ],
    "profile": [
      "http://hl7.org/fhir/us/core/StructureDefinition/us-core-relatedperson"
    ]
  },
  "active": true,
  "patient": {
    "reference": "Patient/example",
    "display": "Amy V. Shaw"
  },
  "relationship": [
    {
      "coding": [
        {
          "code": "NIECE",
          "system": "http://terminology.hl7.org/CodeSystem/v3-RoleCode",
          "display": "niece"
        }
      ]
    }
  ],
  "name": [
    {
      "use": "official",
      "family": "van Putten",
      "given": [
        "Sarah"
      ]
    }
  ],
  "telecom": [
    {
      "system": "phone",
      "value": "555-555-5555",
      "use": "home"
    },
    {
      "system": "email",
      "value": "sarah.vanputten@example.com",
      "use": "home"
    }
  ],
  "birthDate": "1996-01-28",
  "address": [
    {
      "use": "home",
      "line": [
        "80A Village Street"
      ],
      "city": "New Holland",
      "state": "PA",
      "postalCode": "17557"
    }
  ]
}
