{
  "resourceType": "SearchParameter",
  "id": "us-core-organization-address",
  "url": "http://hl7.org/fhir/us/core/SearchParameter/us-core-organization-address",
  "version": "5.0.1",
  "name": "USCoreOrganizationAddress",
  "derivedFrom": "http://hl7.org/fhir/SearchParameter/Organization-address",
  "status": "active",
  "experimental": false,
  "date": "2022-04-14",
  "publisher": "HL7 International - Cross-Group Projects",
  "contact": [
    {
      "name": "HL7 International - Cross-Group Projects",
      "telecom": [
        {
          "system": "url",
          "value": "http://www.hl7.org/Special/committees/cgp"
        },
        {
          "system": "email",
          "value": "cgp@lists.HL7.org"
        }
      ]
    }
  ],
  "description": "**A server defined search that may match any of the string fields in the Address, including line, city, district, state, country, postalCode, and/or text**  \n**NOTE**: This US Core SearchParameter definition extends the usage context of the\n[Conformance expectation extension](http://hl7.org/fhir/R4/extension-capabilitystatement-expectation.html)\n - multipleAnd\n - multipleOr\n - comparator\n - modifier\n - chain",
  "jurisdiction": [
    {
      "coding": [
        {
          "code": "US",
          "system": "urn:iso:std:iso:3166"
        }
      ]
    }
  ],
  "code": "address",
  "base": [
    "Organization"
  ],
  "type": "string",
  "expression": "Organization.address",
  "xpath": "f:Organization/f:address",
  "xpathUsage": "normal",
  "multipleOr": true,
  "_multipleOr": {
    "extension": [
      {
        "url": "http://hl7.org/fhir/StructureDefinition/capabilitystatement-expectation",
        "valueCode": "MAY"
      }
    ]
  },
  "multipleAnd": true,
  "_multipleAnd": {
    "extension": [
      {
        "url": "http://hl7.org/fhir/StructureDefinition/capabilitystatement-expectation",
        "valueCode": "MAY"
      }
    ]
  }
}
