{
  "resourceType": "SearchParameter",
  "id": "us-core-condition-asserted-date",
  "url": "http://hl7.org/fhir/us/core/SearchParameter/us-core-condition-asserted-date",
  "version": "5.0.1",
  "name": "USCoreConditionAssertedDate",
  "status": "active",
  "date": "2022-04-14",
  "publisher": "HL7 International - Cross-Group Projects",
  "contact": [
    {
      "name": "HL7 International - Cross-Group Projects",
      "telecom": [
        {
          "system": "url",
          "value": "http://www.hl7.org/Special/committees/cgp"
        },
        {
          "system": "email",
          "value": "cgp@lists.HL7.org"
        }
      ]
    }
  ],
  "description": "Returns conditions with an [assertedDate extension](http://hl7.org/fhir/StructureDefinition/condition-assertedDate) matching the specified date (dateTime).",
  "jurisdiction": [
    {
      "coding": [
        {
          "code": "US",
          "system": "urn:iso:std:iso:3166"
        }
      ]
    }
  ],
  "code": "asserted-date",
  "base": [
    "Condition"
  ],
  "type": "date",
  "expression": "Condition.extension.where(url = 'http://hl7.org/fhir/StructureDefinition/condition-assertedDate').extension.valueDateTime",
  "xpath": "f:Condition/f:extension[@url='http://hl7.org/fhir/StructureDefinition/condition-assertedDate']/f:extension/f:valueDateTime/@value",
  "xpathUsage": "normal",
  "multipleOr": true,
  "_multipleOr": {
    "extension": [
      {
        "url": "http://hl7.org/fhir/StructureDefinition/capabilitystatement-expectation",
        "valueCode": "MAY"
      }
    ]
  },
  "multipleAnd": true,
  "_multipleAnd": {
    "extension": [
      {
        "url": "http://hl7.org/fhir/StructureDefinition/capabilitystatement-expectation",
        "valueCode": "SHOULD"
      }
    ]
  },
  "comparator": [
    "eq",
    "ne",
    "gt",
    "ge",
    "lt",
    "le",
    "sa",
    "eb",
    "ap"
  ],
  "_comparator": [
    {
      "extension": [
        {
          "url": "http://hl7.org/fhir/StructureDefinition/capabilitystatement-expectation",
          "valueCode": "MAY"
        }
      ]
    },
    {
      "extension": [
        {
          "url": "http://hl7.org/fhir/StructureDefinition/capabilitystatement-expectation",
          "valueCode": "MAY"
        }
      ]
    },
    {
      "extension": [
        {
          "url": "http://hl7.org/fhir/StructureDefinition/capabilitystatement-expectation",
          "valueCode": "SHALL"
        }
      ]
    },
    {
      "extension": [
        {
          "url": "http://hl7.org/fhir/StructureDefinition/capabilitystatement-expectation",
          "valueCode": "SHALL"
        }
      ]
    },
    {
      "extension": [
        {
          "url": "http://hl7.org/fhir/StructureDefinition/capabilitystatement-expectation",
          "valueCode": "SHALL"
        }
      ]
    },
    {
      "extension": [
        {
          "url": "http://hl7.org/fhir/StructureDefinition/capabilitystatement-expectation",
          "valueCode": "SHALL"
        }
      ]
    },
    {
      "extension": [
        {
          "url": "http://hl7.org/fhir/StructureDefinition/capabilitystatement-expectation",
          "valueCode": "MAY"
        }
      ]
    },
    {
      "extension": [
        {
          "url": "http://hl7.org/fhir/StructureDefinition/capabilitystatement-expectation",
          "valueCode": "MAY"
        }
      ]
    },
    {
      "extension": [
        {
          "url": "http://hl7.org/fhir/StructureDefinition/capabilitystatement-expectation",
          "valueCode": "MAY"
        }
      ]
    }
  ]
}
