{
  "resourceType": "SearchParameter",
  "id": "us-core-encounter-discharge-disposition",
  "url": "http://hl7.org/fhir/us/core/SearchParameter/us-core-encounter-discharge-disposition",
  "version": "5.0.1",
  "name": "USCoreEncounterDischargeDisposition",
  "status": "active",
  "date": "2022-04-14",
  "publisher": "HL7 International - Cross-Group Projects",
  "contact": [
    {
      "name": "HL7 International - Cross-Group Projects",
      "telecom": [
        {
          "system": "url",
          "value": "http://www.hl7.org/Special/committees/cgp"
        },
        {
          "system": "email",
          "value": "cgp@lists.HL7.org"
        }
      ]
    }
  ],
  "description": "Returns encounters with an discharge-disposition matching the specified code.",
  "jurisdiction": [
    {
      "coding": [
        {
          "code": "US",
          "system": "urn:iso:std:iso:3166"
        }
      ]
    }
  ],
  "code": "discharge-disposition",
  "base": [
    "Encounter"
  ],
  "type": "token",
  "expression": "Encounter.hospitalization.dischargeDisposition",
  "xpath": "f:Encounter/f:hospitalization/f:dischargeDisposition/@value",
  "xpathUsage": "normal",
  "multipleOr": true,
  "_multipleOr": {
    "extension": [
      {
        "url": "http://hl7.org/fhir/StructureDefinition/capabilitystatement-expectation",
        "valueCode": "MAY"
      }
    ]
  },
  "multipleAnd": true,
  "_multipleAnd": {
    "extension": [
      {
        "url": "http://hl7.org/fhir/StructureDefinition/capabilitystatement-expectation",
        "valueCode": "MAY"
      }
    ]
  }
}
