{
  "resourceType": "ServiceRequest",
  "id": "foodpantry-referral",
  "meta": {
    "extension": [
      {
        "url": "http://hl7.org/fhir/StructureDefinition/instance-name",
        "valueString": "ServiceRequest Example"
      },
      {
        "url": "http://hl7.org/fhir/StructureDefinition/instance-description",
        "valueMarkdown": "This is a service request example for the *US Core ServiceRequest Profile Profile*."
      }
    ],
    "profile": [
      "http://hl7.org/fhir/us/core/StructureDefinition/us-core-servicerequest"
    ]
  },
  "status": "active",
  "intent": "order",
  "category": [
    {
      "coding": [
        {
          "code": "sdoh",
          "system": "http://hl7.org/fhir/us/core/CodeSystem/us-core-tags",
          "display": "SDOH"
        }
      ],
      "text": "Social Determinants Of Health"
    }
  ],
  "code": {
    "coding": [
      {
        "code": "467771000124109",
        "system": "http://snomed.info/sct",
        "display": "Assistance with application for food pantry program"
      }
    ]
  },
  "subject": {
    "reference": "Patient/example"
  },
  "occurrenceDateTime": "2021-11-20",
  "authoredOn": "2021-11-12T10:59:38-08:00",
  "requester": {
    "reference": "Practitioner/practitioner-1"
  }
}
