{
  "resourceType": "StructureDefinition",
  "id": "us-core-smokingstatus",
  "extension": [
    {
      "url": "http://hl7.org/fhir/StructureDefinition/structuredefinition-category",
      "valueString": "Clinical.Diagnostics"
    },
    {
      "url": "http://hl7.org/fhir/StructureDefinition/structuredefinition-security-category",
      "valueCode": "patient"
    }
  ],
  "url": "http://hl7.org/fhir/us/core/StructureDefinition/us-core-smokingstatus",
  "version": "5.0.1",
  "name": "USCoreSmokingStatusProfile",
  "title": "US Core Smoking Status Observation Profile",
  "status": "active",
  "experimental": false,
  "date": "2022-04-20",
  "publisher": "HL7 International - Cross-Group Projects",
  "contact": [
    {
      "name": "HL7 International - Cross-Group Projects",
      "telecom": [
        {
          "system": "url",
          "value": "http://www.hl7.org/Special/committees/cgp"
        },
        {
          "system": "email",
          "value": "cgp@lists.HL7.org"
        }
      ]
    }
  ],
  "description": "The US Core Smoking Status Observation Profile is based upon the core FHIR Observation Resource and implementers the U.S. Core Data for Interoperability (USCDI) v2 Smoking status' requirements. This profile sets minimum expectations for the Observation resource to record, search, and fetch smoking status data associated with a patient to promote interoperability and adoption through common implementation.  It identifies which core elements, extensions, vocabularies and value sets **SHALL** be present in the resource when using this profile.  It provides the floor for standards development for specific uses cases.",
  "jurisdiction": [
    {
      "coding": [
        {
          "code": "US",
          "system": "urn:iso:std:iso:3166"
        }
      ]
    }
  ],
  "copyright": "Used by permission of HL7 International, all rights reserved Creative Commons License",
  "fhirVersion": "4.0.1",
  "mapping": [
    {
      "identity": "workflow",
      "uri": "http://hl7.org/fhir/workflow",
      "name": "Workflow Pattern"
    },
    {
      "identity": "sct-concept",
      "uri": "http://snomed.info/conceptdomain",
      "name": "SNOMED CT Concept Domain Binding"
    },
    {
      "identity": "v2",
      "uri": "http://hl7.org/v2",
      "name": "HL7 v2 Mapping"
    },
    {
      "identity": "rim",
      "uri": "http://hl7.org/v3",
      "name": "RIM Mapping"
    },
    {
      "identity": "w5",
      "uri": "http://hl7.org/fhir/fivews",
      "name": "FiveWs Pattern Mapping"
    },
    {
      "identity": "sct-attr",
      "uri": "http://snomed.org/attributebinding",
      "name": "SNOMED CT Attribute Binding"
    },
    {
      "identity": "argonaut-dq-dstu2"
    }
  ],
  "kind": "resource",
  "abstract": false,
  "type": "Observation",
  "baseDefinition": "http://hl7.org/fhir/StructureDefinition/Observation",
  "derivation": "constraint",
  "differential": {
    "element": [
      {
        "id": "Observation",
        "path": "Observation",
        "definition": "\\-",
        "comment": "\\-",
        "alias": [
          "Obs",
          "Measurement",
          "Results",
          "Tests"
        ],
        "mustSupport": false,
        "mapping": [
          {
            "identity": "argonaut-dq-dstu2",
            "map": "Observation"
          }
        ]
      },
      {
        "id": "Observation.status",
        "path": "Observation.status",
        "mustSupport": true,
        "binding": {
          "strength": "required",
          "valueSet": "http://hl7.org/fhir/us/core/ValueSet/us-core-observation-smoking-status-status"
        },
        "mapping": [
          {
            "identity": "argonaut-dq-dstu2",
            "map": "Observation.status"
          }
        ]
      },
      {
        "id": "Observation.category",
        "path": "Observation.category",
        "slicing": {
          "discriminator": [
            {
              "type": "pattern",
              "path": "$this"
            }
          ],
          "rules": "open"
        },
        "min": 1,
        "mustSupport": true
      },
      {
        "id": "Observation.category:SocialHistory",
        "path": "Observation.category",
        "sliceName": "SocialHistory",
        "min": 1,
        "max": "1",
        "patternCodeableConcept": {
          "coding": [
            {
              "code": "social-history",
              "system": "http://terminology.hl7.org/CodeSystem/observation-category"
            }
          ]
        },
        "mustSupport": true
      },
      {
        "id": "Observation.code",
        "path": "Observation.code",
        "short": "Smoking Status",
        "mustSupport": true,
        "binding": {
          "strength": "extensible",
          "valueSet": "http://hl7.org/fhir/us/core/ValueSet/us-core-smoking-status-observation-codes"
        },
        "mapping": [
          {
            "identity": "argonaut-dq-dstu2",
            "map": "Observation.code"
          }
        ]
      },
      {
        "id": "Observation.subject",
        "path": "Observation.subject",
        "min": 1,
        "type": [
          {
            "code": "Reference",
            "targetProfile": [
              "http://hl7.org/fhir/us/core/StructureDefinition/us-core-patient"
            ]
          }
        ],
        "mustSupport": true,
        "mapping": [
          {
            "identity": "argonaut-dq-dstu2",
            "map": "Observation.subject"
          }
        ]
      },
      {
        "id": "Observation.effective[x]",
        "path": "Observation.effective[x]",
        "slicing": {
          "discriminator": [
            {
              "type": "type",
              "path": "$this"
            }
          ],
          "ordered": false,
          "rules": "open"
        },
        "min": 1
      },
      {
        "id": "Observation.effectiveDateTime",
        "path": "Observation.effectiveDateTime",
        "min": 1,
        "max": "1",
        "type": [
          {
            "code": "dateTime"
          }
        ],
        "mustSupport": true,
        "mapping": [
          {
            "identity": "argonaut-dq-dstu2",
            "map": "Observation.issued"
          }
        ]
      },
      {
        "id": "Observation.value[x]",
        "path": "Observation.value[x]",
        "slicing": {
          "discriminator": [
            {
              "type": "type",
              "path": "$this"
            }
          ],
          "ordered": false,
          "rules": "open"
        },
        "min": 1
      },
      {
        "id": "Observation.valueCodeableConcept",
        "path": "Observation.valueCodeableConcept",
        "short": "Coded Responses from Smoking Status Value Set",
        "min": 1,
        "max": "1",
        "type": [
          {
            "code": "CodeableConcept"
          }
        ],
        "mustSupport": true,
        "binding": {
          "strength": "preferred",
          "valueSet": "http://cts.nlm.nih.gov/fhir/ValueSet/2.16.840.1.113883.11.20.9.38",
          "extension": [
            {
              "url": "http://hl7.org/fhir/StructureDefinition/elementdefinition-maxValueSet",
              "valueCanonical": "http://hl7.org/fhir/us/core/ValueSet/us-core-observation-smokingstatus-max"
            }
          ],
          "description": "This value set enumerates codes SNOMED CT codes historically used for the current smoking status of a patient with a maximum required binding to Snomed CT codes."
        },
        "mapping": [
          {
            "identity": "argonaut-dq-dstu2",
            "map": "Observation.valueCodeableConcept"
          }
        ]
      }
    ]
  }
}
