{
  "resourceType": "StructureDefinition",
  "id": "us-core-procedure",
  "extension": [
    {
      "url": "http://hl7.org/fhir/StructureDefinition/structuredefinition-category",
      "valueString": "Clinical.Summary"
    },
    {
      "url": "http://hl7.org/fhir/StructureDefinition/structuredefinition-security-category",
      "valueCode": "patient"
    }
  ],
  "url": "http://hl7.org/fhir/us/core/StructureDefinition/us-core-procedure",
  "version": "5.0.1",
  "name": "USCoreProcedureProfile",
  "title": "US Core Procedure Profile",
  "status": "active",
  "experimental": false,
  "date": "2022-04-20",
  "publisher": "HL7 International - Cross-Group Projects",
  "contact": [
    {
      "name": "HL7 International - Cross-Group Projects",
      "telecom": [
        {
          "system": "url",
          "value": "http://www.hl7.org/Special/committees/cgp"
        },
        {
          "system": "email",
          "value": "cgp@lists.HL7.org"
        }
      ]
    }
  ],
  "description": "The US Core Procedure Profile is based upon the core FHIR Procedure Resource and meets the U.S. Core Data for Interoperability (USCDI) v2 'Procedures' requirements. This profile sets minimum expectations for the Procedure resource to record, search, and fetch procedures associated with a patient to promote interoperability and adoption through common implementation.  It identifies which core elements, extensions, vocabularies and value sets **SHALL** be present in the resource when using this profile.  It provides the floor for standards development for specific uses cases.",
  "jurisdiction": [
    {
      "coding": [
        {
          "code": "US",
          "system": "urn:iso:std:iso:3166"
        }
      ]
    }
  ],
  "copyright": "Used by permission of HL7 International, all rights reserved Creative Commons License",
  "fhirVersion": "4.0.1",
  "mapping": [
    {
      "identity": "workflow",
      "uri": "http://hl7.org/fhir/workflow",
      "name": "Workflow Pattern"
    },
    {
      "identity": "rim",
      "uri": "http://hl7.org/v3",
      "name": "RIM Mapping"
    },
    {
      "identity": "w5",
      "uri": "http://hl7.org/fhir/fivews",
      "name": "FiveWs Pattern Mapping"
    },
    {
      "identity": "v2",
      "uri": "http://hl7.org/v2",
      "name": "HL7 v2 Mapping"
    },
    {
      "identity": "argonaut-dq-dstu2"
    }
  ],
  "kind": "resource",
  "abstract": false,
  "type": "Procedure",
  "baseDefinition": "http://hl7.org/fhir/StructureDefinition/Procedure",
  "derivation": "constraint",
  "differential": {
    "element": [
      {
        "id": "Procedure",
        "path": "Procedure",
        "definition": "\\-",
        "comment": "\\-",
        "constraint": [
          {
            "key": "us-core-7",
            "severity": "error",
            "human": "Performed SHALL be present if the status is 'completed' or 'in-progress'",
            "expression": "(status='completed' or status='in-progress') implies performed.exists()",
            "source": "http://hl7.org/fhir/us/core/StructureDefinition/us-core-procedure"
          }
        ],
        "mustSupport": false,
        "mapping": [
          {
            "identity": "argonaut-dq-dstu2",
            "map": "Procedure"
          }
        ]
      },
      {
        "id": "Procedure.status",
        "path": "Procedure.status",
        "condition": [
          "us-core-7"
        ],
        "mustSupport": true,
        "binding": {
          "strength": "required",
          "valueSet": "http://hl7.org/fhir/ValueSet/event-status"
        },
        "mapping": [
          {
            "identity": "argonaut-dq-dstu2",
            "map": "Procedure.status"
          }
        ]
      },
      {
        "id": "Procedure.code",
        "path": "Procedure.code",
        "min": 1,
        "mustSupport": true,
        "binding": {
          "strength": "extensible",
          "valueSet": "http://hl7.org/fhir/us/core/ValueSet/us-core-procedure-code",
          "description": "Codes describing the type of  Procedure"
        },
        "mapping": [
          {
            "identity": "argonaut-dq-dstu2",
            "map": "Procedure.code"
          }
        ]
      },
      {
        "id": "Procedure.subject",
        "path": "Procedure.subject",
        "type": [
          {
            "code": "Reference",
            "targetProfile": [
              "http://hl7.org/fhir/us/core/StructureDefinition/us-core-patient"
            ]
          }
        ],
        "mustSupport": true,
        "mapping": [
          {
            "identity": "argonaut-dq-dstu2",
            "map": "Procedure.subject"
          }
        ]
      },
      {
        "id": "Procedure.performed[x]",
        "path": "Procedure.performed[x]",
        "type": [
          {
            "code": "dateTime",
            "extension": [
              {
                "url": "http://hl7.org/fhir/StructureDefinition/elementdefinition-type-must-support",
                "valueBoolean": true
              }
            ]
          },
          {
            "code": "Period"
          },
          {
            "code": "string"
          },
          {
            "code": "Age"
          },
          {
            "code": "Range"
          }
        ],
        "condition": [
          "us-core-7"
        ],
        "mustSupport": true,
        "mapping": [
          {
            "identity": "argonaut-dq-dstu2",
            "map": "Procedure.performed[x]"
          }
        ]
      }
    ]
  }
}
