{
  "resourceType": "StructureDefinition",
  "id": "us-core-questionnaireresponse",
  "url": "http://hl7.org/fhir/us/core/StructureDefinition/us-core-questionnaireresponse",
  "version": "5.0.1",
  "name": "USCoreQuestionnaireResponseProfile",
  "title": "US Core QuestionnaireResponse Profile",
  "status": "active",
  "date": "2022-04-20",
  "publisher": "HL7 International - Cross-Group Projects",
  "contact": [
    {
      "name": "HL7 International - Cross-Group Projects",
      "telecom": [
        {
          "system": "url",
          "value": "http://www.hl7.org/Special/committees/cgp"
        },
        {
          "system": "email",
          "value": "cgp@lists.HL7.org"
        }
      ]
    }
  ],
  "description": "To promote interoperability and adoption through common implementation, this profile sets minimum expectations for the QuestionnaireResponse resource to record, search, and fetch retrieve captures the responses to form/survey and assessment tools such as the *Protocol for Responding to and Assessing Patients’ Assets, Risks, and Experiences (PRAPARE) Survey*.   This profile is based on the [Structured Data Capture (SDC) Questionnaire Response Profile](http://hl7.org/fhir/uv/sdc/STU3/StructureDefinition-sdc-questionnaireresponse.html) and identifies the *additional* core elements, extensions, vocabularies and value sets **SHALL** be present in the resource when using this profile. It provides the floor for standards development for specific uses cases.",
  "jurisdiction": [
    {
      "coding": [
        {
          "code": "US",
          "system": "urn:iso:std:iso:3166"
        }
      ]
    }
  ],
  "copyright": "Used by permission of HL7 International, all rights reserved Creative Commons License",
  "fhirVersion": "4.0.1",
  "mapping": [
    {
      "identity": "workflow",
      "uri": "http://hl7.org/fhir/workflow",
      "name": "Workflow Pattern"
    },
    {
      "identity": "rim",
      "uri": "http://hl7.org/v3",
      "name": "RIM Mapping"
    },
    {
      "identity": "w5",
      "uri": "http://hl7.org/fhir/fivews",
      "name": "FiveWs Pattern Mapping"
    }
  ],
  "kind": "resource",
  "abstract": false,
  "type": "QuestionnaireResponse",
  "baseDefinition": "http://hl7.org/fhir/uv/sdc/StructureDefinition/sdc-questionnaireresponse",
  "derivation": "constraint",
  "differential": {
    "element": [
      {
        "id": "QuestionnaireResponse",
        "path": "QuestionnaireResponse",
        "short": "US Core Profile based on SDC QuestionnaireResponse",
        "definition": "\\-",
        "comment": "\\-"
      },
      {
        "id": "QuestionnaireResponse.meta",
        "path": "QuestionnaireResponse.meta",
        "mustSupport": true
      },
      {
        "id": "QuestionnaireResponse.meta.tag",
        "path": "QuestionnaireResponse.meta.tag",
        "slicing": {
          "discriminator": [
            {
              "type": "pattern",
              "path": "$this"
            }
          ],
          "ordered": false,
          "rules": "open"
        },
        "mustSupport": true
      },
      {
        "id": "QuestionnaireResponse.meta.tag.code",
        "path": "QuestionnaireResponse.meta.tag.code",
        "min": 1
      },
      {
        "id": "QuestionnaireResponse.meta.tag:sdoh",
        "path": "QuestionnaireResponse.meta.tag",
        "sliceName": "sdoh",
        "short": "SDOH Tag",
        "definition": "Tags that a provider may use in their workflow to indicate/categorize that the context of this Questionnaire Response relates to Social Determinants of Health.",
        "min": 0,
        "max": "1",
        "patternCoding": {
          "code": "sdoh",
          "system": "http://hl7.org/fhir/us/core/CodeSystem/us-core-tags"
        },
        "mustSupport": true,
        "binding": {
          "strength": "required",
          "valueSet": "http://hl7.org/fhir/us/core/ValueSet/us-core-tags"
        }
      },
      {
        "id": "QuestionnaireResponse.questionnaire.extension:url",
        "path": "QuestionnaireResponse.questionnaire.extension",
        "sliceName": "url",
        "min": 0,
        "max": "1",
        "type": [
          {
            "code": "Extension",
            "profile": [
              "http://hl7.org/fhir/us/core/StructureDefinition/us-core-extension-questionnaire-uri"
            ]
          }
        ],
        "mustSupport": true
      },
      {
        "id": "QuestionnaireResponse.subject",
        "path": "QuestionnaireResponse.subject",
        "comment": "-",
        "min": 1,
        "type": [
          {
            "code": "Reference",
            "targetProfile": [
              "http://hl7.org/fhir/us/core/StructureDefinition/us-core-patient"
            ]
          }
        ]
      },
      {
        "id": "QuestionnaireResponse.author",
        "path": "QuestionnaireResponse.author",
        "type": [
          {
            "code": "Reference",
            "targetProfile": [
              "http://hl7.org/fhir/us/core/StructureDefinition/us-core-practitioner",
              "http://hl7.org/fhir/us/core/StructureDefinition/us-core-organization",
              "http://hl7.org/fhir/us/core/StructureDefinition/us-core-patient",
              "http://hl7.org/fhir/StructureDefinition/PractitionerRole",
              "http://hl7.org/fhir/StructureDefinition/Device",
              "http://hl7.org/fhir/us/core/StructureDefinition/us-core-relatedperson"
            ]
          }
        ]
      },
      {
        "id": "QuestionnaireResponse.item.answer.value[x]",
        "path": "QuestionnaireResponse.item.answer.value[x]",
        "type": [
          {
            "code": "boolean"
          },
          {
            "code": "date"
          },
          {
            "code": "dateTime"
          },
          {
            "code": "time"
          },
          {
            "code": "decimal",
            "extension": [
              {
                "url": "http://hl7.org/fhir/StructureDefinition/elementdefinition-type-must-support",
                "valueBoolean": true
              }
            ]
          },
          {
            "code": "integer"
          },
          {
            "code": "string",
            "extension": [
              {
                "url": "http://hl7.org/fhir/StructureDefinition/elementdefinition-type-must-support",
                "valueBoolean": true
              }
            ]
          },
          {
            "code": "Coding",
            "extension": [
              {
                "url": "http://hl7.org/fhir/StructureDefinition/elementdefinition-type-must-support",
                "valueBoolean": true
              }
            ]
          },
          {
            "code": "uri"
          },
          {
            "code": "Quantity"
          },
          {
            "code": "Attachment"
          },
          {
            "code": "Reference"
          }
        ]
      }
    ]
  }
}
