{
  "resourceType": "StructureDefinition",
  "id": "pediatric-bmi-for-age",
  "url": "http://hl7.org/fhir/us/core/StructureDefinition/pediatric-bmi-for-age",
  "version": "5.0.1",
  "name": "USCorePediatricBMIforAgeObservationProfile",
  "title": "US Core Pediatric BMI for Age Observation Profile",
  "status": "active",
  "experimental": false,
  "date": "2020-11-18",
  "publisher": "HL7 International - Cross-Group Projects",
  "contact": [
    {
      "name": "HL7 International - Cross-Group Projects",
      "telecom": [
        {
          "system": "url",
          "value": "http://www.hl7.org/Special/committees/cgp"
        },
        {
          "system": "email",
          "value": "cgp@lists.HL7.org"
        }
      ]
    }
  ],
  "description": "To promote interoperability and adoption through common implementation, this profile sets minimum expectations for the Observation resource to record, search, and fetch pediatric body mass index (BMI) percentile per age and sex for youth 2-20 observations in FHIR using a standard LOINC code and UCUM units of measure. It is based on the US Core Vital Signs Profile and identifies the *additional* mandatory core elements, extensions, vocabularies and value sets which **SHALL** be present in the Observation resource when using this profile. It provides the floor for standards development for specific uses cases.",
  "jurisdiction": [
    {
      "coding": [
        {
          "code": "US",
          "system": "urn:iso:std:iso:3166"
        }
      ]
    }
  ],
  "copyright": "Used by permission of HL7 International, all rights reserved Creative Commons License",
  "fhirVersion": "4.0.1",
  "mapping": [
    {
      "identity": "workflow",
      "uri": "http://hl7.org/fhir/workflow",
      "name": "Workflow Pattern"
    },
    {
      "identity": "sct-concept",
      "uri": "http://snomed.info/conceptdomain",
      "name": "SNOMED CT Concept Domain Binding"
    },
    {
      "identity": "v2",
      "uri": "http://hl7.org/v2",
      "name": "HL7 v2 Mapping"
    },
    {
      "identity": "rim",
      "uri": "http://hl7.org/v3",
      "name": "RIM Mapping"
    },
    {
      "identity": "w5",
      "uri": "http://hl7.org/fhir/fivews",
      "name": "FiveWs Pattern Mapping"
    },
    {
      "identity": "sct-attr",
      "uri": "http://snomed.org/attributebinding",
      "name": "SNOMED CT Attribute Binding"
    }
  ],
  "kind": "resource",
  "abstract": false,
  "type": "Observation",
  "baseDefinition": "http://hl7.org/fhir/us/core/StructureDefinition/us-core-vital-signs",
  "derivation": "constraint",
  "differential": {
    "element": [
      {
        "id": "Observation",
        "path": "Observation",
        "short": "US Core Pediatric BMI for Age Observation Profile",
        "mustSupport": false
      },
      {
        "id": "Observation.code",
        "path": "Observation.code",
        "short": "BMI percentile per age and sex for youth 2-20",
        "patternCodeableConcept": {
          "coding": [
            {
              "code": "59576-9",
              "system": "http://loinc.org"
            }
          ]
        }
      },
      {
        "id": "Observation.valueQuantity",
        "path": "Observation.valueQuantity",
        "min": 0,
        "max": "1",
        "type": [
          {
            "code": "Quantity",
            "extension": [
              {
                "url": "http://hl7.org/fhir/StructureDefinition/elementdefinition-type-must-support",
                "valueBoolean": true
              }
            ]
          }
        ],
        "mustSupport": true
      },
      {
        "id": "Observation.valueQuantity.value",
        "path": "Observation.valueQuantity.value",
        "min": 1,
        "mustSupport": true
      },
      {
        "id": "Observation.valueQuantity.unit",
        "path": "Observation.valueQuantity.unit",
        "min": 1,
        "mustSupport": true
      },
      {
        "id": "Observation.valueQuantity.system",
        "path": "Observation.valueQuantity.system",
        "min": 1,
        "fixedUri": "http://unitsofmeasure.org",
        "mustSupport": true
      },
      {
        "id": "Observation.valueQuantity.code",
        "path": "Observation.valueQuantity.code",
        "short": "Coded responses from the common UCUM units for vital signs value set.",
        "min": 1,
        "fixedCode": "%",
        "mustSupport": true
      }
    ]
  }
}
