{
  "resourceType": "StructureDefinition",
  "id": "us-core-practitioner",
  "extension": [
    {
      "url": "http://hl7.org/fhir/StructureDefinition/structuredefinition-category",
      "valueString": "Base.Individuals"
    },
    {
      "url": "http://hl7.org/fhir/StructureDefinition/structuredefinition-security-category",
      "valueCode": "individual"
    }
  ],
  "url": "http://hl7.org/fhir/us/core/StructureDefinition/us-core-practitioner",
  "version": "5.0.1",
  "name": "USCorePractitionerProfile",
  "title": "US Core Practitioner Profile",
  "status": "active",
  "experimental": false,
  "date": "2022-04-20",
  "publisher": "HL7 International - Cross-Group Projects",
  "contact": [
    {
      "name": "HL7 International - Cross-Group Projects",
      "telecom": [
        {
          "system": "url",
          "value": "http://www.hl7.org/Special/committees/cgp"
        },
        {
          "system": "email",
          "value": "cgp@lists.HL7.org"
        }
      ]
    }
  ],
  "description": "This profile sets minimum expectations for the Practitioner resource to record, search, and fetch basic demographics and other administrative information about an individual practitioner to promote interoperability and adoption through common implementation.  It identifies which core elements, extensions, vocabularies and value sets **SHALL** be present in the resource when using this profile.  It provides the floor for standards development for specific uses cases.",
  "jurisdiction": [
    {
      "coding": [
        {
          "code": "US",
          "system": "urn:iso:std:iso:3166"
        }
      ]
    }
  ],
  "copyright": "Used by permission of HL7 International, all rights reserved Creative Commons License",
  "fhirVersion": "4.0.1",
  "mapping": [
    {
      "identity": "v2",
      "uri": "http://hl7.org/v2",
      "name": "HL7 v2 Mapping"
    },
    {
      "identity": "rim",
      "uri": "http://hl7.org/v3",
      "name": "RIM Mapping"
    },
    {
      "identity": "servd",
      "uri": "http://www.omg.org/spec/ServD/1.0/",
      "name": "ServD"
    },
    {
      "identity": "w5",
      "uri": "http://hl7.org/fhir/fivews",
      "name": "FiveWs Pattern Mapping"
    }
  ],
  "kind": "resource",
  "abstract": false,
  "type": "Practitioner",
  "baseDefinition": "http://hl7.org/fhir/StructureDefinition/Practitioner",
  "derivation": "constraint",
  "differential": {
    "element": [
      {
        "id": "Practitioner",
        "path": "Practitioner",
        "definition": "\\-",
        "comment": "\\-",
        "alias": [
          "Provider"
        ],
        "mustSupport": false
      },
      {
        "id": "Practitioner.identifier",
        "path": "Practitioner.identifier",
        "slicing": {
          "discriminator": [
            {
              "type": "pattern",
              "path": "$this"
            }
          ],
          "rules": "open"
        },
        "comment": "NPI must be supported as the identifier system in the US, Tax id is allowed, Local id is allowed in addition to another identifier supplied by a jurisdictional authority such as a practitioner's *Drug Enforcement Administration (DEA)* number.",
        "min": 1,
        "mustSupport": true
      },
      {
        "id": "Practitioner.identifier.system",
        "path": "Practitioner.identifier.system",
        "min": 1,
        "mustSupport": true
      },
      {
        "id": "Practitioner.identifier.value",
        "path": "Practitioner.identifier.value",
        "min": 1,
        "mustSupport": true
      },
      {
        "id": "Practitioner.identifier:NPI",
        "path": "Practitioner.identifier",
        "sliceName": "NPI",
        "min": 0,
        "max": "1",
        "patternIdentifier": {
          "system": "http://hl7.org/fhir/sid/us-npi"
        },
        "mustSupport": true
      },
      {
        "id": "Practitioner.name",
        "path": "Practitioner.name",
        "min": 1,
        "mustSupport": true
      },
      {
        "id": "Practitioner.name.family",
        "path": "Practitioner.name.family",
        "min": 1,
        "mustSupport": true
      },
      {
        "id": "Practitioner.telecom",
        "path": "Practitioner.telecom",
        "mustSupport": true
      },
      {
        "id": "Practitioner.telecom.system",
        "path": "Practitioner.telecom.system",
        "mustSupport": true
      },
      {
        "id": "Practitioner.telecom.value",
        "path": "Practitioner.telecom.value",
        "mustSupport": true
      },
      {
        "id": "Practitioner.address",
        "path": "Practitioner.address",
        "mustSupport": true,
        "mapping": [
          {
            "identity": "servd",
            "map": "n/a"
          }
        ]
      },
      {
        "id": "Practitioner.address.line",
        "path": "Practitioner.address.line",
        "max": "4",
        "mustSupport": true
      },
      {
        "id": "Practitioner.address.city",
        "path": "Practitioner.address.city",
        "mustSupport": true
      },
      {
        "id": "Practitioner.address.state",
        "path": "Practitioner.address.state",
        "mustSupport": true,
        "binding": {
          "strength": "extensible",
          "valueSet": "http://hl7.org/fhir/us/core/ValueSet/us-core-usps-state",
          "description": "Two letter USPS alphabetic codes."
        },
        "mapping": [
          {
            "identity": "servd",
            "map": "./Sites"
          }
        ]
      },
      {
        "id": "Practitioner.address.postalCode",
        "path": "Practitioner.address.postalCode",
        "short": "US Zip Codes",
        "mustSupport": true
      },
      {
        "id": "Practitioner.address.country",
        "path": "Practitioner.address.country",
        "mustSupport": true
      }
    ]
  }
}
