{
  "resourceType": "StructureDefinition",
  "id": "us-core-pulse-oximetry",
  "url": "http://hl7.org/fhir/us/core/StructureDefinition/us-core-pulse-oximetry",
  "version": "5.0.1",
  "name": "USCorePulseOximetryProfile",
  "title": "US Core Pulse Oximetry Profile",
  "status": "active",
  "experimental": false,
  "date": "2022-04-20",
  "publisher": "HL7 International - Cross-Group Projects",
  "contact": [
    {
      "name": "HL7 International - Cross-Group Projects",
      "telecom": [
        {
          "system": "url",
          "value": "http://www.hl7.org/Special/committees/cgp"
        },
        {
          "system": "email",
          "value": "cgp@lists.HL7.org"
        }
      ]
    }
  ],
  "description": "To promote interoperability and adoption through common implementation, this profile sets minimum expectations for the Observation resource to record, search, and fetch pulse oximetry and inspired oxygen observations with a standard LOINC codes and UCUM units of measure. It is based on the US Core Vital Signs Profile and identifies the *additional* mandatory core elements, extensions, vocabularies and value sets which **SHALL** be present in the Observation resource when using this profile. It provides the floor for standards development for specific uses cases.",
  "jurisdiction": [
    {
      "coding": [
        {
          "code": "US",
          "system": "urn:iso:std:iso:3166"
        }
      ]
    }
  ],
  "copyright": "Used by permission of HL7 International, all rights reserved Creative Commons License",
  "fhirVersion": "4.0.1",
  "mapping": [
    {
      "identity": "workflow",
      "uri": "http://hl7.org/fhir/workflow",
      "name": "Workflow Pattern"
    },
    {
      "identity": "sct-concept",
      "uri": "http://snomed.info/conceptdomain",
      "name": "SNOMED CT Concept Domain Binding"
    },
    {
      "identity": "v2",
      "uri": "http://hl7.org/v2",
      "name": "HL7 v2 Mapping"
    },
    {
      "identity": "rim",
      "uri": "http://hl7.org/v3",
      "name": "RIM Mapping"
    },
    {
      "identity": "w5",
      "uri": "http://hl7.org/fhir/fivews",
      "name": "FiveWs Pattern Mapping"
    },
    {
      "identity": "sct-attr",
      "uri": "http://snomed.org/attributebinding",
      "name": "SNOMED CT Attribute Binding"
    }
  ],
  "kind": "resource",
  "abstract": false,
  "type": "Observation",
  "baseDefinition": "http://hl7.org/fhir/us/core/StructureDefinition/us-core-vital-signs",
  "derivation": "constraint",
  "differential": {
    "element": [
      {
        "id": "Observation",
        "path": "Observation",
        "short": "US Core Pulse Oximetry Profile",
        "mustSupport": false
      },
      {
        "id": "Observation.code",
        "path": "Observation.code",
        "short": "Oxygen Saturation by Pulse Oximetry",
        "comment": "The code (59408-5 Oxygen saturation in Arterial blood by Pulse oximetry) is included as an additional observation code to FHIR Core vital Oxygen Saturation code (2708-6 Oxygen saturation in Arterial blood)."
      },
      {
        "id": "Observation.code.coding",
        "path": "Observation.code.coding",
        "slicing": {
          "discriminator": [
            {
              "type": "pattern",
              "path": "$this"
            }
          ],
          "rules": "open"
        },
        "min": 2,
        "mustSupport": true
      },
      {
        "id": "Observation.code.coding:PulseOx",
        "path": "Observation.code.coding",
        "sliceName": "PulseOx",
        "min": 1,
        "max": "1",
        "patternCoding": {
          "code": "59408-5",
          "system": "http://loinc.org"
        },
        "mustSupport": true
      },
      {
        "id": "Observation.code.coding:O2Sat",
        "path": "Observation.code.coding",
        "sliceName": "O2Sat",
        "min": 1,
        "max": "1",
        "patternCoding": {
          "code": "2708-6",
          "system": "http://loinc.org"
        },
        "mustSupport": true
      },
      {
        "id": "Observation.component",
        "path": "Observation.component",
        "slicing": {
          "discriminator": [
            {
              "type": "pattern",
              "path": "code"
            }
          ],
          "rules": "open"
        },
        "short": "Used when reporting flow rates or oxygen concentration.",
        "definition": "Used when reporting flow rates or oxygen concentration."
      },
      {
        "id": "Observation.component:FlowRate",
        "path": "Observation.component",
        "sliceName": "FlowRate",
        "short": "Inhaled oxygen flow rate",
        "min": 0,
        "max": "1",
        "mustSupport": true
      },
      {
        "id": "Observation.component:FlowRate.code",
        "path": "Observation.component.code",
        "patternCodeableConcept": {
          "coding": [
            {
              "code": "3151-8",
              "system": "http://loinc.org"
            }
          ]
        }
      },
      {
        "id": "Observation.component:FlowRate.valueQuantity",
        "path": "Observation.component.valueQuantity",
        "min": 0,
        "max": "1",
        "type": [
          {
            "code": "Quantity",
            "extension": [
              {
                "url": "http://hl7.org/fhir/StructureDefinition/elementdefinition-type-must-support",
                "valueBoolean": true
              }
            ]
          }
        ],
        "mustSupport": true
      },
      {
        "id": "Observation.component:FlowRate.valueQuantity.value",
        "path": "Observation.component.valueQuantity.value",
        "min": 1,
        "mustSupport": true
      },
      {
        "id": "Observation.component:FlowRate.valueQuantity.unit",
        "path": "Observation.component.valueQuantity.unit",
        "min": 1,
        "mustSupport": true
      },
      {
        "id": "Observation.component:FlowRate.valueQuantity.system",
        "path": "Observation.component.valueQuantity.system",
        "min": 1,
        "fixedUri": "http://unitsofmeasure.org",
        "mustSupport": true
      },
      {
        "id": "Observation.component:FlowRate.valueQuantity.code",
        "path": "Observation.component.valueQuantity.code",
        "min": 1,
        "fixedCode": "L/min",
        "mustSupport": true
      },
      {
        "id": "Observation.component:Concentration",
        "path": "Observation.component",
        "sliceName": "Concentration",
        "short": "Inhaled oxygen concentration",
        "min": 0,
        "max": "1",
        "mustSupport": true
      },
      {
        "id": "Observation.component:Concentration.code",
        "path": "Observation.component.code",
        "patternCodeableConcept": {
          "coding": [
            {
              "code": "3150-0",
              "system": "http://loinc.org"
            }
          ]
        }
      },
      {
        "id": "Observation.component:Concentration.valueQuantity",
        "path": "Observation.component.valueQuantity",
        "min": 0,
        "max": "1",
        "type": [
          {
            "code": "Quantity",
            "extension": [
              {
                "url": "http://hl7.org/fhir/StructureDefinition/elementdefinition-type-must-support",
                "valueBoolean": true
              }
            ]
          }
        ],
        "mustSupport": true
      },
      {
        "id": "Observation.component:Concentration.valueQuantity.value",
        "path": "Observation.component.valueQuantity.value",
        "min": 1,
        "mustSupport": true
      },
      {
        "id": "Observation.component:Concentration.valueQuantity.unit",
        "path": "Observation.component.valueQuantity.unit",
        "min": 1,
        "mustSupport": true
      },
      {
        "id": "Observation.component:Concentration.valueQuantity.system",
        "path": "Observation.component.valueQuantity.system",
        "min": 1,
        "fixedUri": "http://unitsofmeasure.org",
        "mustSupport": true
      },
      {
        "id": "Observation.component:Concentration.valueQuantity.code",
        "path": "Observation.component.valueQuantity.code",
        "min": 1,
        "fixedCode": "%",
        "mustSupport": true
      }
    ]
  }
}
