{
  "resourceType": "StructureDefinition",
  "id": "us-core-location",
  "extension": [
    {
      "url": "http://hl7.org/fhir/StructureDefinition/structuredefinition-category",
      "valueString": "Base.Entities"
    },
    {
      "url": "http://hl7.org/fhir/StructureDefinition/structuredefinition-security-category",
      "valueCode": "business"
    }
  ],
  "url": "http://hl7.org/fhir/us/core/StructureDefinition/us-core-location",
  "version": "5.0.1",
  "name": "USCoreLocation",
  "title": "US Core Location Profile",
  "status": "active",
  "experimental": false,
  "date": "2022-04-20",
  "publisher": "HL7 International - Cross-Group Projects",
  "contact": [
    {
      "name": "HL7 International - Cross-Group Projects",
      "telecom": [
        {
          "system": "url",
          "value": "http://www.hl7.org/Special/committees/cgp"
        },
        {
          "system": "email",
          "value": "cgp@lists.HL7.org"
        }
      ]
    }
  ],
  "description": "This profile sets minimum expectations for the Location resource for recording, searching for and fetching a Location associated with a patient, provider or organization to promote interoperability and adoption through common implementation.  It identifies which core elements, extensions, vocabularies and value sets **SHALL** be present in the resource when using this profile.  It provides the floor for standards development for specific uses cases.",
  "jurisdiction": [
    {
      "coding": [
        {
          "code": "US",
          "system": "urn:iso:std:iso:3166"
        }
      ]
    }
  ],
  "copyright": "Used by permission of HL7 International, all rights reserved Creative Commons License",
  "fhirVersion": "4.0.1",
  "mapping": [
    {
      "identity": "rim",
      "uri": "http://hl7.org/v3",
      "name": "RIM Mapping"
    },
    {
      "identity": "w5",
      "uri": "http://hl7.org/fhir/fivews",
      "name": "FiveWs Pattern Mapping"
    },
    {
      "identity": "servd"
    }
  ],
  "kind": "resource",
  "abstract": false,
  "type": "Location",
  "baseDefinition": "http://hl7.org/fhir/StructureDefinition/Location",
  "derivation": "constraint",
  "differential": {
    "element": [
      {
        "id": "Location",
        "path": "Location",
        "definition": "\\-",
        "comment": "\\-",
        "mustSupport": false,
        "mapping": [
          {
            "identity": "servd",
            "map": "Organization"
          }
        ]
      },
      {
        "id": "Location.status",
        "path": "Location.status",
        "mustSupport": true
      },
      {
        "id": "Location.name",
        "path": "Location.name",
        "min": 1,
        "mustSupport": true,
        "mapping": [
          {
            "identity": "servd",
            "map": "./PrimaryAddress and ./OtherAddresses"
          }
        ]
      },
      {
        "id": "Location.telecom",
        "path": "Location.telecom",
        "mustSupport": true
      },
      {
        "id": "Location.address",
        "path": "Location.address",
        "mustSupport": true,
        "mapping": [
          {
            "identity": "servd",
            "map": "n/a"
          }
        ]
      },
      {
        "id": "Location.address.line",
        "path": "Location.address.line",
        "mustSupport": true
      },
      {
        "id": "Location.address.city",
        "path": "Location.address.city",
        "mustSupport": true
      },
      {
        "id": "Location.address.state",
        "path": "Location.address.state",
        "mustSupport": true,
        "binding": {
          "strength": "extensible",
          "valueSet": "http://hl7.org/fhir/us/core/ValueSet/us-core-usps-state",
          "description": "Two letter USPS alphabetic codes."
        },
        "mapping": [
          {
            "identity": "servd",
            "map": "./Sites"
          }
        ]
      },
      {
        "id": "Location.address.postalCode",
        "path": "Location.address.postalCode",
        "short": "US Zip Codes",
        "mustSupport": true
      },
      {
        "id": "Location.managingOrganization",
        "path": "Location.managingOrganization",
        "type": [
          {
            "code": "Reference",
            "targetProfile": [
              "http://hl7.org/fhir/us/core/StructureDefinition/us-core-organization"
            ]
          }
        ],
        "mustSupport": true
      }
    ]
  }
}
