{
  "resourceType": "StructureDefinition",
  "id": "us-core-practitionerrole",
  "extension": [
    {
      "url": "http://hl7.org/fhir/StructureDefinition/structuredefinition-category",
      "valueString": "Base.Individuals"
    },
    {
      "url": "http://hl7.org/fhir/StructureDefinition/structuredefinition-security-category",
      "valueCode": "individual"
    }
  ],
  "url": "http://hl7.org/fhir/us/core/StructureDefinition/us-core-practitionerrole",
  "version": "5.0.1",
  "name": "USCorePractitionerRoleProfile",
  "title": "US Core PractitionerRole Profile",
  "status": "active",
  "experimental": false,
  "date": "2022-04-20",
  "publisher": "HL7 International - Cross-Group Projects",
  "contact": [
    {
      "name": "HL7 International - Cross-Group Projects",
      "telecom": [
        {
          "system": "url",
          "value": "http://www.hl7.org/Special/committees/cgp"
        },
        {
          "system": "email",
          "value": "cgp@lists.HL7.org"
        }
      ]
    }
  ],
  "description": "This profile sets minimum expectations for the PractitionerRole Resource to record, search, and fetch the practitioner role for a practitioner to promote interoperability and adoption through common implementation.  It identifies which core elements, extensions, vocabularies and value sets **SHALL** be present in the resource when using this profile.  It provides the floor for standards development for specific uses cases.  The requirements for the US Core Practitioner were drawn from the [Argonaut Provider Directory](http://www.fhir.org/guides/argonaut/pd//release1/index.html), [IHE Healthcare Provider Directory](http://ihe.net/uploadedFiles/Documents/ITI/IHE_ITI_Suppl_HPD.pdf) and the [ONC Provider Directory Workshop](https://confluence.oncprojectracking.org/display/PDW/Workshop+Documents).",
  "jurisdiction": [
    {
      "coding": [
        {
          "code": "US",
          "system": "urn:iso:std:iso:3166"
        }
      ]
    }
  ],
  "copyright": "Used by permission of HL7 International, all rights reserved Creative Commons License",
  "fhirVersion": "4.0.1",
  "mapping": [
    {
      "identity": "v2",
      "uri": "http://hl7.org/v2",
      "name": "HL7 v2 Mapping"
    },
    {
      "identity": "rim",
      "uri": "http://hl7.org/v3",
      "name": "RIM Mapping"
    },
    {
      "identity": "servd",
      "uri": "http://www.omg.org/spec/ServD/1.0/",
      "name": "ServD"
    },
    {
      "identity": "w5",
      "uri": "http://hl7.org/fhir/fivews",
      "name": "FiveWs Pattern Mapping"
    }
  ],
  "kind": "resource",
  "abstract": false,
  "type": "PractitionerRole",
  "baseDefinition": "http://hl7.org/fhir/StructureDefinition/PractitionerRole",
  "derivation": "constraint",
  "differential": {
    "element": [
      {
        "id": "PractitionerRole",
        "path": "PractitionerRole",
        "definition": "\\-",
        "comment": "\\-",
        "constraint": [
          {
            "key": "pd-1",
            "severity": "error",
            "human": "SHALL have contact information or a reference to an Endpoint",
            "expression": "telecom or endpoint",
            "xpath": "exists(f:telecom) or exists(f:endpoint)",
            "source": "http://hl7.org/fhir/us/core/StructureDefinition/us-core-practitionerrole"
          },
          {
            "key": "us-core-13",
            "severity": "error",
            "human": "SHALL have a practitioner, an organization, a healthcare service, or a location.",
            "expression": "practitioner or organization or healthcareService or location",
            "xpath": "exists(f:practitioner) or exists(f:organization) or exists(f:healthcareService) or exists(f:location)",
            "source": "http://hl7.org/fhir/us/core/StructureDefinition/us-core-practitionerrole"
          }
        ],
        "mustSupport": false
      },
      {
        "id": "PractitionerRole.practitioner",
        "path": "PractitionerRole.practitioner",
        "type": [
          {
            "code": "Reference",
            "targetProfile": [
              "http://hl7.org/fhir/us/core/StructureDefinition/us-core-practitioner"
            ]
          }
        ],
        "condition": [
          "us-core-13"
        ],
        "mustSupport": true
      },
      {
        "id": "PractitionerRole.organization",
        "path": "PractitionerRole.organization",
        "type": [
          {
            "code": "Reference",
            "targetProfile": [
              "http://hl7.org/fhir/us/core/StructureDefinition/us-core-organization"
            ]
          }
        ],
        "condition": [
          "us-core-13"
        ],
        "mustSupport": true
      },
      {
        "id": "PractitionerRole.code",
        "path": "PractitionerRole.code",
        "mustSupport": true,
        "binding": {
          "strength": "extensible",
          "valueSet": "http://hl7.org/fhir/us/core/ValueSet/us-core-provider-role",
          "description": "Provider role codes consisting of NUCC Health Care Provider Taxonomy Code Set for providers."
        }
      },
      {
        "id": "PractitionerRole.specialty",
        "path": "PractitionerRole.specialty",
        "mustSupport": true,
        "binding": {
          "strength": "extensible",
          "valueSet": "http://cts.nlm.nih.gov/fhir/ValueSet/2.16.840.1.114222.4.11.1066"
        }
      },
      {
        "id": "PractitionerRole.location",
        "path": "PractitionerRole.location",
        "condition": [
          "us-core-13"
        ],
        "mustSupport": true
      },
      {
        "id": "PractitionerRole.healthcareService",
        "path": "PractitionerRole.healthcareService",
        "condition": [
          "us-core-13"
        ]
      },
      {
        "id": "PractitionerRole.telecom",
        "path": "PractitionerRole.telecom",
        "condition": [
          "pd-1"
        ],
        "mustSupport": true
      },
      {
        "id": "PractitionerRole.telecom.system",
        "path": "PractitionerRole.telecom.system",
        "min": 1,
        "mustSupport": true
      },
      {
        "id": "PractitionerRole.telecom.value",
        "path": "PractitionerRole.telecom.value",
        "min": 1,
        "mustSupport": true
      },
      {
        "id": "PractitionerRole.endpoint",
        "path": "PractitionerRole.endpoint",
        "condition": [
          "pd-1"
        ],
        "mustSupport": true
      }
    ]
  }
}
