{
  "resourceType": "StructureDefinition",
  "id": "us-core-direct",
  "url": "http://hl7.org/fhir/us/core/StructureDefinition/us-core-direct",
  "version": "5.0.1",
  "name": "USCoreDirectEmailExtension",
  "title": "US Core Direct email Extension",
  "status": "active",
  "date": "2019-05-21",
  "publisher": "HL7 International - Cross-Group Projects",
  "contact": [
    {
      "name": "HL7 International - Cross-Group Projects",
      "telecom": [
        {
          "system": "url",
          "value": "http://www.hl7.org/Special/committees/cgp"
        },
        {
          "system": "email",
          "value": "cgp@lists.HL7.org"
        }
      ]
    }
  ],
  "description": "This email address is associated with a [direct](http://wiki.directproject.org/Addressing+Specification) service.  This extension can only be used on contact points where the system = 'email'",
  "jurisdiction": [
    {
      "coding": [
        {
          "code": "US",
          "system": "urn:iso:std:iso:3166"
        }
      ]
    }
  ],
  "copyright": "Used by permission of HL7 International, all rights reserved Creative Commons License",
  "fhirVersion": "4.0.1",
  "mapping": [
    {
      "identity": "rim",
      "uri": "http://hl7.org/v3",
      "name": "RIM Mapping"
    },
    {
      "identity": "v2"
    }
  ],
  "kind": "complex-type",
  "abstract": false,
  "context": [
    {
      "type": "element",
      "expression": "ContactPoint"
    }
  ],
  "type": "Extension",
  "baseDefinition": "http://hl7.org/fhir/StructureDefinition/Extension",
  "derivation": "constraint",
  "differential": {
    "element": [
      {
        "id": "Extension",
        "path": "Extension",
        "short": "Email is a \"direct\" email",
        "definition": "This email address is associated with a \"direct\" service - e.g. http://wiki.directproject.org/Addressing+Specification. This extension can only be used on contact points where the system = 'email'",
        "comment": "This extension can only be used on contact points where the system = 'email'.",
        "max": "1",
        "mapping": [
          {
            "identity": "rim",
            "map": "No RIM equivalent"
          },
          {
            "identity": "v2",
            "map": "No v2 equivalent"
          }
        ]
      },
      {
        "id": "Extension.extension",
        "path": "Extension.extension",
        "max": "0"
      },
      {
        "id": "Extension.url",
        "path": "Extension.url",
        "fixedUri": "http://hl7.org/fhir/us/core/StructureDefinition/us-core-direct"
      },
      {
        "id": "Extension.value[x]",
        "path": "Extension.value[x]",
        "min": 1,
        "type": [
          {
            "code": "boolean"
          }
        ]
      }
    ]
  }
}
