{
  "resourceType": "StructureDefinition",
  "id": "us-core-genderIdentity",
  "url": "http://hl7.org/fhir/us/core/StructureDefinition/us-core-genderIdentity",
  "version": "5.0.1",
  "name": "USCoreGenderIdentityExtension",
  "title": "US Core Gender Identity Extension",
  "status": "active",
  "date": "2022-01-22",
  "publisher": "HL7 International - Cross-Group Projects",
  "contact": [
    {
      "name": "HL7 International - Cross-Group Projects",
      "telecom": [
        {
          "system": "url",
          "value": "http://www.hl7.org/Special/committees/cgp"
        },
        {
          "system": "email",
          "value": "cgp@lists.HL7.org"
        }
      ]
    }
  ],
  "description": "This extension provides concepts to describe the gender a person identifies as.",
  "jurisdiction": [
    {
      "coding": [
        {
          "code": "US",
          "system": "urn:iso:std:iso:3166"
        }
      ]
    }
  ],
  "purpose": "Complies with USCDI v2",
  "copyright": "Used by permission of HL7 International, all rights reserved Creative Commons License",
  "fhirVersion": "4.0.1",
  "mapping": [
    {
      "identity": "rim",
      "uri": "http://hl7.org/v3",
      "name": "RIM Mapping"
    }
  ],
  "kind": "complex-type",
  "abstract": false,
  "context": [
    {
      "type": "element",
      "expression": "Patient"
    },
    {
      "type": "element",
      "expression": "RelatedPerson"
    },
    {
      "type": "element",
      "expression": "Person"
    },
    {
      "type": "element",
      "expression": "Practitioner"
    }
  ],
  "type": "Extension",
  "baseDefinition": "http://hl7.org/fhir/StructureDefinition/patient-genderIdentity",
  "derivation": "constraint",
  "differential": {
    "element": [
      {
        "id": "Extension.url",
        "path": "Extension.url",
        "fixedUri": "http://hl7.org/fhir/us/core/StructureDefinition/us-core-genderIdentity"
      },
      {
        "id": "Extension.value[x]",
        "path": "Extension.value[x]",
        "binding": {
          "strength": "extensible",
          "valueSet": "http://cts.nlm.nih.gov/fhir/ValueSet/2.16.840.1.113762.1.4.1021.32"
        }
      }
    ]
  }
}
