{
  "resourceType": "StructureDefinition",
  "id": "us-core-birthsex",
  "url": "http://hl7.org/fhir/us/core/StructureDefinition/us-core-birthsex",
  "version": "5.0.1",
  "name": "USCoreBirthSexExtension",
  "title": "US Core Birth Sex Extension",
  "status": "active",
  "date": "2019-05-21",
  "publisher": "HL7 International - Cross-Group Projects",
  "contact": [
    {
      "name": "HL7 International - Cross-Group Projects",
      "telecom": [
        {
          "system": "url",
          "value": "http://www.hl7.org/Special/committees/cgp"
        },
        {
          "system": "email",
          "value": "cgp@lists.HL7.org"
        }
      ]
    }
  ],
  "description": "A code classifying the person's sex assigned at birth  as specified by the [Office of the National Coordinator for Health IT (ONC)](https://www.healthit.gov/newsroom/about-onc). This extension aligns with the C-CDA Birth Sex Observation (LOINC 76689-9).",
  "jurisdiction": [
    {
      "coding": [
        {
          "code": "US",
          "system": "urn:iso:std:iso:3166"
        }
      ]
    }
  ],
  "copyright": "Used by permission of HL7 International, all rights reserved Creative Commons License",
  "fhirVersion": "4.0.1",
  "mapping": [
    {
      "identity": "rim",
      "uri": "http://hl7.org/v3",
      "name": "RIM Mapping"
    },
    {
      "identity": "iso11179"
    }
  ],
  "kind": "complex-type",
  "abstract": false,
  "context": [
    {
      "type": "element",
      "expression": "Patient"
    }
  ],
  "type": "Extension",
  "baseDefinition": "http://hl7.org/fhir/StructureDefinition/Extension",
  "derivation": "constraint",
  "differential": {
    "element": [
      {
        "id": "Extension",
        "path": "Extension",
        "definition": "A code classifying the person's sex assigned at birth  as specified by the [Office of the National Coordinator for Health IT (ONC)](https://www.healthit.gov/newsroom/about-onc).",
        "comment": "The codes required are intended to present birth sex (i.e., the sex recorded on the patient’s birth certificate) and not gender identity or reassigned sex.",
        "max": "1",
        "mapping": [
          {
            "identity": "iso11179",
            "map": ".patient.administrativeGenderCode"
          },
          {
            "identity": "rim",
            "map": "player[classCode=PSN|ANM and determinerCode=INSTANCE]/administrativeGender"
          }
        ]
      },
      {
        "id": "Extension.extension",
        "path": "Extension.extension",
        "max": "0"
      },
      {
        "id": "Extension.url",
        "path": "Extension.url",
        "fixedUri": "http://hl7.org/fhir/us/core/StructureDefinition/us-core-birthsex"
      },
      {
        "id": "Extension.value[x]",
        "path": "Extension.value[x]",
        "min": 1,
        "type": [
          {
            "code": "code"
          }
        ],
        "binding": {
          "strength": "required",
          "valueSet": "http://hl7.org/fhir/us/core/ValueSet/birthsex",
          "description": "Code for sex assigned at birth"
        }
      }
    ]
  }
}
