{
  "resourceType": "StructureDefinition",
  "id": "us-core-encounter",
  "extension": [
    {
      "url": "http://hl7.org/fhir/StructureDefinition/structuredefinition-category",
      "valueString": "Base.Management"
    },
    {
      "url": "http://hl7.org/fhir/StructureDefinition/structuredefinition-security-category",
      "valueCode": "patient"
    }
  ],
  "url": "http://hl7.org/fhir/us/core/StructureDefinition/us-core-encounter",
  "version": "5.0.1",
  "name": "USCoreEncounterProfile",
  "title": "US Core Encounter Profile",
  "status": "active",
  "experimental": false,
  "date": "2022-04-20",
  "publisher": "HL7 International - Cross-Group Projects",
  "contact": [
    {
      "name": "HL7 International - Cross-Group Projects",
      "telecom": [
        {
          "system": "url",
          "value": "http://www.hl7.org/Special/committees/cgp"
        },
        {
          "system": "email",
          "value": "cgp@lists.HL7.org"
        }
      ]
    }
  ],
  "description": "This profile sets minimum expectations for the Encounter resource to record, search, and fetch basic encounter information for an individual patient to promote interoperability and adoption through common implementation.  It identifies which core elements, extensions, vocabularies and value sets **SHALL** be present in the resource when using this profile.  It provides the floor for standards development for specific uses cases.",
  "jurisdiction": [
    {
      "coding": [
        {
          "code": "US",
          "system": "urn:iso:std:iso:3166"
        }
      ]
    }
  ],
  "copyright": "Used by permission of HL7 International, all rights reserved Creative Commons License",
  "fhirVersion": "4.0.1",
  "mapping": [
    {
      "identity": "workflow",
      "uri": "http://hl7.org/fhir/workflow",
      "name": "Workflow Pattern"
    },
    {
      "identity": "rim",
      "uri": "http://hl7.org/v3",
      "name": "RIM Mapping"
    },
    {
      "identity": "w5",
      "uri": "http://hl7.org/fhir/fivews",
      "name": "FiveWs Pattern Mapping"
    },
    {
      "identity": "v2",
      "uri": "http://hl7.org/v2",
      "name": "HL7 v2 Mapping"
    }
  ],
  "kind": "resource",
  "abstract": false,
  "type": "Encounter",
  "baseDefinition": "http://hl7.org/fhir/StructureDefinition/Encounter",
  "derivation": "constraint",
  "differential": {
    "element": [
      {
        "id": "Encounter",
        "path": "Encounter",
        "definition": "\\-",
        "comment": "\\-",
        "mustSupport": false
      },
      {
        "id": "Encounter.identifier",
        "path": "Encounter.identifier",
        "mustSupport": true
      },
      {
        "id": "Encounter.identifier.system",
        "path": "Encounter.identifier.system",
        "min": 1,
        "mustSupport": true
      },
      {
        "id": "Encounter.identifier.value",
        "path": "Encounter.identifier.value",
        "min": 1,
        "mustSupport": true
      },
      {
        "id": "Encounter.status",
        "path": "Encounter.status",
        "mustSupport": true
      },
      {
        "id": "Encounter.class",
        "path": "Encounter.class",
        "mustSupport": true
      },
      {
        "id": "Encounter.type",
        "path": "Encounter.type",
        "min": 1,
        "mustSupport": true,
        "binding": {
          "strength": "extensible",
          "valueSet": "http://hl7.org/fhir/us/core/ValueSet/us-core-encounter-type",
          "description": "Valueset to describe the Encounter Type"
        }
      },
      {
        "id": "Encounter.subject",
        "path": "Encounter.subject",
        "min": 1,
        "type": [
          {
            "code": "Reference",
            "targetProfile": [
              "http://hl7.org/fhir/us/core/StructureDefinition/us-core-patient"
            ]
          }
        ],
        "mustSupport": true
      },
      {
        "id": "Encounter.participant",
        "path": "Encounter.participant",
        "mustSupport": true
      },
      {
        "id": "Encounter.participant.type",
        "path": "Encounter.participant.type",
        "mustSupport": true
      },
      {
        "id": "Encounter.participant.period",
        "path": "Encounter.participant.period",
        "mustSupport": true
      },
      {
        "id": "Encounter.participant.individual",
        "path": "Encounter.participant.individual",
        "type": [
          {
            "code": "Reference",
            "targetProfile": [
              "http://hl7.org/fhir/us/core/StructureDefinition/us-core-practitioner",
              "http://hl7.org/fhir/us/core/StructureDefinition/us-core-practitionerrole",
              "http://hl7.org/fhir/us/core/StructureDefinition/us-core-relatedperson"
            ]
          }
        ],
        "mustSupport": true
      },
      {
        "id": "Encounter.period",
        "path": "Encounter.period",
        "mustSupport": true
      },
      {
        "id": "Encounter.reasonCode",
        "path": "Encounter.reasonCode",
        "mustSupport": true
      },
      {
        "id": "Encounter.reasonReference",
        "path": "Encounter.reasonReference",
        "type": [
          {
            "code": "Reference",
            "targetProfile": [
              "http://hl7.org/fhir/us/core/StructureDefinition/us-core-condition-problems-health-concerns",
              "http://hl7.org/fhir/us/core/StructureDefinition/us-core-condition-encounter-diagnosis",
              "http://hl7.org/fhir/us/core/StructureDefinition/us-core-procedure",
              "http://hl7.org/fhir/StructureDefinition/Observation",
              "http://hl7.org/fhir/StructureDefinition/ImmunizationRecommendation"
            ]
          }
        ],
        "mustSupport": true
      },
      {
        "id": "Encounter.hospitalization",
        "path": "Encounter.hospitalization",
        "mustSupport": true
      },
      {
        "id": "Encounter.hospitalization.dischargeDisposition",
        "path": "Encounter.hospitalization.dischargeDisposition",
        "mustSupport": true,
        "binding": {
          "strength": "preferred",
          "valueSet": "http://hl7.org/fhir/us/core/ValueSet/us-core-discharge-disposition",
          "description": "[National Uniform Billing Committee](http://www.nubc.org/), manual UB-04, UB form locator 17"
        }
      },
      {
        "id": "Encounter.location",
        "path": "Encounter.location",
        "mustSupport": true
      },
      {
        "id": "Encounter.location.location",
        "path": "Encounter.location.location",
        "mustSupport": true
      },
      {
        "id": "Encounter.serviceProvider",
        "path": "Encounter.serviceProvider",
        "type": [
          {
            "code": "Reference",
            "targetProfile": [
              "http://hl7.org/fhir/us/core/StructureDefinition/us-core-organization"
            ]
          }
        ],
        "mustSupport": true
      }
    ]
  }
}
