{
  "resourceType": "StructureDefinition",
  "id": "us-core-servicerequest",
  "extension": [
    {
      "url": "http://hl7.org/fhir/StructureDefinition/structuredefinition-category",
      "valueString": "Clinical.Care Provision"
    },
    {
      "url": "http://hl7.org/fhir/StructureDefinition/structuredefinition-security-category",
      "valueCode": "patient"
    }
  ],
  "url": "http://hl7.org/fhir/us/core/StructureDefinition/us-core-servicerequest",
  "version": "5.0.1",
  "name": "USCoreServiceRequestProfile",
  "title": "US Core ServiceRequest Profile",
  "status": "active",
  "date": "2022-04-20",
  "publisher": "HL7 International - Cross-Group Projects",
  "contact": [
    {
      "name": "HL7 International - Cross-Group Projects",
      "telecom": [
        {
          "system": "url",
          "value": "http://www.hl7.org/Special/committees/cgp"
        },
        {
          "system": "email",
          "value": "cgp@lists.HL7.org"
        }
      ]
    }
  ],
  "description": "This profile sets minimum expectations for recording, searching, and fetching  using the ServiceRequest resource to promote interoperability and adoption through common implementation.  It identifies which core elements, extensions, vocabularies and value sets **SHALL** be present in the resource when using this profile.  It provides the floor for standards development for specific uses cases.",
  "jurisdiction": [
    {
      "coding": [
        {
          "code": "US",
          "system": "urn:iso:std:iso:3166"
        }
      ]
    }
  ],
  "copyright": "Used by permission of HL7 International, all rights reserved Creative Commons License",
  "fhirVersion": "4.0.1",
  "mapping": [
    {
      "identity": "workflow",
      "uri": "http://hl7.org/fhir/workflow",
      "name": "Workflow Pattern"
    },
    {
      "identity": "v2",
      "uri": "http://hl7.org/v2",
      "name": "HL7 v2 Mapping"
    },
    {
      "identity": "rim",
      "uri": "http://hl7.org/v3",
      "name": "RIM Mapping"
    },
    {
      "identity": "w5",
      "uri": "http://hl7.org/fhir/fivews",
      "name": "FiveWs Pattern Mapping"
    },
    {
      "identity": "quick",
      "uri": "http://siframework.org/cqf",
      "name": "Quality Improvement and Clinical Knowledge (QUICK)"
    }
  ],
  "kind": "resource",
  "abstract": false,
  "type": "ServiceRequest",
  "baseDefinition": "http://hl7.org/fhir/StructureDefinition/ServiceRequest",
  "derivation": "constraint",
  "differential": {
    "element": [
      {
        "id": "ServiceRequest",
        "path": "ServiceRequest",
        "definition": "\\-",
        "comment": "\\-",
        "mustSupport": false
      },
      {
        "id": "ServiceRequest.status",
        "path": "ServiceRequest.status",
        "mustSupport": true
      },
      {
        "id": "ServiceRequest.intent",
        "path": "ServiceRequest.intent",
        "mustSupport": true
      },
      {
        "id": "ServiceRequest.category",
        "path": "ServiceRequest.category",
        "slicing": {
          "discriminator": [
            {
              "type": "pattern",
              "path": "$this"
            }
          ],
          "rules": "open"
        },
        "min": 1,
        "mustSupport": true
      },
      {
        "id": "ServiceRequest.category:us-core",
        "path": "ServiceRequest.category",
        "sliceName": "us-core",
        "min": 0,
        "max": "*",
        "mustSupport": true,
        "binding": {
          "strength": "required",
          "valueSet": "http://hl7.org/fhir/us/core/ValueSet/us-core-servicerequest-category"
        }
      },
      {
        "id": "ServiceRequest.code",
        "path": "ServiceRequest.code",
        "min": 1,
        "mustSupport": true,
        "binding": {
          "strength": "extensible",
          "valueSet": "http://hl7.org/fhir/us/core/ValueSet/us-core-procedure-code"
        }
      },
      {
        "id": "ServiceRequest.subject",
        "path": "ServiceRequest.subject",
        "type": [
          {
            "code": "Reference",
            "targetProfile": [
              "http://hl7.org/fhir/us/core/StructureDefinition/us-core-patient"
            ]
          }
        ],
        "mustSupport": true
      },
      {
        "id": "ServiceRequest.occurrence[x]",
        "path": "ServiceRequest.occurrence[x]",
        "type": [
          {
            "code": "dateTime",
            "extension": [
              {
                "url": "http://hl7.org/fhir/StructureDefinition/elementdefinition-type-must-support",
                "valueBoolean": true
              }
            ]
          },
          {
            "code": "Period"
          },
          {
            "code": "Timing"
          }
        ],
        "mustSupport": true
      },
      {
        "id": "ServiceRequest.authoredOn",
        "path": "ServiceRequest.authoredOn",
        "mustSupport": true
      },
      {
        "id": "ServiceRequest.requester",
        "path": "ServiceRequest.requester",
        "type": [
          {
            "code": "Reference",
            "targetProfile": [
              "http://hl7.org/fhir/us/core/StructureDefinition/us-core-practitioner",
              "http://hl7.org/fhir/us/core/StructureDefinition/us-core-organization",
              "http://hl7.org/fhir/us/core/StructureDefinition/us-core-patient",
              "http://hl7.org/fhir/StructureDefinition/PractitionerRole",
              "http://hl7.org/fhir/us/core/StructureDefinition/us-core-relatedperson",
              "http://hl7.org/fhir/StructureDefinition/Device"
            ]
          }
        ],
        "mustSupport": true
      }
    ]
  }
}
