{
  "resourceType": "StructureDefinition",
  "id": "us-core-implantable-device",
  "extension": [
    {
      "url": "http://hl7.org/fhir/StructureDefinition/structuredefinition-category",
      "valueString": "Base.Entities"
    },
    {
      "url": "http://hl7.org/fhir/StructureDefinition/structuredefinition-security-category",
      "valueCode": "business"
    }
  ],
  "url": "http://hl7.org/fhir/us/core/StructureDefinition/us-core-implantable-device",
  "version": "5.0.1",
  "name": "USCoreImplantableDeviceProfile",
  "title": "US Core Implantable Device Profile",
  "status": "active",
  "experimental": false,
  "date": "2022-04-20",
  "publisher": "HL7 International - Cross-Group Projects",
  "contact": [
    {
      "name": "HL7 International - Cross-Group Projects",
      "telecom": [
        {
          "system": "url",
          "value": "http://www.hl7.org/Special/committees/cgp"
        },
        {
          "system": "email",
          "value": "cgp@lists.HL7.org"
        }
      ]
    }
  ],
  "description": "The US Core Implantable Device Profile is based upon the core FHIR Device Resource and meets the U.S. Core Data for Interoperability (USCDI) v2 ‘Unique Device Identifier(s) for a Patient’s Implantable Device(s)’ requirements. To promote interoperability and adoption through common implementation, this profile sets minimum expectations for the Device resource to record, search, and fetch UDI information associated with a patient's implantable device(s). It identifies which core elements, extensions, vocabularies and value sets **SHALL** be present in the resource when using this profile. It provides the floor for standards development for specific uses cases.",
  "jurisdiction": [
    {
      "coding": [
        {
          "code": "US",
          "system": "urn:iso:std:iso:3166"
        }
      ]
    }
  ],
  "copyright": "Used by permission of HL7 International, all rights reserved Creative Commons License",
  "fhirVersion": "4.0.1",
  "mapping": [
    {
      "identity": "rim",
      "uri": "http://hl7.org/v3",
      "name": "RIM Mapping"
    },
    {
      "identity": "w5",
      "uri": "http://hl7.org/fhir/fivews",
      "name": "FiveWs Pattern Mapping"
    },
    {
      "identity": "udi",
      "uri": "http://fda.gov/UDI",
      "name": "UDI Mapping"
    },
    {
      "identity": "argonaut-dq-dstu2"
    }
  ],
  "kind": "resource",
  "abstract": false,
  "type": "Device",
  "baseDefinition": "http://hl7.org/fhir/StructureDefinition/Device",
  "derivation": "constraint",
  "differential": {
    "element": [
      {
        "id": "Device",
        "path": "Device",
        "definition": "\\-",
        "comment": "\\-",
        "mustSupport": false,
        "mapping": [
          {
            "identity": "argonaut-dq-dstu2",
            "map": "Device"
          }
        ]
      },
      {
        "id": "Device.udiCarrier",
        "path": "Device.udiCarrier",
        "comment": "Some devices may not have UDI information (for example. historical data or patient reported data).",
        "max": "1",
        "mustSupport": true,
        "mapping": [
          {
            "identity": "argonaut-dq-dstu2",
            "map": "Device.udi"
          }
        ]
      },
      {
        "id": "Device.udiCarrier.deviceIdentifier",
        "path": "Device.udiCarrier.deviceIdentifier",
        "min": 1,
        "mustSupport": true,
        "mapping": [
          {
            "identity": "argonaut-dq-dstu2",
            "map": "NA (not Supported)"
          }
        ]
      },
      {
        "id": "Device.udiCarrier.carrierHRF",
        "path": "Device.udiCarrier.carrierHRF",
        "alias": [
          "UDI",
          "Barcode String"
        ],
        "mustSupport": true,
        "mapping": [
          {
            "identity": "argonaut-dq-dstu2",
            "map": "Device.udi"
          }
        ]
      },
      {
        "id": "Device.distinctIdentifier",
        "path": "Device.distinctIdentifier",
        "mustSupport": true,
        "mapping": [
          {
            "identity": "argonaut-dq-dstu2",
            "map": "NA (not Supported)"
          }
        ]
      },
      {
        "id": "Device.manufactureDate",
        "path": "Device.manufactureDate",
        "mustSupport": true,
        "mapping": [
          {
            "identity": "argonaut-dq-dstu2",
            "map": "NA (not Supported)"
          }
        ]
      },
      {
        "id": "Device.expirationDate",
        "path": "Device.expirationDate",
        "mustSupport": true,
        "mapping": [
          {
            "identity": "argonaut-dq-dstu2",
            "map": "NA (not Supported)"
          }
        ]
      },
      {
        "id": "Device.lotNumber",
        "path": "Device.lotNumber",
        "mustSupport": true,
        "mapping": [
          {
            "identity": "argonaut-dq-dstu2",
            "map": "NA (not Supported)"
          }
        ]
      },
      {
        "id": "Device.serialNumber",
        "path": "Device.serialNumber",
        "mustSupport": true,
        "mapping": [
          {
            "identity": "argonaut-dq-dstu2",
            "map": "NA (not Supported)"
          }
        ]
      },
      {
        "id": "Device.type",
        "path": "Device.type",
        "min": 1,
        "mustSupport": true,
        "binding": {
          "strength": "extensible",
          "valueSet": "http://hl7.org/fhir/ValueSet/device-kind",
          "description": "Codes to identify medical devices"
        },
        "mapping": [
          {
            "identity": "argonaut-dq-dstu2",
            "map": "Device.type"
          }
        ]
      },
      {
        "id": "Device.patient",
        "path": "Device.patient",
        "min": 1,
        "type": [
          {
            "code": "Reference",
            "targetProfile": [
              "http://hl7.org/fhir/us/core/StructureDefinition/us-core-patient"
            ]
          }
        ],
        "mustSupport": true,
        "mapping": [
          {
            "identity": "argonaut-dq-dstu2",
            "map": "Device.patient"
          }
        ]
      }
    ]
  }
}
