{
  "resourceType": "StructureDefinition",
  "id": "us-core-goal",
  "extension": [
    {
      "url": "http://hl7.org/fhir/StructureDefinition/structuredefinition-category",
      "valueString": "Clinical.Care Provision"
    },
    {
      "url": "http://hl7.org/fhir/StructureDefinition/structuredefinition-security-category",
      "valueCode": "patient"
    }
  ],
  "url": "http://hl7.org/fhir/us/core/StructureDefinition/us-core-goal",
  "version": "5.0.1",
  "name": "USCoreGoalProfile",
  "title": "US Core Goal Profile",
  "status": "active",
  "experimental": false,
  "date": "2022-04-20",
  "publisher": "HL7 International - Cross-Group Projects",
  "contact": [
    {
      "name": "HL7 International - Cross-Group Projects",
      "telecom": [
        {
          "system": "url",
          "value": "http://www.hl7.org/Special/committees/cgp"
        },
        {
          "system": "email",
          "value": "cgp@lists.HL7.org"
        }
      ]
    }
  ],
  "description": "This profile sets minimum expectations for the Goal resource to record, search, and fetch Goal information associated with a patient to promote interoperability and adoption through common implementation.  It identifies which core elements, extensions, vocabularies and value sets **SHALL** be present in the resource when using this profile.  It provides the floor for standards development for specific uses cases",
  "jurisdiction": [
    {
      "coding": [
        {
          "code": "US",
          "system": "urn:iso:std:iso:3166"
        }
      ]
    }
  ],
  "copyright": "Used by permission of HL7 International, all rights reserved Creative Commons License",
  "fhirVersion": "4.0.1",
  "mapping": [
    {
      "identity": "v2",
      "uri": "http://hl7.org/v2",
      "name": "HL7 v2 Mapping"
    },
    {
      "identity": "rim",
      "uri": "http://hl7.org/v3",
      "name": "RIM Mapping"
    },
    {
      "identity": "w5",
      "uri": "http://hl7.org/fhir/fivews",
      "name": "FiveWs Pattern Mapping"
    },
    {
      "identity": "argonaut-dq-dstu2"
    }
  ],
  "kind": "resource",
  "abstract": false,
  "type": "Goal",
  "baseDefinition": "http://hl7.org/fhir/StructureDefinition/Goal",
  "derivation": "constraint",
  "differential": {
    "element": [
      {
        "id": "Goal",
        "path": "Goal",
        "definition": "\\-",
        "comment": "\\-",
        "mustSupport": false,
        "mapping": [
          {
            "identity": "argonaut-dq-dstu2",
            "map": "Goal"
          }
        ]
      },
      {
        "id": "Goal.lifecycleStatus",
        "path": "Goal.lifecycleStatus",
        "mustSupport": true,
        "binding": {
          "strength": "required",
          "valueSet": "http://hl7.org/fhir/ValueSet/goal-status"
        },
        "mapping": [
          {
            "identity": "argonaut-dq-dstu2",
            "map": "Goal.status"
          }
        ]
      },
      {
        "id": "Goal.description",
        "path": "Goal.description",
        "mustSupport": true,
        "binding": {
          "strength": "extensible",
          "valueSet": "http://hl7.org/fhir/us/core/ValueSet/us-core-goal-description",
          "description": "Value set to describe the Goal"
        },
        "mapping": [
          {
            "identity": "argonaut-dq-dstu2",
            "map": "Goal.description"
          }
        ]
      },
      {
        "id": "Goal.subject",
        "path": "Goal.subject",
        "type": [
          {
            "code": "Reference",
            "targetProfile": [
              "http://hl7.org/fhir/us/core/StructureDefinition/us-core-patient"
            ]
          }
        ],
        "mustSupport": true,
        "mapping": [
          {
            "identity": "argonaut-dq-dstu2",
            "map": "Goal.subject"
          }
        ]
      },
      {
        "id": "Goal.target",
        "path": "Goal.target",
        "mustSupport": true
      },
      {
        "id": "Goal.target.due[x]",
        "path": "Goal.target.due[x]",
        "type": [
          {
            "code": "date",
            "extension": [
              {
                "url": "http://hl7.org/fhir/StructureDefinition/elementdefinition-type-must-support",
                "valueBoolean": true
              }
            ]
          },
          {
            "code": "Duration"
          }
        ],
        "mustSupport": true
      }
    ]
  }
}
