{
  "resourceType": "StructureDefinition",
  "id": "us-core-diagnosticreport-note",
  "extension": [
    {
      "url": "http://hl7.org/fhir/StructureDefinition/structuredefinition-category",
      "valueString": "Clinical.Diagnostics"
    },
    {
      "url": "http://hl7.org/fhir/StructureDefinition/structuredefinition-security-category",
      "valueCode": "patient"
    }
  ],
  "url": "http://hl7.org/fhir/us/core/StructureDefinition/us-core-diagnosticreport-note",
  "version": "5.0.1",
  "name": "USCoreDiagnosticReportProfileNoteExchange",
  "title": "US Core DiagnosticReport Profile for Report and Note Exchange",
  "status": "active",
  "date": "2022-04-20",
  "publisher": "HL7 International - Cross-Group Projects",
  "contact": [
    {
      "name": "HL7 International - Cross-Group Projects",
      "telecom": [
        {
          "system": "url",
          "value": "http://www.hl7.org/Special/committees/cgp"
        },
        {
          "system": "email",
          "value": "cgp@lists.HL7.org"
        }
      ]
    }
  ],
  "description": "To promote interoperability and adoption through common implementation, this profile sets minimum expectations for searching and fetching Diagnostic Reports and Notes using the DiagnosticReport resource. This profile identifies the mandatory core elements, extensions, vocabularies and value sets which **SHALL** be present in the DiagnosticReport when using this profile. It provides the floor for standards development for specific uses cases. Prior to reviewing this profile, implementers are encouraged to read the Clinical Notes Guidance to understand the overlap of US Core DiagnosticReport Profile for Report and Note exchange and US Core DocumentReference Profile.",
  "jurisdiction": [
    {
      "coding": [
        {
          "code": "US",
          "system": "urn:iso:std:iso:3166"
        }
      ]
    }
  ],
  "copyright": "Used by permission of HL7 International, all rights reserved Creative Commons License",
  "fhirVersion": "4.0.1",
  "mapping": [
    {
      "identity": "workflow",
      "uri": "http://hl7.org/fhir/workflow",
      "name": "Workflow Pattern"
    },
    {
      "identity": "v2",
      "uri": "http://hl7.org/v2",
      "name": "HL7 v2 Mapping"
    },
    {
      "identity": "rim",
      "uri": "http://hl7.org/v3",
      "name": "RIM Mapping"
    },
    {
      "identity": "w5",
      "uri": "http://hl7.org/fhir/fivews",
      "name": "FiveWs Pattern Mapping"
    }
  ],
  "kind": "resource",
  "abstract": false,
  "type": "DiagnosticReport",
  "baseDefinition": "http://hl7.org/fhir/StructureDefinition/DiagnosticReport",
  "derivation": "constraint",
  "differential": {
    "element": [
      {
        "id": "DiagnosticReport",
        "path": "DiagnosticReport",
        "definition": "\\-",
        "comment": "\\-",
        "alias": [
          "Imaging Report",
          "Radiology Report",
          "Clinical Test Report",
          "Results",
          "Labs",
          "Laboratory"
        ],
        "constraint": [
          {
            "key": "us-core-10",
            "severity": "error",
            "human": "effective[x] SHALL be present if the status is 'partial', 'preliminary', 'final', 'amended', 'corrected' or 'appended'",
            "expression": "(status='partial' or status='preliminary' or status='final' or status='amended' or status='corrected' or status='appended' ) implies effective.exists()",
            "source": "http://hl7.org/fhir/us/core/StructureDefinition/us-core-diagnosticreport-note"
          }
        ],
        "mustSupport": false
      },
      {
        "id": "DiagnosticReport.status",
        "path": "DiagnosticReport.status",
        "condition": [
          "us-core-10"
        ],
        "mustSupport": true,
        "binding": {
          "strength": "required",
          "valueSet": "http://hl7.org/fhir/ValueSet/diagnostic-report-status"
        }
      },
      {
        "id": "DiagnosticReport.category",
        "path": "DiagnosticReport.category",
        "slicing": {
          "discriminator": [
            {
              "type": "pattern",
              "path": "$this"
            }
          ],
          "rules": "open"
        },
        "min": 1,
        "mustSupport": true
      },
      {
        "id": "DiagnosticReport.category:us-core",
        "path": "DiagnosticReport.category",
        "sliceName": "us-core",
        "min": 0,
        "max": "*",
        "mustSupport": true,
        "binding": {
          "strength": "required",
          "valueSet": "http://hl7.org/fhir/us/core/ValueSet/us-core-diagnosticreport-category"
        }
      },
      {
        "id": "DiagnosticReport.code",
        "path": "DiagnosticReport.code",
        "short": "US Core Report Code",
        "definition": "The test, panel, report, or note that was ordered.",
        "comment": "The typical patterns for codes are:  1)  a LOINC code either as a translation from a \"local\" code or as a primary code, or 2)  a local code only if no suitable LOINC exists,  or 3)  both the local and the LOINC translation.   Systems SHALL be capable of sending the local code if one exists.",
        "mustSupport": true,
        "binding": {
          "strength": "extensible",
          "valueSet": "http://hl7.org/fhir/us/core/ValueSet/us-core-diagnosticreport-report-and-note-codes",
          "description": "LOINC codes"
        }
      },
      {
        "id": "DiagnosticReport.subject",
        "path": "DiagnosticReport.subject",
        "min": 1,
        "type": [
          {
            "code": "Reference",
            "targetProfile": [
              "http://hl7.org/fhir/us/core/StructureDefinition/us-core-patient"
            ]
          }
        ],
        "mustSupport": true
      },
      {
        "id": "DiagnosticReport.encounter",
        "path": "DiagnosticReport.encounter",
        "type": [
          {
            "code": "Reference",
            "targetProfile": [
              "http://hl7.org/fhir/us/core/StructureDefinition/us-core-encounter"
            ]
          }
        ],
        "mustSupport": true
      },
      {
        "id": "DiagnosticReport.effective[x]",
        "path": "DiagnosticReport.effective[x]",
        "short": "Diagnostically relevant time (typically the time of the procedure)",
        "type": [
          {
            "code": "dateTime",
            "extension": [
              {
                "url": "http://hl7.org/fhir/StructureDefinition/elementdefinition-type-must-support",
                "valueBoolean": true
              }
            ]
          },
          {
            "code": "Period"
          }
        ],
        "condition": [
          "us-core-10"
        ],
        "mustSupport": true
      },
      {
        "id": "DiagnosticReport.issued",
        "path": "DiagnosticReport.issued",
        "mustSupport": true
      },
      {
        "id": "DiagnosticReport.performer",
        "path": "DiagnosticReport.performer",
        "type": [
          {
            "code": "Reference",
            "targetProfile": [
              "http://hl7.org/fhir/us/core/StructureDefinition/us-core-practitioner",
              "http://hl7.org/fhir/us/core/StructureDefinition/us-core-organization",
              "http://hl7.org/fhir/us/core/StructureDefinition/us-core-practitionerrole",
              "http://hl7.org/fhir/us/core/StructureDefinition/us-core-careteam"
            ]
          }
        ],
        "mustSupport": true
      },
      {
        "id": "DiagnosticReport.result",
        "path": "DiagnosticReport.result",
        "type": [
          {
            "code": "Reference",
            "targetProfile": [
              "http://hl7.org/fhir/us/core/StructureDefinition/us-core-observation-lab",
              "http://hl7.org/fhir/us/core/StructureDefinition/us-core-observation-clinical-test",
              "http://hl7.org/fhir/us/core/StructureDefinition/us-core-observation-imaging"
            ]
          }
        ],
        "mustSupport": true
      },
      {
        "id": "DiagnosticReport.media",
        "path": "DiagnosticReport.media",
        "mustSupport": true
      },
      {
        "id": "DiagnosticReport.media.link",
        "path": "DiagnosticReport.media.link",
        "mustSupport": true
      },
      {
        "id": "DiagnosticReport.presentedForm",
        "path": "DiagnosticReport.presentedForm",
        "mustSupport": true
      }
    ]
  }
}
