{
  "resourceType": "StructureDefinition",
  "id": "us-core-diagnosticreport-lab",
  "extension": [
    {
      "url": "http://hl7.org/fhir/StructureDefinition/structuredefinition-category",
      "valueString": "Clinical.Diagnostics"
    },
    {
      "url": "http://hl7.org/fhir/StructureDefinition/structuredefinition-security-category",
      "valueCode": "patient"
    }
  ],
  "url": "http://hl7.org/fhir/us/core/StructureDefinition/us-core-diagnosticreport-lab",
  "version": "5.0.1",
  "name": "USCoreDiagnosticReportProfileLaboratoryReporting",
  "title": "US Core DiagnosticReport Profile for Laboratory Results Reporting",
  "status": "active",
  "experimental": false,
  "date": "2022-04-20",
  "publisher": "HL7 International - Cross-Group Projects",
  "contact": [
    {
      "name": "HL7 International - Cross-Group Projects",
      "telecom": [
        {
          "system": "url",
          "value": "http://www.hl7.org/Special/committees/cgp"
        },
        {
          "system": "email",
          "value": "cgp@lists.HL7.org"
        }
      ]
    }
  ],
  "description": "Laboratory results are grouped and summarized using the DiagnosticReport resource which typically reference Observation resource(s).  Each Observation resource represents an individual laboratory test and result value or component result values, or a nested panel (such as a microbial susceptibility panel) which references other observations.  They can also be presented in report form or as free text.  This profile sets minimum expectations for the DiagnosticReport resource to record, search, and fetch laboratory results associated with a patient to promote interoperability and adoption through common implementation.  It identifies which core elements, extensions, vocabularies and value sets **SHALL** be present in the resource when using this profile. It provides the floor for standards development for specific uses cases.",
  "jurisdiction": [
    {
      "coding": [
        {
          "code": "US",
          "system": "urn:iso:std:iso:3166"
        }
      ]
    }
  ],
  "copyright": "Used by permission of HL7 International, all rights reserved Creative Commons License",
  "fhirVersion": "4.0.1",
  "mapping": [
    {
      "identity": "workflow",
      "uri": "http://hl7.org/fhir/workflow",
      "name": "Workflow Pattern"
    },
    {
      "identity": "v2",
      "uri": "http://hl7.org/v2",
      "name": "HL7 v2 Mapping"
    },
    {
      "identity": "rim",
      "uri": "http://hl7.org/v3",
      "name": "RIM Mapping"
    },
    {
      "identity": "w5",
      "uri": "http://hl7.org/fhir/fivews",
      "name": "FiveWs Pattern Mapping"
    }
  ],
  "kind": "resource",
  "abstract": false,
  "type": "DiagnosticReport",
  "baseDefinition": "http://hl7.org/fhir/StructureDefinition/DiagnosticReport",
  "derivation": "constraint",
  "differential": {
    "element": [
      {
        "id": "DiagnosticReport",
        "path": "DiagnosticReport",
        "definition": "\\-",
        "comment": "\\-",
        "alias": [
          "Lab Result",
          "Lab Report",
          "Result",
          "Results",
          "Labs",
          "Laboratory"
        ],
        "constraint": [
          {
            "key": "us-core-8",
            "severity": "error",
            "human": "effective[x] SHALL be present if the status is 'partial', 'preliminary', 'final', 'amended', 'corrected' or 'appended'",
            "expression": "(status='partial' or status='preliminary' or status='final' or status='amended' or status='corrected' or status='appended' ) implies effective.exists()",
            "source": "http://hl7.org/fhir/us/core/StructureDefinition/us-core-diagnosticreport-lab"
          },
          {
            "key": "us-core-9",
            "severity": "error",
            "human": "issued SHALL be present if the status is 'partial', 'preliminary', 'final', 'amended', 'corrected' or 'appended'",
            "expression": "(status='partial' or status='preliminary' or status='final' or status='amended' or status='corrected' or status='appended' ) implies issued.exists()",
            "source": "http://hl7.org/fhir/us/core/StructureDefinition/us-core-diagnosticreport-lab"
          }
        ],
        "mustSupport": false
      },
      {
        "id": "DiagnosticReport.status",
        "path": "DiagnosticReport.status",
        "condition": [
          "us-core-8",
          "us-core-9"
        ],
        "mustSupport": true,
        "binding": {
          "strength": "required",
          "valueSet": "http://hl7.org/fhir/ValueSet/diagnostic-report-status"
        }
      },
      {
        "id": "DiagnosticReport.category",
        "path": "DiagnosticReport.category",
        "slicing": {
          "discriminator": [
            {
              "type": "pattern",
              "path": "$this"
            }
          ],
          "rules": "open"
        },
        "min": 1,
        "mustSupport": true
      },
      {
        "id": "DiagnosticReport.category:LaboratorySlice",
        "path": "DiagnosticReport.category",
        "sliceName": "LaboratorySlice",
        "min": 1,
        "max": "1",
        "patternCodeableConcept": {
          "coding": [
            {
              "code": "LAB",
              "system": "http://terminology.hl7.org/CodeSystem/v2-0074"
            }
          ]
        },
        "mustSupport": true
      },
      {
        "id": "DiagnosticReport.code",
        "path": "DiagnosticReport.code",
        "short": "US Core Laboratory Report Order Code",
        "definition": "The test, panel or battery that was ordered.",
        "comment": "UsageNote= The typical patterns for codes are:  1)  a LOINC code either as a  translation from a \"local\" code or as a primary code, or 2)  a local code only if no suitable LOINC exists,  or 3)  both the local and the LOINC translation.   Systems SHALL be capable of sending the local code if one exists.",
        "mustSupport": true,
        "binding": {
          "strength": "extensible",
          "valueSet": "http://hl7.org/fhir/us/core/ValueSet/us-core-diagnosticreport-lab-codes",
          "description": "LOINC codes"
        }
      },
      {
        "id": "DiagnosticReport.subject",
        "path": "DiagnosticReport.subject",
        "min": 1,
        "type": [
          {
            "code": "Reference",
            "targetProfile": [
              "http://hl7.org/fhir/us/core/StructureDefinition/us-core-patient"
            ]
          }
        ],
        "mustSupport": true
      },
      {
        "id": "DiagnosticReport.effective[x]",
        "path": "DiagnosticReport.effective[x]",
        "short": "Diagnostically relevant time (typically the time of specimen collection)",
        "type": [
          {
            "code": "dateTime",
            "extension": [
              {
                "url": "http://hl7.org/fhir/StructureDefinition/elementdefinition-type-must-support",
                "valueBoolean": true
              }
            ]
          },
          {
            "code": "Period"
          }
        ],
        "condition": [
          "us-core-8"
        ],
        "mustSupport": true
      },
      {
        "id": "DiagnosticReport.issued",
        "path": "DiagnosticReport.issued",
        "short": "When the report was released",
        "condition": [
          "us-core-9"
        ],
        "mustSupport": true
      },
      {
        "id": "DiagnosticReport.performer",
        "path": "DiagnosticReport.performer",
        "type": [
          {
            "code": "Reference",
            "targetProfile": [
              "http://hl7.org/fhir/us/core/StructureDefinition/us-core-practitioner",
              "http://hl7.org/fhir/us/core/StructureDefinition/us-core-organization",
              "http://hl7.org/fhir/us/core/StructureDefinition/us-core-careteam",
              "http://hl7.org/fhir/us/core/StructureDefinition/us-core-practitionerrole"
            ]
          }
        ],
        "mustSupport": true
      },
      {
        "id": "DiagnosticReport.result",
        "path": "DiagnosticReport.result",
        "type": [
          {
            "code": "Reference",
            "targetProfile": [
              "http://hl7.org/fhir/us/core/StructureDefinition/us-core-observation-lab"
            ]
          }
        ],
        "mustSupport": true
      }
    ]
  }
}
