{
  "resourceType": "StructureDefinition",
  "id": "us-core-medicationrequest",
  "extension": [
    {
      "url": "http://hl7.org/fhir/StructureDefinition/structuredefinition-category",
      "valueString": "Clinical.Medications"
    },
    {
      "url": "http://hl7.org/fhir/StructureDefinition/structuredefinition-security-category",
      "valueCode": "patient"
    }
  ],
  "url": "http://hl7.org/fhir/us/core/StructureDefinition/us-core-medicationrequest",
  "version": "5.0.1",
  "name": "USCoreMedicationRequestProfile",
  "title": "US Core MedicationRequest Profile",
  "status": "active",
  "experimental": false,
  "date": "2020-06-26",
  "publisher": "HL7 International - Cross-Group Projects",
  "contact": [
    {
      "name": "HL7 International - Cross-Group Projects",
      "telecom": [
        {
          "system": "url",
          "value": "http://www.hl7.org/Special/committees/cgp"
        },
        {
          "system": "email",
          "value": "cgp@lists.HL7.org"
        }
      ]
    }
  ],
  "description": "The US Core Medication Request Profile is based upon the core FHIR MedicationRequest Resource and meets the U.S. Core Data for Interoperability (USCDI) v2 'Medications' requirements. The MedicationRequest resource can be used to record a patient’s medication prescription or order.  This profile sets minimum expectations for the MedicationRequest resource to record, search, and fetch a patient's medication to promote interoperability and adoption through common implementation.  It identifies which core elements, extensions, vocabularies and value sets **SHALL** be present in the resource when using this profile.  It provides the floor for standards development for specific uses cases.",
  "jurisdiction": [
    {
      "coding": [
        {
          "code": "US",
          "system": "urn:iso:std:iso:3166"
        }
      ]
    }
  ],
  "copyright": "Used by permission of HL7 International, all rights reserved Creative Commons License",
  "fhirVersion": "4.0.1",
  "mapping": [
    {
      "identity": "workflow",
      "uri": "http://hl7.org/fhir/workflow",
      "name": "Workflow Pattern"
    },
    {
      "identity": "script10.6",
      "uri": "http://ncpdp.org/SCRIPT10_6",
      "name": "Mapping to NCPDP SCRIPT 10.6"
    },
    {
      "identity": "rim",
      "uri": "http://hl7.org/v3",
      "name": "RIM Mapping"
    },
    {
      "identity": "w5",
      "uri": "http://hl7.org/fhir/fivews",
      "name": "FiveWs Pattern Mapping"
    },
    {
      "identity": "v2",
      "uri": "http://hl7.org/v2",
      "name": "HL7 v2 Mapping"
    },
    {
      "identity": "argonaut-dq-dstu2"
    }
  ],
  "kind": "resource",
  "abstract": false,
  "type": "MedicationRequest",
  "baseDefinition": "http://hl7.org/fhir/StructureDefinition/MedicationRequest",
  "derivation": "constraint",
  "differential": {
    "element": [
      {
        "id": "MedicationRequest",
        "path": "MedicationRequest",
        "definition": "\\-",
        "comment": "\\-",
        "mustSupport": false,
        "mapping": [
          {
            "identity": "argonaut-dq-dstu2",
            "map": "MedicationOrder"
          }
        ]
      },
      {
        "id": "MedicationRequest.status",
        "path": "MedicationRequest.status",
        "mustSupport": true,
        "binding": {
          "strength": "required",
          "valueSet": "http://hl7.org/fhir/ValueSet/medicationrequest-status",
          "description": "A code specifying the state of the prescribing event. Describes the lifecycle of the prescription."
        },
        "mapping": [
          {
            "identity": "argonaut-dq-dstu2",
            "map": "MedicationOrder.status"
          }
        ]
      },
      {
        "id": "MedicationRequest.intent",
        "path": "MedicationRequest.intent",
        "mustSupport": true,
        "binding": {
          "strength": "required",
          "valueSet": "http://hl7.org/fhir/ValueSet/medicationrequest-intent",
          "description": "The kind of medication order."
        },
        "mapping": [
          {
            "identity": "argonaut-dq-dstu2",
            "map": "MedicationOrder.status"
          }
        ]
      },
      {
        "id": "MedicationRequest.category",
        "path": "MedicationRequest.category",
        "slicing": {
          "discriminator": [
            {
              "type": "pattern",
              "path": "$this"
            }
          ],
          "rules": "open"
        },
        "mustSupport": true
      },
      {
        "id": "MedicationRequest.category:us-core",
        "path": "MedicationRequest.category",
        "sliceName": "us-core",
        "min": 0,
        "max": "*",
        "mustSupport": true,
        "binding": {
          "strength": "required",
          "valueSet": "http://hl7.org/fhir/ValueSet/medicationrequest-category",
          "description": "The type of medication order."
        }
      },
      {
        "id": "MedicationRequest.reported[x]",
        "path": "MedicationRequest.reported[x]",
        "type": [
          {
            "code": "boolean",
            "extension": [
              {
                "url": "http://hl7.org/fhir/StructureDefinition/elementdefinition-type-must-support",
                "valueBoolean": true
              }
            ]
          },
          {
            "code": "Reference",
            "targetProfile": [
              "http://hl7.org/fhir/us/core/StructureDefinition/us-core-practitioner",
              "http://hl7.org/fhir/us/core/StructureDefinition/us-core-organization",
              "http://hl7.org/fhir/us/core/StructureDefinition/us-core-patient",
              "http://hl7.org/fhir/us/core/StructureDefinition/us-core-practitionerrole",
              "http://hl7.org/fhir/us/core/StructureDefinition/us-core-relatedperson"
            ],
            "extension": [
              {
                "url": "http://hl7.org/fhir/StructureDefinition/elementdefinition-type-must-support",
                "valueBoolean": true
              }
            ]
          }
        ],
        "mustSupport": true,
        "mapping": [
          {
            "identity": "argonaut-dq-dstu2",
            "map": "MedicationOrder.status"
          }
        ]
      },
      {
        "id": "MedicationRequest.medication[x]",
        "path": "MedicationRequest.medication[x]",
        "type": [
          {
            "code": "CodeableConcept"
          },
          {
            "code": "Reference",
            "targetProfile": [
              "http://hl7.org/fhir/us/core/StructureDefinition/us-core-medication"
            ]
          }
        ],
        "mustSupport": true,
        "binding": {
          "strength": "extensible",
          "valueSet": "http://cts.nlm.nih.gov/fhir/ValueSet/2.16.840.1.113762.1.4.1010.4"
        },
        "mapping": [
          {
            "identity": "argonaut-dq-dstu2",
            "map": "MedicationOrder.medication[x]"
          }
        ]
      },
      {
        "id": "MedicationRequest.subject",
        "path": "MedicationRequest.subject",
        "type": [
          {
            "code": "Reference",
            "targetProfile": [
              "http://hl7.org/fhir/us/core/StructureDefinition/us-core-patient"
            ]
          }
        ],
        "mustSupport": true,
        "mapping": [
          {
            "identity": "argonaut-dq-dstu2",
            "map": "MedicationOrder.patient"
          }
        ]
      },
      {
        "id": "MedicationRequest.encounter",
        "path": "MedicationRequest.encounter",
        "type": [
          {
            "code": "Reference",
            "targetProfile": [
              "http://hl7.org/fhir/us/core/StructureDefinition/us-core-encounter"
            ]
          }
        ],
        "mustSupport": true,
        "mapping": [
          {
            "identity": "argonaut-dq-dstu2",
            "map": "NA"
          }
        ]
      },
      {
        "id": "MedicationRequest.authoredOn",
        "path": "MedicationRequest.authoredOn",
        "mustSupport": true,
        "mapping": [
          {
            "identity": "argonaut-dq-dstu2",
            "map": "MedicationOrder.dateWritten"
          }
        ]
      },
      {
        "id": "MedicationRequest.requester",
        "path": "MedicationRequest.requester",
        "min": 1,
        "type": [
          {
            "code": "Reference",
            "targetProfile": [
              "http://hl7.org/fhir/us/core/StructureDefinition/us-core-practitioner",
              "http://hl7.org/fhir/us/core/StructureDefinition/us-core-patient",
              "http://hl7.org/fhir/us/core/StructureDefinition/us-core-organization",
              "http://hl7.org/fhir/us/core/StructureDefinition/us-core-practitionerrole",
              "http://hl7.org/fhir/us/core/StructureDefinition/us-core-relatedperson",
              "http://hl7.org/fhir/StructureDefinition/Device"
            ]
          }
        ],
        "mustSupport": true,
        "mapping": [
          {
            "identity": "argonaut-dq-dstu2",
            "map": "MedicationOrder.prescriber"
          }
        ]
      },
      {
        "id": "MedicationRequest.dosageInstruction",
        "path": "MedicationRequest.dosageInstruction",
        "mustSupport": true
      },
      {
        "id": "MedicationRequest.dosageInstruction.text",
        "path": "MedicationRequest.dosageInstruction.text",
        "mustSupport": true
      }
    ]
  }
}
