{
  "resourceType": "StructureDefinition",
  "id": "us-core-extension-questionnaire-uri",
  "url": "http://hl7.org/fhir/us/core/StructureDefinition/us-core-extension-questionnaire-uri",
  "version": "5.0.1",
  "name": "USCoreExtensionQuestionnaireUri",
  "title": "US Core Extension Questionnaire URI",
  "status": "active",
  "experimental": false,
  "date": "2022-03-28",
  "publisher": "HL7 International - Cross-Group Projects",
  "contact": [
    {
      "name": "HL7 International - Cross-Group Projects",
      "telecom": [
        {
          "system": "url",
          "value": "http://www.hl7.org/Special/committees/cgp"
        },
        {
          "system": "email",
          "value": "cgp@lists.HL7.org"
        }
      ]
    }
  ],
  "description": "The location where a non-FHIR questionnaire/survey form can be found. This extension is used when the survey,form, or questionnaire which is being anwered is not a FHIR [Questionnaire](https://www.hl7.org/fhir/questionnaire.html), otherwise the [canonical url](https://www.hl7.org/fhir/references.html#canonical) for the FHIR Questionnaire is used.",
  "jurisdiction": [
    {
      "coding": [
        {
          "code": "US",
          "system": "urn:iso:std:iso:3166"
        }
      ]
    }
  ],
  "copyright": "Used by permission of HL7 International, all rights reserved Creative Commons License",
  "fhirVersion": "4.0.1",
  "mapping": [
    {
      "identity": "rim",
      "uri": "http://hl7.org/v3",
      "name": "RIM Mapping"
    }
  ],
  "kind": "complex-type",
  "abstract": false,
  "context": [
    {
      "type": "element",
      "expression": "QuestionnaireResponse.questionnaire"
    }
  ],
  "type": "Extension",
  "baseDefinition": "http://hl7.org/fhir/StructureDefinition/Extension",
  "derivation": "constraint",
  "differential": {
    "element": [
      {
        "id": "Extension",
        "path": "Extension",
        "short": "The location where a non-FHIR questionnaire/survey form can be found.",
        "definition": "This extension is used when the survey,form, or questionnaire which is being anwered is not a FHIR [Questionnaire](https://www.hl7.org/fhir/questionnaire.html), otherwise the [canonical url](https://www.hl7.org/fhir/questionnaire.html#canonical) for the FHIR Questionnaire is used.",
        "max": "1"
      },
      {
        "id": "Extension.extension",
        "path": "Extension.extension",
        "max": "0"
      },
      {
        "id": "Extension.url",
        "path": "Extension.url",
        "fixedUri": "http://hl7.org/fhir/us/core/StructureDefinition/us-core-extension-questionnaire-uri"
      },
      {
        "id": "Extension.value[x]",
        "path": "Extension.value[x]",
        "type": [
          {
            "code": "uri"
          }
        ]
      }
    ]
  }
}
