{
  "resourceType": "StructureDefinition",
  "id": "us-core-patient",
  "extension": [
    {
      "url": "http://hl7.org/fhir/StructureDefinition/structuredefinition-category",
      "valueString": "Base.Individuals"
    },
    {
      "url": "http://hl7.org/fhir/StructureDefinition/structuredefinition-security-category",
      "valueCode": "patient"
    }
  ],
  "url": "http://hl7.org/fhir/us/core/StructureDefinition/us-core-patient",
  "version": "5.0.1",
  "name": "USCorePatientProfile",
  "title": "US Core Patient Profile",
  "status": "active",
  "experimental": false,
  "date": "2022-04-20T15:02:49-07:00",
  "publisher": "HL7 International - Cross-Group Projects",
  "contact": [
    {
      "name": "HL7 International - Cross-Group Projects",
      "telecom": [
        {
          "system": "url",
          "value": "http://www.hl7.org/Special/committees/cgp"
        },
        {
          "system": "email",
          "value": "cgp@lists.HL7.org"
        }
      ]
    }
  ],
  "description": "The US Core Patient Profile meets the U.S. Core Data for Interoperability (USCDI) v2 'Patient Demographics' requirements. This profile sets minimum expectations for the Patient resource to record, search, and fetch basic demographics and other administrative information about an individual patient. It identifies which core elements, extensions, vocabularies and value sets **SHALL** be present in the resource when using this profile to promote interoperability and adoption through common implementation.  It identifies which core elements, extensions, vocabularies and value sets **SHALL** be present in the resource when using this profile.  It provides the floor for standards development for specific uses cases.",
  "jurisdiction": [
    {
      "coding": [
        {
          "code": "US",
          "system": "urn:iso:std:iso:3166"
        }
      ]
    }
  ],
  "copyright": "Used by permission of HL7 International, all rights reserved Creative Commons License",
  "fhirVersion": "4.0.1",
  "mapping": [
    {
      "identity": "rim",
      "uri": "http://hl7.org/v3",
      "name": "RIM Mapping"
    },
    {
      "identity": "cda",
      "uri": "http://hl7.org/v3/cda",
      "name": "CDA (R2)"
    },
    {
      "identity": "w5",
      "uri": "http://hl7.org/fhir/fivews",
      "name": "FiveWs Pattern Mapping"
    },
    {
      "identity": "v2",
      "uri": "http://hl7.org/v2",
      "name": "HL7 v2 Mapping"
    },
    {
      "identity": "loinc",
      "uri": "http://loinc.org",
      "name": "LOINC code for the element"
    },
    {
      "identity": "argonaut-dq-dstu2"
    }
  ],
  "kind": "resource",
  "abstract": false,
  "type": "Patient",
  "baseDefinition": "http://hl7.org/fhir/StructureDefinition/Patient",
  "derivation": "constraint",
  "differential": {
    "element": [
      {
        "id": "Patient",
        "path": "Patient",
        "definition": "\\-",
        "comment": "\\-",
        "constraint": [
          {
            "key": "us-core-6",
            "severity": "error",
            "human": "Either Patient.name.given and/or Patient.name.family SHALL be present or a Data Absent Reason Extension SHALL be present.",
            "expression": "(name.family.exists() or name.given.exists()) xor extension.where(url='http://hl7.org/fhir/StructureDefinition/data-absent-reason').exists()",
            "xpath": "(/f:name/f:extension/@url='http://hl7.org/fhir/StructureDefinition/data-absent-reason' and not(/f:name/f:family or /f:name/f:given)) or (not(/f:name/f:extension/@url='http://hl7.org/fhir/StructureDefinition/data-absent-reason') and (/f:name/f:family or /f:name/f:given))"
          }
        ],
        "mustSupport": false,
        "mapping": [
          {
            "identity": "argonaut-dq-dstu2",
            "map": "Patient"
          }
        ]
      },
      {
        "id": "Patient.extension",
        "path": "Patient.extension",
        "slicing": {
          "discriminator": [
            {
              "type": "value",
              "path": "url"
            }
          ],
          "ordered": false,
          "rules": "open"
        }
      },
      {
        "id": "Patient.extension:race",
        "path": "Patient.extension",
        "sliceName": "race",
        "min": 0,
        "max": "1",
        "type": [
          {
            "code": "Extension",
            "profile": [
              "http://hl7.org/fhir/us/core/StructureDefinition/us-core-race"
            ]
          }
        ],
        "mustSupport": false,
        "mapping": [
          {
            "identity": "argonaut-dq-dstu2",
            "map": "Patient.extension"
          }
        ]
      },
      {
        "id": "Patient.extension:ethnicity",
        "path": "Patient.extension",
        "sliceName": "ethnicity",
        "min": 0,
        "max": "1",
        "type": [
          {
            "code": "Extension",
            "profile": [
              "http://hl7.org/fhir/us/core/StructureDefinition/us-core-ethnicity"
            ]
          }
        ],
        "mustSupport": false,
        "mapping": [
          {
            "identity": "argonaut-dq-dstu2",
            "map": "Patient.extension"
          }
        ]
      },
      {
        "id": "Patient.extension:birthsex",
        "path": "Patient.extension",
        "sliceName": "birthsex",
        "min": 0,
        "max": "1",
        "type": [
          {
            "code": "Extension",
            "profile": [
              "http://hl7.org/fhir/us/core/StructureDefinition/us-core-birthsex"
            ]
          }
        ],
        "mustSupport": false,
        "mapping": [
          {
            "identity": "argonaut-dq-dstu2",
            "map": "Patient.extension"
          }
        ]
      },
      {
        "id": "Patient.extension:genderIdentity",
        "path": "Patient.extension",
        "sliceName": "genderIdentity",
        "min": 0,
        "max": "1",
        "type": [
          {
            "code": "Extension",
            "profile": [
              "http://hl7.org/fhir/us/core/StructureDefinition/us-core-genderIdentity"
            ]
          }
        ],
        "mustSupport": false,
        "mapping": [
          {
            "identity": "argonaut-dq-dstu2",
            "map": "Patient.extension"
          }
        ]
      },
      {
        "id": "Patient.identifier",
        "path": "Patient.identifier",
        "min": 1,
        "mustSupport": true,
        "mapping": [
          {
            "identity": "argonaut-dq-dstu2",
            "map": "Patient.identifier"
          }
        ]
      },
      {
        "id": "Patient.identifier.system",
        "path": "Patient.identifier.system",
        "min": 1,
        "mustSupport": true,
        "mapping": [
          {
            "identity": "argonaut-dq-dstu2",
            "map": "Patient.identifier.system"
          }
        ]
      },
      {
        "id": "Patient.identifier.value",
        "path": "Patient.identifier.value",
        "short": "The value that is unique within the system.",
        "min": 1,
        "mustSupport": true,
        "mapping": [
          {
            "identity": "argonaut-dq-dstu2",
            "map": "Patient.identifier.value"
          }
        ]
      },
      {
        "id": "Patient.name",
        "path": "Patient.name",
        "min": 1,
        "mustSupport": true,
        "mapping": [
          {
            "identity": "argonaut-dq-dstu2",
            "map": "Patient.name"
          }
        ]
      },
      {
        "id": "Patient.name.family",
        "path": "Patient.name.family",
        "condition": [
          "us-core-6"
        ],
        "mustSupport": true,
        "mapping": [
          {
            "identity": "argonaut-dq-dstu2",
            "map": "Patient.name.family"
          }
        ]
      },
      {
        "id": "Patient.name.given",
        "path": "Patient.name.given",
        "condition": [
          "us-core-6"
        ],
        "mustSupport": true,
        "mapping": [
          {
            "identity": "argonaut-dq-dstu2",
            "map": "Patient.name.given"
          }
        ]
      },
      {
        "id": "Patient.name.suffix",
        "path": "Patient.name.suffix",
        "mustSupport": false,
        "mapping": [
          {
            "identity": "argonaut-dq-dstu2",
            "map": "NA"
          }
        ]
      },
      {
        "id": "Patient.name.period",
        "path": "Patient.name.period",
        "mustSupport": false,
        "mapping": [
          {
            "identity": "argonaut-dq-dstu2",
            "map": "NA"
          }
        ]
      },
      {
        "id": "Patient.telecom",
        "path": "Patient.telecom",
        "mustSupport": false,
        "mapping": [
          {
            "identity": "argonaut-dq-dstu2",
            "map": "NA"
          }
        ]
      },
      {
        "id": "Patient.telecom.system",
        "path": "Patient.telecom.system",
        "min": 1,
        "mustSupport": true,
        "binding": {
          "strength": "required",
          "valueSet": "http://hl7.org/fhir/ValueSet/contact-point-system",
          "description": "Telecommunications form for contact point."
        },
        "mapping": [
          {
            "identity": "argonaut-dq-dstu2",
            "map": "NA"
          }
        ]
      },
      {
        "id": "Patient.telecom.value",
        "path": "Patient.telecom.value",
        "min": 1,
        "mustSupport": true,
        "mapping": [
          {
            "identity": "argonaut-dq-dstu2",
            "map": "NA"
          }
        ]
      },
      {
        "id": "Patient.telecom.use",
        "path": "Patient.telecom.use",
        "mustSupport": true,
        "binding": {
          "strength": "required",
          "valueSet": "http://hl7.org/fhir/ValueSet/contact-point-use"
        },
        "mapping": [
          {
            "identity": "argonaut-dq-dstu2",
            "map": "NA"
          }
        ]
      },
      {
        "id": "Patient.gender",
        "path": "Patient.gender",
        "min": 1,
        "mustSupport": true,
        "binding": {
          "strength": "required",
          "valueSet": "http://hl7.org/fhir/ValueSet/administrative-gender"
        },
        "mapping": [
          {
            "identity": "argonaut-dq-dstu2",
            "map": "Patient.gender"
          }
        ]
      },
      {
        "id": "Patient.birthDate",
        "path": "Patient.birthDate",
        "mustSupport": true,
        "mapping": [
          {
            "identity": "argonaut-dq-dstu2",
            "map": "Patient.birthDate"
          }
        ]
      },
      {
        "id": "Patient.address",
        "path": "Patient.address",
        "mustSupport": true,
        "mapping": [
          {
            "identity": "argonaut-dq-dstu2",
            "map": "Patient.birthDate"
          }
        ]
      },
      {
        "id": "Patient.address.line",
        "path": "Patient.address.line",
        "mustSupport": true,
        "mapping": [
          {
            "identity": "argonaut-dq-dstu2",
            "map": "NA"
          }
        ]
      },
      {
        "id": "Patient.address.city",
        "path": "Patient.address.city",
        "mustSupport": true,
        "mapping": [
          {
            "identity": "argonaut-dq-dstu2",
            "map": "NA"
          }
        ]
      },
      {
        "id": "Patient.address.state",
        "path": "Patient.address.state",
        "mustSupport": true,
        "binding": {
          "strength": "extensible",
          "valueSet": "http://hl7.org/fhir/us/core/ValueSet/us-core-usps-state",
          "description": "Two Letter USPS alphabetic codes."
        },
        "mapping": [
          {
            "identity": "argonaut-dq-dstu2",
            "map": "NA"
          }
        ]
      },
      {
        "id": "Patient.address.postalCode",
        "path": "Patient.address.postalCode",
        "short": "US Zip Codes",
        "alias": [
          "Zip Code"
        ],
        "mustSupport": true,
        "mapping": [
          {
            "identity": "argonaut-dq-dstu2",
            "map": "NA"
          }
        ]
      },
      {
        "id": "Patient.address.period",
        "path": "Patient.address.period",
        "mustSupport": true,
        "mapping": [
          {
            "identity": "argonaut-dq-dstu2",
            "map": "NA"
          }
        ]
      },
      {
        "id": "Patient.communication",
        "path": "Patient.communication",
        "mustSupport": false,
        "mapping": [
          {
            "identity": "argonaut-dq-dstu2",
            "map": "Patient.communication"
          }
        ]
      },
      {
        "id": "Patient.communication.language",
        "path": "Patient.communication.language",
        "mustSupport": true,
        "binding": {
          "strength": "extensible",
          "valueSet": "http://hl7.org/fhir/us/core/ValueSet/simple-language"
        },
        "mapping": [
          {
            "identity": "argonaut-dq-dstu2",
            "map": "Patient.communication.language"
          }
        ]
      }
    ]
  }
}
