{
  "resourceType": "StructureDefinition",
  "id": "us-core-blood-pressure",
  "url": "http://hl7.org/fhir/us/core/StructureDefinition/us-core-blood-pressure",
  "version": "5.0.1",
  "name": "USCoreBloodPressureProfile",
  "title": "US Core Blood Pressure Profile",
  "status": "active",
  "experimental": false,
  "date": "2022-04-20",
  "publisher": "HL7 International - Cross-Group Projects",
  "contact": [
    {
      "name": "HL7 International - Cross-Group Projects",
      "telecom": [
        {
          "system": "url",
          "value": "http://www.hl7.org/Special/committees/cgp"
        },
        {
          "system": "email",
          "value": "cgp@lists.HL7.org"
        }
      ]
    }
  ],
  "description": "To promote interoperability and adoption through common implementation, this profile sets minimum expectations for the Observation resource to record, search, and fetch diastolic and systolic blood pressure observations with standard LOINC codes and UCUM units of measure. It is based on the US Core Vital Signs Profile and identifies the *additional* mandatory core elements, extensions, vocabularies and value sets which **SHALL** be present in the Observation resource when using this profile. It provides the floor for standards development for specific uses cases.",
  "jurisdiction": [
    {
      "coding": [
        {
          "code": "US",
          "system": "urn:iso:std:iso:3166"
        }
      ]
    }
  ],
  "copyright": "Used by permission of HL7 International, all rights reserved Creative Commons License",
  "fhirVersion": "4.0.1",
  "mapping": [
    {
      "identity": "workflow",
      "uri": "http://hl7.org/fhir/workflow",
      "name": "Workflow Pattern"
    },
    {
      "identity": "sct-concept",
      "uri": "http://snomed.info/conceptdomain",
      "name": "SNOMED CT Concept Domain Binding"
    },
    {
      "identity": "v2",
      "uri": "http://hl7.org/v2",
      "name": "HL7 v2 Mapping"
    },
    {
      "identity": "rim",
      "uri": "http://hl7.org/v3",
      "name": "RIM Mapping"
    },
    {
      "identity": "w5",
      "uri": "http://hl7.org/fhir/fivews",
      "name": "FiveWs Pattern Mapping"
    },
    {
      "identity": "sct-attr",
      "uri": "http://snomed.org/attributebinding",
      "name": "SNOMED CT Attribute Binding"
    }
  ],
  "kind": "resource",
  "abstract": false,
  "type": "Observation",
  "baseDefinition": "http://hl7.org/fhir/us/core/StructureDefinition/us-core-vital-signs",
  "derivation": "constraint",
  "differential": {
    "element": [
      {
        "id": "Observation",
        "path": "Observation",
        "short": "US Core Blood Pressure Profile"
      },
      {
        "id": "Observation.code",
        "path": "Observation.code",
        "short": "Blood Pressure",
        "patternCodeableConcept": {
          "coding": [
            {
              "code": "85354-9",
              "system": "http://loinc.org"
            }
          ]
        }
      },
      {
        "id": "Observation.component",
        "path": "Observation.component",
        "slicing": {
          "discriminator": [
            {
              "type": "pattern",
              "path": "code"
            }
          ],
          "ordered": false,
          "rules": "open"
        },
        "min": 2
      },
      {
        "id": "Observation.component:systolic",
        "path": "Observation.component",
        "sliceName": "systolic",
        "short": "Systolic Blood Pressure",
        "min": 1,
        "max": "1",
        "mustSupport": true
      },
      {
        "id": "Observation.component:systolic.code",
        "path": "Observation.component.code",
        "short": "Systolic Blood Pressure Code",
        "patternCodeableConcept": {
          "coding": [
            {
              "code": "8480-6",
              "system": "http://loinc.org"
            }
          ]
        }
      },
      {
        "id": "Observation.component:systolic.valueQuantity",
        "path": "Observation.component.valueQuantity",
        "min": 0,
        "max": "1",
        "type": [
          {
            "code": "Quantity",
            "extension": [
              {
                "url": "http://hl7.org/fhir/StructureDefinition/elementdefinition-type-must-support",
                "valueBoolean": true
              }
            ]
          }
        ],
        "mustSupport": true
      },
      {
        "id": "Observation.component:systolic.valueQuantity.value",
        "path": "Observation.component.valueQuantity.value",
        "min": 1,
        "mustSupport": true
      },
      {
        "id": "Observation.component:systolic.valueQuantity.unit",
        "path": "Observation.component.valueQuantity.unit",
        "min": 1,
        "mustSupport": true
      },
      {
        "id": "Observation.component:systolic.valueQuantity.system",
        "path": "Observation.component.valueQuantity.system",
        "min": 1,
        "fixedUri": "http://unitsofmeasure.org",
        "mustSupport": true
      },
      {
        "id": "Observation.component:systolic.valueQuantity.code",
        "path": "Observation.component.valueQuantity.code",
        "min": 1,
        "fixedCode": "mm[Hg]",
        "mustSupport": true
      },
      {
        "id": "Observation.component:diastolic",
        "path": "Observation.component",
        "sliceName": "diastolic",
        "short": "Diastolic Blood Pressure",
        "min": 1,
        "max": "1",
        "mustSupport": true
      },
      {
        "id": "Observation.component:diastolic.code",
        "path": "Observation.component.code",
        "short": "Diastolic Blood Pressure Code",
        "patternCodeableConcept": {
          "coding": [
            {
              "code": "8462-4",
              "system": "http://loinc.org"
            }
          ]
        }
      },
      {
        "id": "Observation.component:diastolic.valueQuantity",
        "path": "Observation.component.valueQuantity",
        "min": 0,
        "max": "1",
        "type": [
          {
            "code": "Quantity",
            "extension": [
              {
                "url": "http://hl7.org/fhir/StructureDefinition/elementdefinition-type-must-support",
                "valueBoolean": true
              }
            ]
          }
        ],
        "mustSupport": true
      },
      {
        "id": "Observation.component:diastolic.valueQuantity.value",
        "path": "Observation.component.valueQuantity.value",
        "min": 1,
        "mustSupport": true
      },
      {
        "id": "Observation.component:diastolic.valueQuantity.unit",
        "path": "Observation.component.valueQuantity.unit",
        "min": 1,
        "mustSupport": true
      },
      {
        "id": "Observation.component:diastolic.valueQuantity.system",
        "path": "Observation.component.valueQuantity.system",
        "min": 1,
        "fixedUri": "http://unitsofmeasure.org",
        "mustSupport": true
      },
      {
        "id": "Observation.component:diastolic.valueQuantity.code",
        "path": "Observation.component.valueQuantity.code",
        "min": 1,
        "fixedCode": "mm[Hg]",
        "mustSupport": true
      }
    ]
  }
}
