{
  "resourceType": "StructureDefinition",
  "id": "us-core-relatedperson",
  "extension": [
    {
      "url": "http://hl7.org/fhir/StructureDefinition/structuredefinition-category",
      "valueString": "Base.Individuals"
    },
    {
      "url": "http://hl7.org/fhir/StructureDefinition/structuredefinition-security-category",
      "valueCode": "patient"
    }
  ],
  "url": "http://hl7.org/fhir/us/core/StructureDefinition/us-core-relatedperson",
  "version": "5.0.1",
  "name": "USCoreRelatedPersonProfile",
  "title": "US Core RelatedPerson Profile",
  "status": "active",
  "date": "2022-04-20",
  "publisher": "HL7 International - Cross-Group Projects",
  "contact": [
    {
      "name": "HL7 International - Cross-Group Projects",
      "telecom": [
        {
          "system": "url",
          "value": "http://www.hl7.org/Special/committees/cgp"
        },
        {
          "system": "email",
          "value": "cgp@lists.HL7.org"
        }
      ]
    }
  ],
  "description": "This profile sets minimum expectations for the RelatedPerson resource to record, search, and fetch related persons associated with a patient to promote interoperability and adoption through common implementation.  It identifies which core elements, extensions, vocabularies and value sets **SHALL** be present in the resource when using this profile.  It provides the floor for standards development for specific uses cases.",
  "jurisdiction": [
    {
      "coding": [
        {
          "code": "US",
          "system": "urn:iso:std:iso:3166"
        }
      ]
    }
  ],
  "copyright": "Used by permission of HL7 International, all rights reserved Creative Commons License",
  "fhirVersion": "4.0.1",
  "mapping": [
    {
      "identity": "rim",
      "uri": "http://hl7.org/v3",
      "name": "RIM Mapping"
    },
    {
      "identity": "w5",
      "uri": "http://hl7.org/fhir/fivews",
      "name": "FiveWs Pattern Mapping"
    },
    {
      "identity": "v2",
      "uri": "http://hl7.org/v2",
      "name": "HL7 v2 Mapping"
    }
  ],
  "kind": "resource",
  "abstract": false,
  "type": "RelatedPerson",
  "baseDefinition": "http://hl7.org/fhir/StructureDefinition/RelatedPerson",
  "derivation": "constraint",
  "differential": {
    "element": [
      {
        "id": "RelatedPerson",
        "path": "RelatedPerson",
        "definition": "\\-",
        "comment": "\\-",
        "constraint": [
          {
            "key": "us-core-14",
            "severity": "error",
            "human": "Either a name or a relationship SHALL be provided (or both)",
            "expression": "name.exists() or relationship.exists()",
            "source": "http://hl7.org/fhir/us/core/StructureDefinition/us-core-relatedperson"
          }
        ]
      },
      {
        "id": "RelatedPerson.active",
        "path": "RelatedPerson.active",
        "min": 1,
        "mustSupport": true
      },
      {
        "id": "RelatedPerson.patient",
        "path": "RelatedPerson.patient",
        "type": [
          {
            "code": "Reference",
            "targetProfile": [
              "http://hl7.org/fhir/us/core/StructureDefinition/us-core-patient"
            ]
          }
        ],
        "mustSupport": true
      },
      {
        "id": "RelatedPerson.relationship",
        "path": "RelatedPerson.relationship",
        "condition": [
          "us-core-14"
        ],
        "mustSupport": true
      },
      {
        "id": "RelatedPerson.name",
        "path": "RelatedPerson.name",
        "condition": [
          "us-core-14"
        ],
        "mustSupport": true
      },
      {
        "id": "RelatedPerson.telecom",
        "path": "RelatedPerson.telecom",
        "mustSupport": true
      },
      {
        "id": "RelatedPerson.address",
        "path": "RelatedPerson.address",
        "mustSupport": true
      }
    ]
  }
}
