{
  "resourceType": "StructureDefinition",
  "id": "us-core-provenance",
  "extension": [
    {
      "url": "http://hl7.org/fhir/StructureDefinition/structuredefinition-category",
      "valueString": "Foundation.Security"
    },
    {
      "url": "http://hl7.org/fhir/StructureDefinition/structuredefinition-security-category",
      "valueCode": "not-classified"
    }
  ],
  "url": "http://hl7.org/fhir/us/core/StructureDefinition/us-core-provenance",
  "version": "5.0.1",
  "name": "USCoreProvenance",
  "title": "US Core Provenance Profile",
  "status": "active",
  "date": "2022-04-20",
  "publisher": "HL7 International - Cross-Group Projects",
  "contact": [
    {
      "name": "HL7 International - Cross-Group Projects",
      "telecom": [
        {
          "system": "url",
          "value": "http://www.hl7.org/Special/committees/cgp"
        },
        {
          "system": "email",
          "value": "cgp@lists.HL7.org"
        }
      ]
    }
  ],
  "description": "This profile sets minimum expectations for the Provenance resource to record, search, and fetch Provenance information associated with a record to promote interoperability and adoption through common implementation.  It identifies which core elements, extensions, vocabularies and value sets **SHALL** be present in the resource when using this profile.  This FHIR Provenance profile here covers the minimal (basic) information to support lineage of information.  It provides the floor for standards development for specific uses cases.  Prior to reviewing this profile, implementers are encouraged to read the Basic Provenance guidance page which documents several key use cases, specifically, what organization was responsible for the most recent action on the resource.",
  "jurisdiction": [
    {
      "coding": [
        {
          "code": "US",
          "system": "urn:iso:std:iso:3166"
        }
      ]
    }
  ],
  "copyright": "Used by permission of HL7 International, all rights reserved Creative Commons License",
  "fhirVersion": "4.0.1",
  "mapping": [
    {
      "identity": "workflow",
      "uri": "http://hl7.org/fhir/workflow",
      "name": "Workflow Pattern"
    },
    {
      "identity": "rim",
      "uri": "http://hl7.org/v3",
      "name": "RIM Mapping"
    },
    {
      "identity": "w3c.prov",
      "uri": "http://www.w3.org/ns/prov",
      "name": "W3C PROV"
    },
    {
      "identity": "w5",
      "uri": "http://hl7.org/fhir/fivews",
      "name": "FiveWs Pattern Mapping"
    },
    {
      "identity": "fhirauditevent",
      "uri": "http://hl7.org/fhir/auditevent",
      "name": "FHIR AuditEvent Mapping"
    }
  ],
  "kind": "resource",
  "abstract": false,
  "type": "Provenance",
  "baseDefinition": "http://hl7.org/fhir/StructureDefinition/Provenance",
  "derivation": "constraint",
  "differential": {
    "element": [
      {
        "id": "Provenance",
        "path": "Provenance",
        "short": "US Core Provenance",
        "definition": "\\-",
        "comment": "\\-",
        "alias": [
          "Basic Provenance",
          "Event",
          "Activity"
        ],
        "mustSupport": false
      },
      {
        "id": "Provenance.target",
        "path": "Provenance.target",
        "short": "The Resource this Provenance record supports",
        "mustSupport": true
      },
      {
        "id": "Provenance.target.reference",
        "path": "Provenance.target.reference",
        "mustSupport": true
      },
      {
        "id": "Provenance.recorded",
        "path": "Provenance.recorded",
        "short": "Timestamp when the activity was recorded / updated",
        "mustSupport": true
      },
      {
        "id": "Provenance.agent",
        "path": "Provenance.agent",
        "slicing": {
          "discriminator": [
            {
              "type": "pattern",
              "path": "type"
            }
          ],
          "rules": "open"
        },
        "constraint": [
          {
            "key": "provenance-1",
            "severity": "error",
            "human": "onBehalfOf SHALL be present when Provenance.agent.who is a Practitioner or Device",
            "expression": "((who.resolve() is Practitioner) or (who.resolve() is Device)) implies onBehalfOf.exists()",
            "source": "http://hl7.org/fhir/us/core/StructureDefinition/us-core-provenance"
          }
        ],
        "mustSupport": true
      },
      {
        "id": "Provenance.agent.type",
        "path": "Provenance.agent.type",
        "mustSupport": true,
        "binding": {
          "strength": "extensible",
          "valueSet": "http://hl7.org/fhir/us/core/ValueSet/us-core-provenance-participant-type"
        }
      },
      {
        "id": "Provenance.agent.who",
        "path": "Provenance.agent.who",
        "type": [
          {
            "code": "Reference",
            "targetProfile": [
              "http://hl7.org/fhir/us/core/StructureDefinition/us-core-organization",
              "http://hl7.org/fhir/us/core/StructureDefinition/us-core-practitioner",
              "http://hl7.org/fhir/us/core/StructureDefinition/us-core-patient",
              "http://hl7.org/fhir/us/core/StructureDefinition/us-core-practitionerrole",
              "http://hl7.org/fhir/us/core/StructureDefinition/us-core-relatedperson",
              "http://hl7.org/fhir/StructureDefinition/Device"
            ]
          }
        ],
        "mustSupport": true
      },
      {
        "id": "Provenance.agent.onBehalfOf",
        "path": "Provenance.agent.onBehalfOf",
        "type": [
          {
            "code": "Reference",
            "targetProfile": [
              "http://hl7.org/fhir/us/core/StructureDefinition/us-core-organization"
            ]
          }
        ],
        "mustSupport": true
      },
      {
        "id": "Provenance.agent:ProvenanceAuthor",
        "path": "Provenance.agent",
        "sliceName": "ProvenanceAuthor",
        "min": 0,
        "max": "*",
        "mustSupport": true
      },
      {
        "id": "Provenance.agent:ProvenanceAuthor.type",
        "path": "Provenance.agent.type",
        "min": 1,
        "patternCodeableConcept": {
          "coding": [
            {
              "code": "author",
              "system": "http://terminology.hl7.org/CodeSystem/provenance-participant-type"
            }
          ]
        }
      },
      {
        "id": "Provenance.agent:ProvenanceTransmitter",
        "path": "Provenance.agent",
        "sliceName": "ProvenanceTransmitter",
        "definition": "The entity that provided the copy to your system.",
        "min": 0,
        "max": "*",
        "mustSupport": true
      },
      {
        "id": "Provenance.agent:ProvenanceTransmitter.type",
        "path": "Provenance.agent.type",
        "min": 1,
        "patternCodeableConcept": {
          "coding": [
            {
              "code": "transmitter",
              "system": "http://hl7.org/fhir/us/core/CodeSystem/us-core-provenance-participant-type"
            }
          ]
        }
      }
    ]
  }
}
