{
  "resourceType": "StructureDefinition",
  "id": "us-core-immunization",
  "extension": [
    {
      "url": "http://hl7.org/fhir/StructureDefinition/structuredefinition-category",
      "valueString": "Clinical.Medications"
    },
    {
      "url": "http://hl7.org/fhir/StructureDefinition/structuredefinition-security-category",
      "valueCode": "patient"
    }
  ],
  "url": "http://hl7.org/fhir/us/core/StructureDefinition/us-core-immunization",
  "version": "5.0.1",
  "name": "USCoreImmunizationProfile",
  "title": "US Core Immunization Profile",
  "status": "active",
  "experimental": false,
  "date": "2022-04-20",
  "publisher": "HL7 International - Cross-Group Projects",
  "contact": [
    {
      "name": "HL7 International - Cross-Group Projects",
      "telecom": [
        {
          "system": "url",
          "value": "http://www.hl7.org/Special/committees/cgp"
        },
        {
          "system": "email",
          "value": "cgp@lists.HL7.org"
        }
      ]
    }
  ],
  "description": "This profile sets minimum expectations for the Immunization resource to record, search, and fetch immunization history associated with a patient to promote interoperability and adoption through common implementation.  It identifies which core elements, extensions, vocabularies and value sets **SHALL** be present in the resource when using this profile.  It provides the floor for standards development for specific uses cases.",
  "jurisdiction": [
    {
      "coding": [
        {
          "code": "US",
          "system": "urn:iso:std:iso:3166"
        }
      ]
    }
  ],
  "copyright": "Used by permission of HL7 International, all rights reserved Creative Commons License",
  "fhirVersion": "4.0.1",
  "mapping": [
    {
      "identity": "workflow",
      "uri": "http://hl7.org/fhir/workflow",
      "name": "Workflow Pattern"
    },
    {
      "identity": "v2",
      "uri": "http://hl7.org/v2",
      "name": "HL7 v2 Mapping"
    },
    {
      "identity": "rim",
      "uri": "http://hl7.org/v3",
      "name": "RIM Mapping"
    },
    {
      "identity": "w5",
      "uri": "http://hl7.org/fhir/fivews",
      "name": "FiveWs Pattern Mapping"
    },
    {
      "identity": "cda",
      "uri": "http://hl7.org/v3/cda",
      "name": "CDA (R2)"
    },
    {
      "identity": "argonaut-dq-dstu2"
    },
    {
      "identity": "quick"
    }
  ],
  "kind": "resource",
  "abstract": false,
  "type": "Immunization",
  "baseDefinition": "http://hl7.org/fhir/StructureDefinition/Immunization",
  "derivation": "constraint",
  "differential": {
    "element": [
      {
        "id": "Immunization",
        "path": "Immunization",
        "definition": "\\-",
        "comment": "\\-",
        "constraint": [
          {
            "key": "us-core-5",
            "severity": "warning",
            "human": "SHOULD have a translation to the NDC value set",
            "expression": "vaccineCode.coding.where(system='http://hl7.org/fhir/sid/ndc').empty()",
            "xpath": "not(exists(f:vaccineCode/f:coding/f:system[@value='http://hl7.org/fhir/sid/ndc']))",
            "source": "http://hl7.org/fhir/us/core/StructureDefinition/us-core-immunization",
            "extension": [
              {
                "url": "http://hl7.org/fhir/StructureDefinition/elementdefinition-bestpractice",
                "valueBoolean": true
              }
            ]
          }
        ],
        "mustSupport": false,
        "mapping": [
          {
            "identity": "argonaut-dq-dstu2",
            "map": "Immunization"
          }
        ]
      },
      {
        "id": "Immunization.status",
        "path": "Immunization.status",
        "mustSupport": true,
        "binding": {
          "strength": "required",
          "valueSet": "http://hl7.org/fhir/ValueSet/immunization-status"
        },
        "mapping": [
          {
            "identity": "argonaut-dq-dstu2",
            "map": "Immunization.status"
          }
        ]
      },
      {
        "id": "Immunization.statusReason",
        "path": "Immunization.statusReason",
        "mustSupport": true,
        "binding": {
          "strength": "example",
          "valueSet": "http://hl7.org/fhir/ValueSet/immunization-status-reason"
        },
        "mapping": [
          {
            "identity": "argonaut-dq-dstu2",
            "map": "Immunization.wasNotGiven"
          }
        ]
      },
      {
        "id": "Immunization.vaccineCode",
        "path": "Immunization.vaccineCode",
        "short": "Vaccine Product Type (bind to CVX)",
        "condition": [
          "us-core-5"
        ],
        "mustSupport": true,
        "binding": {
          "strength": "extensible",
          "valueSet": "http://cts.nlm.nih.gov/fhir/ValueSet/2.16.840.1.113762.1.4.1010.6"
        },
        "mapping": [
          {
            "identity": "argonaut-dq-dstu2",
            "map": "Immunization.vaccineCode"
          },
          {
            "identity": "quick",
            "map": "vaccine"
          },
          {
            "identity": "quick",
            "map": "vaccine"
          }
        ]
      },
      {
        "id": "Immunization.patient",
        "path": "Immunization.patient",
        "alias": [
          "Patient"
        ],
        "type": [
          {
            "code": "Reference",
            "targetProfile": [
              "http://hl7.org/fhir/us/core/StructureDefinition/us-core-patient"
            ]
          }
        ],
        "mustSupport": true,
        "mapping": [
          {
            "identity": "argonaut-dq-dstu2",
            "map": "Immunization.patient"
          },
          {
            "identity": "quick",
            "map": "subject"
          },
          {
            "identity": "quick",
            "map": "subject"
          }
        ]
      },
      {
        "id": "Immunization.occurrence[x]",
        "path": "Immunization.occurrence[x]",
        "type": [
          {
            "code": "dateTime",
            "extension": [
              {
                "url": "http://hl7.org/fhir/StructureDefinition/elementdefinition-type-must-support",
                "valueBoolean": true
              }
            ]
          },
          {
            "code": "string"
          }
        ],
        "mustSupport": true,
        "mapping": [
          {
            "identity": "argonaut-dq-dstu2",
            "map": "Immunization.date"
          },
          {
            "identity": "quick",
            "map": "performanceTime"
          },
          {
            "identity": "quick",
            "map": "performanceTime"
          }
        ]
      },
      {
        "id": "Immunization.primarySource",
        "path": "Immunization.primarySource",
        "min": 1,
        "mustSupport": true,
        "mapping": [
          {
            "identity": "argonaut-dq-dstu2",
            "map": "Immunization.reported"
          },
          {
            "identity": "quick",
            "map": "reported"
          },
          {
            "identity": "quick",
            "map": "reported"
          }
        ]
      }
    ]
  }
}
