{
  "resourceType": "StructureDefinition",
  "id": "us-core-medication",
  "extension": [
    {
      "url": "http://hl7.org/fhir/StructureDefinition/structuredefinition-category",
      "valueString": "Clinical.Medications"
    },
    {
      "url": "http://hl7.org/fhir/StructureDefinition/structuredefinition-security-category",
      "valueCode": "business"
    }
  ],
  "url": "http://hl7.org/fhir/us/core/StructureDefinition/us-core-medication",
  "version": "5.0.1",
  "name": "USCoreMedicationProfile",
  "title": "US Core Medication Profile",
  "status": "active",
  "experimental": false,
  "date": "2019-05-21",
  "publisher": "HL7 International - Cross-Group Projects",
  "contact": [
    {
      "name": "HL7 International - Cross-Group Projects",
      "telecom": [
        {
          "system": "url",
          "value": "http://www.hl7.org/Special/committees/cgp"
        },
        {
          "system": "email",
          "value": "cgp@lists.HL7.org"
        }
      ]
    }
  ],
  "description": "When referencing a medication, the MedicationRequest resource can either use a code or refer to a Medication resource.  This profile sets minimum expectations for the Medication resource to record, search, and fetch medications associated with a patient to promote interoperability and adoption through common implementation.  It identifies which core elements, extensions, vocabularies and value sets **SHALL** be present in the resource when using this profile.  It provides the floor for standards development for specific uses cases",
  "jurisdiction": [
    {
      "coding": [
        {
          "code": "US",
          "system": "urn:iso:std:iso:3166"
        }
      ]
    }
  ],
  "copyright": "Used by permission of HL7 International, all rights reserved Creative Commons License",
  "fhirVersion": "4.0.1",
  "mapping": [
    {
      "identity": "script10.6",
      "uri": "http://ncpdp.org/SCRIPT10_6",
      "name": "Mapping to NCPDP SCRIPT 10.6"
    },
    {
      "identity": "rim",
      "uri": "http://hl7.org/v3",
      "name": "RIM Mapping"
    },
    {
      "identity": "w5",
      "uri": "http://hl7.org/fhir/fivews",
      "name": "FiveWs Pattern Mapping"
    },
    {
      "identity": "v2",
      "uri": "http://hl7.org/v2",
      "name": "HL7 v2 Mapping"
    },
    {
      "identity": "argonaut-dq-dstu2"
    }
  ],
  "kind": "resource",
  "abstract": false,
  "type": "Medication",
  "baseDefinition": "http://hl7.org/fhir/StructureDefinition/Medication",
  "derivation": "constraint",
  "differential": {
    "element": [
      {
        "id": "Medication",
        "path": "Medication",
        "definition": "\\-",
        "comment": "\\-",
        "mustSupport": false,
        "mapping": [
          {
            "identity": "argonaut-dq-dstu2",
            "map": "Medication"
          }
        ]
      },
      {
        "id": "Medication.code",
        "path": "Medication.code",
        "min": 1,
        "mustSupport": true,
        "binding": {
          "strength": "extensible",
          "valueSet": "http://cts.nlm.nih.gov/fhir/ValueSet/2.16.840.1.113762.1.4.1010.4"
        },
        "mapping": [
          {
            "identity": "argonaut-dq-dstu2",
            "map": "Medication.code"
          }
        ]
      }
    ]
  }
}
