{
  "resourceType": "StructureDefinition",
  "id": "us-core-careplan",
  "extension": [
    {
      "url": "http://hl7.org/fhir/StructureDefinition/structuredefinition-category",
      "valueString": "Clinical.Care Provision"
    },
    {
      "url": "http://hl7.org/fhir/StructureDefinition/structuredefinition-security-category",
      "valueCode": "patient"
    }
  ],
  "url": "http://hl7.org/fhir/us/core/StructureDefinition/us-core-careplan",
  "version": "5.0.1",
  "name": "USCoreCarePlanProfile",
  "title": "US Core CarePlan Profile",
  "status": "active",
  "experimental": false,
  "date": "2022-04-20",
  "publisher": "HL7 International - Cross-Group Projects",
  "contact": [
    {
      "name": "HL7 International - Cross-Group Projects",
      "telecom": [
        {
          "system": "url",
          "value": "http://www.hl7.org/Special/committees/cgp"
        },
        {
          "system": "email",
          "value": "cgp@lists.HL7.org"
        }
      ]
    }
  ],
  "description": "This profile sets minimum expectations for the CarePlan resource to record, search, and fetch assessment and plan of treatment data associated with a patient to promote interoperability and adoption through common implementation.  It identifies which core elements, extensions, vocabularies and value sets **SHALL** be present in the resource when using this profile.  It provides the floor for standards development for specific uses cases.",
  "jurisdiction": [
    {
      "coding": [
        {
          "code": "US",
          "system": "urn:iso:std:iso:3166"
        }
      ]
    }
  ],
  "copyright": "Used by permission of HL7 International, all rights reserved Creative Commons License",
  "fhirVersion": "4.0.1",
  "mapping": [
    {
      "identity": "workflow",
      "uri": "http://hl7.org/fhir/workflow",
      "name": "Workflow Pattern"
    },
    {
      "identity": "rim",
      "uri": "http://hl7.org/v3",
      "name": "RIM Mapping"
    },
    {
      "identity": "w5",
      "uri": "http://hl7.org/fhir/fivews",
      "name": "FiveWs Pattern Mapping"
    },
    {
      "identity": "v2",
      "uri": "http://hl7.org/v2",
      "name": "HL7 v2 Mapping"
    },
    {
      "identity": "argonaut-dq-dstu2"
    }
  ],
  "kind": "resource",
  "abstract": false,
  "type": "CarePlan",
  "baseDefinition": "http://hl7.org/fhir/StructureDefinition/CarePlan",
  "derivation": "constraint",
  "differential": {
    "element": [
      {
        "id": "CarePlan",
        "path": "CarePlan",
        "definition": "\\-",
        "comment": "\\-",
        "mustSupport": false,
        "mapping": [
          {
            "identity": "argonaut-dq-dstu2",
            "map": "CarePlan"
          }
        ]
      },
      {
        "id": "CarePlan.text",
        "path": "CarePlan.text",
        "min": 1,
        "mustSupport": true,
        "mapping": [
          {
            "identity": "argonaut-dq-dstu2",
            "map": "CarePlan.text"
          }
        ]
      },
      {
        "id": "CarePlan.text.status",
        "path": "CarePlan.text.status",
        "mustSupport": true,
        "binding": {
          "strength": "required",
          "valueSet": "http://hl7.org/fhir/us/core/ValueSet/us-core-narrative-status",
          "description": "Constrained value set of narrative statuses."
        },
        "mapping": [
          {
            "identity": "argonaut-dq-dstu2",
            "map": "CarePlan.text.status"
          }
        ]
      },
      {
        "id": "CarePlan.text.div",
        "path": "CarePlan.text.div",
        "mustSupport": true
      },
      {
        "id": "CarePlan.status",
        "path": "CarePlan.status",
        "requirements": "Indicates whether the plan is currently being acted upon, represents future intentions or is now a historical record.",
        "mustSupport": true,
        "binding": {
          "strength": "required",
          "valueSet": "http://hl7.org/fhir/ValueSet/request-status",
          "description": "Indicates whether the plan is currently being acted upon, represents future intentions or is now a historical record."
        },
        "mapping": [
          {
            "identity": "argonaut-dq-dstu2",
            "map": "CarePlan.status"
          }
        ]
      },
      {
        "id": "CarePlan.intent",
        "path": "CarePlan.intent",
        "mustSupport": true,
        "binding": {
          "strength": "required",
          "valueSet": "http://hl7.org/fhir/ValueSet/care-plan-intent",
          "description": "Codes indicating the degree of authority/intentionality associated with a care plan"
        },
        "mapping": [
          {
            "identity": "argonaut-dq-dstu2",
            "map": "NA (new element in STU3)"
          }
        ]
      },
      {
        "id": "CarePlan.category",
        "path": "CarePlan.category",
        "slicing": {
          "discriminator": [
            {
              "type": "pattern",
              "path": "$this"
            }
          ],
          "rules": "open"
        },
        "definition": "Type of plan.",
        "requirements": "Identifies what \"kind\" of plan this is to support differentiation between multiple co-existing plans; e.g. \"Home health\", \"psychiatric\", \"asthma\", \"disease management\", \"wellness plan\", etc.",
        "min": 1,
        "mustSupport": true,
        "mapping": [
          {
            "identity": "argonaut-dq-dstu2",
            "map": "CarePlan.category"
          }
        ]
      },
      {
        "id": "CarePlan.category:AssessPlan",
        "path": "CarePlan.category",
        "sliceName": "AssessPlan",
        "min": 1,
        "max": "1",
        "patternCodeableConcept": {
          "coding": [
            {
              "code": "assess-plan",
              "system": "http://hl7.org/fhir/us/core/CodeSystem/careplan-category"
            }
          ]
        },
        "mustSupport": true,
        "mapping": [
          {
            "identity": "argonaut-dq-dstu2",
            "map": "CarePlan.category"
          }
        ]
      },
      {
        "id": "CarePlan.subject",
        "path": "CarePlan.subject",
        "definition": "Who care plan is for.",
        "requirements": "Identifies the patient or group whose intended care is described by the plan.",
        "type": [
          {
            "code": "Reference",
            "targetProfile": [
              "http://hl7.org/fhir/us/core/StructureDefinition/us-core-patient"
            ]
          }
        ],
        "mustSupport": true,
        "mapping": [
          {
            "identity": "argonaut-dq-dstu2",
            "map": "CarePlan.subject"
          }
        ]
      }
    ]
  }
}
