{
  "resourceType": "StructureDefinition",
  "id": "us-core-documentreference",
  "extension": [
    {
      "url": "http://hl7.org/fhir/StructureDefinition/structuredefinition-category",
      "valueString": "Foundation.Documents"
    },
    {
      "url": "http://hl7.org/fhir/StructureDefinition/structuredefinition-security-category",
      "valueCode": "not-classified"
    }
  ],
  "url": "http://hl7.org/fhir/us/core/StructureDefinition/us-core-documentreference",
  "version": "5.0.1",
  "name": "USCoreDocumentReferenceProfile",
  "title": "US Core DocumentReference Profile",
  "status": "active",
  "experimental": false,
  "date": "2022-04-20",
  "publisher": "HL7 International - Cross-Group Projects",
  "contact": [
    {
      "name": "HL7 International - Cross-Group Projects",
      "telecom": [
        {
          "system": "url",
          "value": "http://www.hl7.org/Special/committees/cgp"
        },
        {
          "system": "email",
          "value": "cgp@lists.HL7.org"
        }
      ]
    }
  ],
  "description": "To promote interoperability and adoption through common implementation, this profile sets minimum expectations for searching and fetching patient documents including Clinical Notes using the DocumentReference resource. It identifies the mandatory core elements, extensions, vocabularies and value sets which **SHALL** be present in the DocumentReference resource when using this profile. It provides the floor for standards development for specific uses cases. Prior to reviewing this profile, implementers are encouraged to read the Clinical Notes Guidance to understand the overlap of US Core DocumentReference Profile and US Core DiagnosticReport Profile for Report and Note exchange.",
  "jurisdiction": [
    {
      "coding": [
        {
          "code": "US",
          "system": "urn:iso:std:iso:3166"
        }
      ]
    }
  ],
  "copyright": "Used by permission of HL7 International, all rights reserved Creative Commons License",
  "fhirVersion": "4.0.1",
  "mapping": [
    {
      "identity": "workflow",
      "uri": "http://hl7.org/fhir/workflow",
      "name": "Workflow Pattern"
    },
    {
      "identity": "fhircomposition",
      "uri": "http://hl7.org/fhir/composition",
      "name": "FHIR Composition"
    },
    {
      "identity": "rim",
      "uri": "http://hl7.org/v3",
      "name": "RIM Mapping"
    },
    {
      "identity": "cda",
      "uri": "http://hl7.org/v3/cda",
      "name": "CDA (R2)"
    },
    {
      "identity": "w5",
      "uri": "http://hl7.org/fhir/fivews",
      "name": "FiveWs Pattern Mapping"
    },
    {
      "identity": "v2",
      "uri": "http://hl7.org/v2",
      "name": "HL7 v2 Mapping"
    },
    {
      "identity": "xds",
      "uri": "http://ihe.net/xds",
      "name": "XDS metadata equivalent"
    }
  ],
  "kind": "resource",
  "abstract": false,
  "type": "DocumentReference",
  "baseDefinition": "http://hl7.org/fhir/StructureDefinition/DocumentReference",
  "derivation": "constraint",
  "differential": {
    "element": [
      {
        "id": "DocumentReference",
        "path": "DocumentReference",
        "definition": "\\-",
        "comment": "\\-",
        "mustSupport": false
      },
      {
        "id": "DocumentReference.identifier",
        "path": "DocumentReference.identifier",
        "mustSupport": true
      },
      {
        "id": "DocumentReference.status",
        "path": "DocumentReference.status",
        "mustSupport": true,
        "binding": {
          "strength": "required",
          "valueSet": "http://hl7.org/fhir/ValueSet/document-reference-status"
        }
      },
      {
        "id": "DocumentReference.type",
        "path": "DocumentReference.type",
        "min": 1,
        "mustSupport": true,
        "binding": {
          "strength": "required",
          "valueSet": "http://hl7.org/fhir/us/core/ValueSet/us-core-documentreference-type",
          "extension": [
            {
              "url": "http://hl7.org/fhir/StructureDefinition/elementdefinition-minValueSet",
              "valueCanonical": "http://hl7.org/fhir/us/core/ValueSet/us-core-clinical-note-type"
            }
          ],
          "description": "All LOINC  values whose SCALE is DOC in the LOINC database and the HL7 v3 Code System NullFlavor concept 'unknown'"
        }
      },
      {
        "id": "DocumentReference.category",
        "path": "DocumentReference.category",
        "slicing": {
          "discriminator": [
            {
              "type": "pattern",
              "path": "$this"
            }
          ],
          "rules": "open"
        },
        "min": 1,
        "mustSupport": true
      },
      {
        "id": "DocumentReference.category:us-core",
        "path": "DocumentReference.category",
        "sliceName": "us-core",
        "min": 0,
        "max": "*",
        "mustSupport": true,
        "binding": {
          "strength": "required",
          "valueSet": "http://hl7.org/fhir/us/core/ValueSet/us-core-documentreference-category",
          "description": "The US Core DocumentReferences Type Value Set is a &#39;starter set&#39; of categories supported for fetching and storing clinical notes."
        }
      },
      {
        "id": "DocumentReference.subject",
        "path": "DocumentReference.subject",
        "min": 1,
        "type": [
          {
            "code": "Reference",
            "targetProfile": [
              "http://hl7.org/fhir/us/core/StructureDefinition/us-core-patient"
            ]
          }
        ],
        "mustSupport": true
      },
      {
        "id": "DocumentReference.date",
        "path": "DocumentReference.date",
        "mustSupport": true
      },
      {
        "id": "DocumentReference.author",
        "path": "DocumentReference.author",
        "type": [
          {
            "code": "Reference",
            "targetProfile": [
              "http://hl7.org/fhir/us/core/StructureDefinition/us-core-practitioner",
              "http://hl7.org/fhir/us/core/StructureDefinition/us-core-organization",
              "http://hl7.org/fhir/us/core/StructureDefinition/us-core-patient",
              "http://hl7.org/fhir/us/core/StructureDefinition/us-core-practitionerrole",
              "http://hl7.org/fhir/us/core/StructureDefinition/us-core-relatedperson",
              "http://hl7.org/fhir/StructureDefinition/Device"
            ]
          }
        ],
        "mustSupport": true
      },
      {
        "id": "DocumentReference.content",
        "path": "DocumentReference.content",
        "mustSupport": true
      },
      {
        "id": "DocumentReference.content.attachment",
        "path": "DocumentReference.content.attachment",
        "constraint": [
          {
            "key": "us-core-6",
            "severity": "error",
            "human": "DocumentReference.content.attachment.url or DocumentReference.content.attachment.data or both SHALL be present.",
            "expression": "url.exists() or data.exists()",
            "xpath": "f:url or f:content",
            "source": "http://hl7.org/fhir/us/core/StructureDefinition/us-core-documentreference"
          }
        ],
        "mustSupport": true
      },
      {
        "id": "DocumentReference.content.attachment.contentType",
        "path": "DocumentReference.content.attachment.contentType",
        "mustSupport": true
      },
      {
        "id": "DocumentReference.content.attachment.data",
        "path": "DocumentReference.content.attachment.data",
        "condition": [
          "us-core-6"
        ],
        "mustSupport": true
      },
      {
        "id": "DocumentReference.content.attachment.url",
        "path": "DocumentReference.content.attachment.url",
        "condition": [
          "us-core-6"
        ],
        "mustSupport": true
      },
      {
        "id": "DocumentReference.content.format",
        "path": "DocumentReference.content.format",
        "mustSupport": true,
        "binding": {
          "strength": "extensible",
          "valueSet": "http://hl7.org/fhir/ValueSet/formatcodes"
        }
      },
      {
        "id": "DocumentReference.context",
        "path": "DocumentReference.context",
        "mustSupport": true
      },
      {
        "id": "DocumentReference.context.encounter",
        "path": "DocumentReference.context.encounter",
        "max": "1",
        "type": [
          {
            "code": "Reference",
            "targetProfile": [
              "http://hl7.org/fhir/us/core/StructureDefinition/us-core-encounter"
            ]
          }
        ],
        "mustSupport": true
      },
      {
        "id": "DocumentReference.context.period",
        "path": "DocumentReference.context.period",
        "mustSupport": true
      }
    ]
  }
}
