{
  "resourceType": "StructureDefinition",
  "id": "us-core-organization",
  "extension": [
    {
      "url": "http://hl7.org/fhir/StructureDefinition/structuredefinition-category",
      "valueString": "Base.Entities"
    },
    {
      "url": "http://hl7.org/fhir/StructureDefinition/structuredefinition-security-category",
      "valueCode": "business"
    }
  ],
  "url": "http://hl7.org/fhir/us/core/StructureDefinition/us-core-organization",
  "version": "5.0.1",
  "name": "USCoreOrganizationProfile",
  "title": "US Core Organization Profile",
  "status": "active",
  "experimental": false,
  "date": "2022-04-20",
  "publisher": "HL7 International - Cross-Group Projects",
  "contact": [
    {
      "name": "HL7 International - Cross-Group Projects",
      "telecom": [
        {
          "system": "url",
          "value": "http://www.hl7.org/Special/committees/cgp"
        },
        {
          "system": "email",
          "value": "cgp@lists.HL7.org"
        }
      ]
    }
  ],
  "description": "This profile sets minimum expectations for the Organization resource to searching for and fetching an Organization associated with a patient or provider to promote interoperability and adoption through common implementation.  It identifies which core elements, extensions, vocabularies and value sets **SHALL** be present in the resource when using this profile.  It provides the floor for standards development for specific uses cases.",
  "jurisdiction": [
    {
      "coding": [
        {
          "code": "US",
          "system": "urn:iso:std:iso:3166"
        }
      ]
    }
  ],
  "copyright": "Used by permission of HL7 International, all rights reserved Creative Commons License",
  "fhirVersion": "4.0.1",
  "mapping": [
    {
      "identity": "v2",
      "uri": "http://hl7.org/v2",
      "name": "HL7 v2 Mapping"
    },
    {
      "identity": "rim",
      "uri": "http://hl7.org/v3",
      "name": "RIM Mapping"
    },
    {
      "identity": "servd",
      "uri": "http://www.omg.org/spec/ServD/1.0/",
      "name": "ServD"
    },
    {
      "identity": "w5",
      "uri": "http://hl7.org/fhir/fivews",
      "name": "FiveWs Pattern Mapping"
    }
  ],
  "kind": "resource",
  "abstract": false,
  "type": "Organization",
  "baseDefinition": "http://hl7.org/fhir/StructureDefinition/Organization",
  "derivation": "constraint",
  "differential": {
    "element": [
      {
        "id": "Organization",
        "path": "Organization",
        "definition": "\\-",
        "comment": "\\-",
        "mustSupport": false
      },
      {
        "id": "Organization.identifier",
        "path": "Organization.identifier",
        "slicing": {
          "discriminator": [
            {
              "type": "pattern",
              "path": "$this"
            }
          ],
          "rules": "open"
        },
        "comment": "NPI preferred.",
        "mustSupport": true
      },
      {
        "id": "Organization.identifier.system",
        "path": "Organization.identifier.system",
        "mustSupport": true
      },
      {
        "id": "Organization.identifier.value",
        "path": "Organization.identifier.value",
        "mustSupport": true
      },
      {
        "id": "Organization.identifier:NPI",
        "path": "Organization.identifier",
        "sliceName": "NPI",
        "short": "National Provider Identifier (NPI)",
        "min": 0,
        "max": "1",
        "patternIdentifier": {
          "system": "http://hl7.org/fhir/sid/us-npi"
        },
        "mustSupport": true
      },
      {
        "id": "Organization.identifier:CLIA",
        "path": "Organization.identifier",
        "sliceName": "CLIA",
        "short": "Clinical Laboratory Improvement Amendments (CLIA) Number for laboratories",
        "min": 0,
        "max": "1",
        "patternIdentifier": {
          "system": "urn:oid:2.16.840.1.113883.4.7"
        },
        "mustSupport": false
      },
      {
        "id": "Organization.active",
        "path": "Organization.active",
        "min": 1,
        "mustSupport": true
      },
      {
        "id": "Organization.name",
        "path": "Organization.name",
        "min": 1,
        "mustSupport": true
      },
      {
        "id": "Organization.telecom",
        "path": "Organization.telecom",
        "mustSupport": true
      },
      {
        "id": "Organization.telecom.system",
        "path": "Organization.telecom.system",
        "mustSupport": true
      },
      {
        "id": "Organization.telecom.value",
        "path": "Organization.telecom.value",
        "mustSupport": true
      },
      {
        "id": "Organization.address",
        "path": "Organization.address",
        "mustSupport": true
      },
      {
        "id": "Organization.address.line",
        "path": "Organization.address.line",
        "max": "4",
        "mustSupport": true
      },
      {
        "id": "Organization.address.city",
        "path": "Organization.address.city",
        "mustSupport": true
      },
      {
        "id": "Organization.address.state",
        "path": "Organization.address.state",
        "mustSupport": true,
        "binding": {
          "strength": "extensible",
          "valueSet": "http://hl7.org/fhir/us/core/ValueSet/us-core-usps-state",
          "description": "Two letter USPS alphabetic codes."
        }
      },
      {
        "id": "Organization.address.postalCode",
        "path": "Organization.address.postalCode",
        "short": "US Zip Codes",
        "mustSupport": true
      },
      {
        "id": "Organization.address.country",
        "path": "Organization.address.country",
        "mustSupport": true
      }
    ]
  }
}
