{
  "resourceType": "StructureDefinition",
  "id": "us-core-observation-sdoh-assessment",
  "extension": [
    {
      "url": "http://hl7.org/fhir/StructureDefinition/structuredefinition-category",
      "valueString": "Clinical.Diagnostics"
    },
    {
      "url": "http://hl7.org/fhir/StructureDefinition/structuredefinition-security-category",
      "valueCode": "patient"
    }
  ],
  "url": "http://hl7.org/fhir/us/core/StructureDefinition/us-core-observation-sdoh-assessment",
  "version": "5.0.1",
  "name": "USCoreObservationSDOHAssessment",
  "title": "US Core Observation SDOH Assessment Profile",
  "status": "active",
  "date": "2022-03-18",
  "publisher": "HL7 International - Cross-Group Projects",
  "contact": [
    {
      "name": "HL7 International - Cross-Group Projects",
      "telecom": [
        {
          "system": "url",
          "value": "http://www.hl7.org/Special/committees/cgp"
        },
        {
          "system": "email",
          "value": "cgp@lists.HL7.org"
        }
      ]
    }
  ],
  "description": "The US Core Observation SDOH Assessment Profile meets the U.S. Core Data for Interoperability (USCDI) v2 'SDOH Assessments' requirements.  This profile is based on the US Core Observation Survey Profile and sets minimum expectations for representing responses to assessment tools such as the *Protocol for Responding to and Assessing Patients’ Assets, Risks, and Experiences (PRAPARE) Survey*.  It can be used to represent individual responses, panels of multi-question surveys, and multi-select responses to “check all that apply” questions. It identifies the *additional* core elements, extensions, vocabularies and value sets which SHALL be present in the Observation resource when using this profile. It provides the floor for standards development for specific uses cases.",
  "jurisdiction": [
    {
      "coding": [
        {
          "code": "US",
          "system": "urn:iso:std:iso:3166"
        }
      ]
    }
  ],
  "copyright": "Used by permission of HL7 International, all rights reserved Creative Commons License",
  "fhirVersion": "4.0.1",
  "mapping": [
    {
      "identity": "workflow",
      "uri": "http://hl7.org/fhir/workflow",
      "name": "Workflow Pattern"
    },
    {
      "identity": "sct-concept",
      "uri": "http://snomed.info/conceptdomain",
      "name": "SNOMED CT Concept Domain Binding"
    },
    {
      "identity": "v2",
      "uri": "http://hl7.org/v2",
      "name": "HL7 v2 Mapping"
    },
    {
      "identity": "rim",
      "uri": "http://hl7.org/v3",
      "name": "RIM Mapping"
    },
    {
      "identity": "w5",
      "uri": "http://hl7.org/fhir/fivews",
      "name": "FiveWs Pattern Mapping"
    },
    {
      "identity": "sct-attr",
      "uri": "http://snomed.org/attributebinding",
      "name": "SNOMED CT Attribute Binding"
    }
  ],
  "kind": "resource",
  "abstract": false,
  "type": "Observation",
  "baseDefinition": "http://hl7.org/fhir/us/core/StructureDefinition/us-core-observation-survey",
  "derivation": "constraint",
  "differential": {
    "element": [
      {
        "id": "Observation",
        "path": "Observation",
        "short": "SDOH Assessment Panel Observation"
      },
      {
        "id": "Observation.category:sdoh",
        "path": "Observation.category",
        "sliceName": "sdoh",
        "requirements": "Used for filtering what that this is an observation derived from an SDOH assessment.",
        "min": 0,
        "max": "1",
        "patternCodeableConcept": {
          "coding": [
            {
              "code": "sdoh",
              "system": "http://hl7.org/fhir/us/core/CodeSystem/us-core-tags"
            }
          ]
        },
        "mustSupport": true
      },
      {
        "id": "Observation.code",
        "path": "Observation.code",
        "binding": {
          "strength": "preferred",
          "valueSet": "http://hl7.org/fhir/us/core/ValueSet/us-core-common-sdoh-assessments"
        }
      },
      {
        "id": "Observation.hasMember",
        "path": "Observation.hasMember",
        "short": "Individual Observations that belong to an SDOH multi-question sruvey or multi-select question.",
        "type": [
          {
            "code": "Reference",
            "targetProfile": [
              "http://hl7.org/fhir/us/core/StructureDefinition/us-core-observation-sdoh-assessment"
            ]
          }
        ]
      }
    ]
  }
}
