{
  "resourceType": "StructureDefinition",
  "id": "us-core-observation-sexual-orientation",
  "extension": [
    {
      "url": "http://hl7.org/fhir/StructureDefinition/structuredefinition-category",
      "valueString": "Clinical.Diagnostics"
    },
    {
      "url": "http://hl7.org/fhir/StructureDefinition/structuredefinition-security-category",
      "valueCode": "patient"
    }
  ],
  "url": "http://hl7.org/fhir/us/core/StructureDefinition/us-core-observation-sexual-orientation",
  "version": "5.0.1",
  "name": "USCoreObservationSexualOrientationProfile",
  "title": "US Core Observation Sexual Orientation Profile",
  "status": "active",
  "experimental": false,
  "date": "2022-04-20",
  "publisher": "HL7 International - Cross-Group Projects",
  "contact": [
    {
      "name": "HL7 International - Cross-Group Projects",
      "telecom": [
        {
          "system": "url",
          "value": "http://www.hl7.org/Special/committees/cgp"
        },
        {
          "system": "email",
          "value": "cgp@lists.HL7.org"
        }
      ]
    }
  ],
  "description": "The US Core Observation Sexual Orientation Profile meets the U.S. Core Data for Interoperability (USCDI) v2 'Sexual Orientation' requirements. this profile sets minimum expectations for the Observation resource to record, search, and fetch sexual orientation observations associated with a patient to promote interoperability and adoption through common implementation.  It identifies which core elements, extensions, vocabularies and value sets **SHALL** be present in the resource when using this profile.  It provides the floor for standards development for specific uses cases.",
  "jurisdiction": [
    {
      "coding": [
        {
          "code": "US",
          "system": "urn:iso:std:iso:3166"
        }
      ]
    }
  ],
  "copyright": "Used by permission of HL7 International, all rights reserved Creative Commons License",
  "fhirVersion": "4.0.1",
  "mapping": [
    {
      "identity": "workflow",
      "uri": "http://hl7.org/fhir/workflow",
      "name": "Workflow Pattern"
    },
    {
      "identity": "sct-concept",
      "uri": "http://snomed.info/conceptdomain",
      "name": "SNOMED CT Concept Domain Binding"
    },
    {
      "identity": "v2",
      "uri": "http://hl7.org/v2",
      "name": "HL7 v2 Mapping"
    },
    {
      "identity": "rim",
      "uri": "http://hl7.org/v3",
      "name": "RIM Mapping"
    },
    {
      "identity": "w5",
      "uri": "http://hl7.org/fhir/fivews",
      "name": "FiveWs Pattern Mapping"
    },
    {
      "identity": "sct-attr",
      "uri": "http://snomed.org/attributebinding",
      "name": "SNOMED CT Attribute Binding"
    },
    {
      "identity": "argonaut-dq-dstu2"
    }
  ],
  "kind": "resource",
  "abstract": false,
  "type": "Observation",
  "baseDefinition": "http://hl7.org/fhir/StructureDefinition/Observation",
  "derivation": "constraint",
  "differential": {
    "element": [
      {
        "id": "Observation",
        "path": "Observation",
        "definition": "\\-",
        "comment": "\\-",
        "constraint": [
          {
            "key": "us-core-2",
            "severity": "error",
            "human": "If there is no component or hasMember element then either a value[x] or a data absent reason must be present",
            "expression": "(component.empty() and hasMember.empty()) implies (dataAbsentReason.exists() or value.exists())",
            "xpath": "exists(f:component) or exists(f:hasMember) or exists(f:*[starts-with(local-name(.), 'value')]) or exists(f:dataAbsentReason)",
            "source": "http://hl7.org/fhir/us/core/StructureDefinition/us-core-observation-sexual-orientation"
          }
        ],
        "mustSupport": false,
        "mapping": [
          {
            "identity": "argonaut-dq-dstu2",
            "map": "Observation"
          }
        ]
      },
      {
        "id": "Observation.status",
        "path": "Observation.status",
        "mustSupport": true,
        "binding": {
          "strength": "required",
          "valueSet": "http://hl7.org/fhir/ValueSet/observation-status"
        },
        "mapping": [
          {
            "identity": "argonaut-dq-dstu2",
            "map": "Observation.status"
          }
        ]
      },
      {
        "id": "Observation.code",
        "path": "Observation.code",
        "short": "Sexual Orientation",
        "patternCodeableConcept": {
          "coding": [
            {
              "code": "76690-7",
              "system": "http://loinc.org"
            }
          ]
        },
        "mustSupport": true
      },
      {
        "id": "Observation.subject",
        "path": "Observation.subject",
        "min": 1,
        "type": [
          {
            "code": "Reference",
            "targetProfile": [
              "http://hl7.org/fhir/us/core/StructureDefinition/us-core-patient"
            ]
          }
        ],
        "mustSupport": true,
        "mapping": [
          {
            "identity": "argonaut-dq-dstu2",
            "map": "Observation.subject"
          }
        ]
      },
      {
        "id": "Observation.effective[x]",
        "path": "Observation.effective[x]",
        "definition": "This records the time during which the patient had identified their emotional, romantic, sexual, or affectional attraction to another person.",
        "type": [
          {
            "code": "dateTime",
            "extension": [
              {
                "url": "http://hl7.org/fhir/StructureDefinition/elementdefinition-type-must-support",
                "valueBoolean": true
              }
            ]
          },
          {
            "code": "Period"
          },
          {
            "code": "Timing"
          },
          {
            "code": "instant"
          }
        ],
        "condition": [
          "us-core-1"
        ],
        "constraint": [
          {
            "key": "us-core-1",
            "severity": "error",
            "human": "Datetime must be at least to day.",
            "expression": "$this is DateTime implies $this.toString().length() >= 10",
            "xpath": "f:matches(effectiveDateTime,/\\d{4}-[01]\\d-[0-3]\\dT[0-2]\\d:[0-5]\\d([+-][0-2]\\d:[0-5]\\d|Z)/)",
            "source": "http://hl7.org/fhir/us/core/StructureDefinition/us-core-observation-sexual-orientation"
          }
        ],
        "mustSupport": true,
        "mapping": [
          {
            "identity": "argonaut-dq-dstu2",
            "map": "Observation.effective[x]"
          }
        ]
      },
      {
        "id": "Observation.valueCodeableConcept",
        "path": "Observation.valueCodeableConcept",
        "short": "Sexual Orientation",
        "definition": "The Sexual Orientation value.",
        "min": 0,
        "max": "1",
        "type": [
          {
            "code": "CodeableConcept"
          }
        ],
        "mustSupport": true,
        "binding": {
          "strength": "extensible",
          "valueSet": "http://hl7.org/fhir/us/core/ValueSet/us-core-sexual-orientation",
          "description": "Concepts to support who Patient is attracted to"
        }
      }
    ]
  }
}
