{
  "resourceType": "StructureDefinition",
  "id": "us-core-allergyintolerance",
  "extension": [
    {
      "url": "http://hl7.org/fhir/StructureDefinition/structuredefinition-category",
      "valueString": "Clinical.Summary"
    },
    {
      "url": "http://hl7.org/fhir/StructureDefinition/structuredefinition-security-category",
      "valueCode": "patient"
    }
  ],
  "url": "http://hl7.org/fhir/us/core/StructureDefinition/us-core-allergyintolerance",
  "version": "5.0.1",
  "name": "USCoreAllergyIntolerance",
  "title": "US Core AllergyIntolerance Profile",
  "status": "active",
  "experimental": false,
  "date": "2022-04-20",
  "publisher": "HL7 International - Cross-Group Projects",
  "contact": [
    {
      "name": "HL7 International - Cross-Group Projects",
      "telecom": [
        {
          "system": "url",
          "value": "http://www.hl7.org/Special/committees/cgp"
        },
        {
          "system": "email",
          "value": "cgp@lists.HL7.org"
        }
      ]
    }
  ],
  "description": "To promote interoperability and adoption through common implementation, this profile sets minimum expectations for the AllergyIntolerance resource to record, search, and fetch allergies/adverse reactions associated with a patient pm2.  It identifies the mandatory core elements, extensions, vocabularies and value sets which **SHALL** be present in the AllergyIntolerance resource when using this profile. It provides the floor for standards development for specific uses cases.",
  "jurisdiction": [
    {
      "coding": [
        {
          "code": "US",
          "system": "urn:iso:std:iso:3166"
        }
      ]
    }
  ],
  "copyright": "Used by permission of HL7 International, all rights reserved Creative Commons License",
  "fhirVersion": "4.0.1",
  "mapping": [
    {
      "identity": "rim",
      "uri": "http://hl7.org/v3",
      "name": "RIM Mapping"
    },
    {
      "identity": "w5",
      "uri": "http://hl7.org/fhir/fivews",
      "name": "FiveWs Pattern Mapping"
    },
    {
      "identity": "v2",
      "uri": "http://hl7.org/v2",
      "name": "HL7 v2 Mapping"
    },
    {
      "identity": "argonaut-dq-dstu2"
    }
  ],
  "kind": "resource",
  "abstract": false,
  "type": "AllergyIntolerance",
  "baseDefinition": "http://hl7.org/fhir/StructureDefinition/AllergyIntolerance",
  "derivation": "constraint",
  "differential": {
    "element": [
      {
        "id": "AllergyIntolerance",
        "path": "AllergyIntolerance",
        "definition": "\\-",
        "comment": "\\-",
        "mustSupport": false,
        "mapping": [
          {
            "identity": "argonaut-dq-dstu2",
            "map": "AllergyIntolerance"
          }
        ]
      },
      {
        "id": "AllergyIntolerance.clinicalStatus",
        "path": "AllergyIntolerance.clinicalStatus",
        "mustSupport": true,
        "binding": {
          "strength": "required",
          "valueSet": "http://hl7.org/fhir/ValueSet/allergyintolerance-clinical"
        },
        "mapping": [
          {
            "identity": "argonaut-dq-dstu2",
            "map": "AllergyIntolerance.status"
          }
        ]
      },
      {
        "id": "AllergyIntolerance.verificationStatus",
        "path": "AllergyIntolerance.verificationStatus",
        "mustSupport": true,
        "binding": {
          "strength": "required",
          "valueSet": "http://hl7.org/fhir/ValueSet/allergyintolerance-verification"
        },
        "mapping": [
          {
            "identity": "argonaut-dq-dstu2",
            "map": "AllergyIntolerance.status"
          }
        ]
      },
      {
        "id": "AllergyIntolerance.code",
        "path": "AllergyIntolerance.code",
        "min": 1,
        "mustSupport": true,
        "binding": {
          "strength": "extensible",
          "valueSet": "http://cts.nlm.nih.gov/fhir/ValueSet/2.16.840.1.113762.1.4.1186.8"
        },
        "mapping": [
          {
            "identity": "argonaut-dq-dstu2",
            "map": "AllergyIntolerance.substance"
          }
        ]
      },
      {
        "id": "AllergyIntolerance.patient",
        "path": "AllergyIntolerance.patient",
        "type": [
          {
            "code": "Reference",
            "targetProfile": [
              "http://hl7.org/fhir/us/core/StructureDefinition/us-core-patient"
            ]
          }
        ],
        "mustSupport": true,
        "mapping": [
          {
            "identity": "argonaut-dq-dstu2",
            "map": "AllergyIntolerance.patient"
          }
        ]
      },
      {
        "id": "AllergyIntolerance.reaction",
        "path": "AllergyIntolerance.reaction",
        "mustSupport": true
      },
      {
        "id": "AllergyIntolerance.reaction.manifestation",
        "path": "AllergyIntolerance.reaction.manifestation",
        "mustSupport": true,
        "binding": {
          "strength": "extensible",
          "valueSet": "http://hl7.org/fhir/ValueSet/clinical-findings"
        }
      }
    ]
  }
}
