{
  "resourceType": "StructureDefinition",
  "id": "us-core-vital-signs",
  "url": "http://hl7.org/fhir/us/core/StructureDefinition/us-core-vital-signs",
  "version": "5.0.1",
  "name": "USCoreVitalSignsProfile",
  "title": "US Core Vital Signs Profile",
  "status": "active",
  "experimental": false,
  "date": "2020-11-17",
  "publisher": "HL7 International - Cross-Group Projects",
  "contact": [
    {
      "name": "HL7 International - Cross-Group Projects",
      "telecom": [
        {
          "system": "url",
          "value": "http://www.hl7.org/Special/committees/cgp"
        },
        {
          "system": "email",
          "value": "cgp@lists.HL7.org"
        }
      ]
    }
  ],
  "description": "To promote interoperability and adoption through common implementation, this profile is based on the base [FHIR Vital Signs Profile](http://hl7.org/fhir/R4/observation-vitalsigns.html) and defines *additional* constraints on the Observation resource to represent vital signs observations. It identifies which core elements, extensions, vocabularies and value sets **SHALL** be present in the resource when using this profile. It provides the floor for standards development for specific uses cases.  This US Core profiles that are derived from this profile are listed below.",
  "jurisdiction": [
    {
      "coding": [
        {
          "code": "US",
          "system": "urn:iso:std:iso:3166"
        }
      ]
    }
  ],
  "copyright": "Used by permission of HL7 International, all rights reserved Creative Commons License",
  "fhirVersion": "4.0.1",
  "mapping": [
    {
      "identity": "workflow",
      "uri": "http://hl7.org/fhir/workflow",
      "name": "Workflow Pattern"
    },
    {
      "identity": "sct-concept",
      "uri": "http://snomed.info/conceptdomain",
      "name": "SNOMED CT Concept Domain Binding"
    },
    {
      "identity": "v2",
      "uri": "http://hl7.org/v2",
      "name": "HL7 v2 Mapping"
    },
    {
      "identity": "rim",
      "uri": "http://hl7.org/v3",
      "name": "RIM Mapping"
    },
    {
      "identity": "w5",
      "uri": "http://hl7.org/fhir/fivews",
      "name": "FiveWs Pattern Mapping"
    },
    {
      "identity": "sct-attr",
      "uri": "http://snomed.org/attributebinding",
      "name": "SNOMED CT Attribute Binding"
    }
  ],
  "kind": "resource",
  "abstract": false,
  "type": "Observation",
  "baseDefinition": "http://hl7.org/fhir/StructureDefinition/vitalsigns",
  "derivation": "constraint",
  "differential": {
    "element": [
      {
        "id": "Observation",
        "path": "Observation",
        "short": "US Core Vital Signs Profile",
        "definition": "\\-",
        "comment": "\\-"
      },
      {
        "id": "Observation.code",
        "path": "Observation.code",
        "binding": {
          "strength": "extensible",
          "valueSet": "http://hl7.org/fhir/us/core/ValueSet/us-core-vital-signs",
          "description": "The vital sign codes from the base FHIR and US Core Vital Signs."
        }
      },
      {
        "id": "Observation.subject",
        "path": "Observation.subject",
        "type": [
          {
            "code": "Reference",
            "targetProfile": [
              "http://hl7.org/fhir/us/core/StructureDefinition/us-core-patient"
            ]
          }
        ]
      },
      {
        "id": "Observation.effective[x]",
        "path": "Observation.effective[x]",
        "type": [
          {
            "code": "dateTime",
            "extension": [
              {
                "url": "http://hl7.org/fhir/StructureDefinition/elementdefinition-type-must-support",
                "valueBoolean": true
              }
            ]
          },
          {
            "code": "Period"
          }
        ]
      },
      {
        "id": "Observation.value[x]",
        "path": "Observation.value[x]",
        "short": "Vital Signs Value",
        "definition": "Vital Signs value are typically recorded using the Quantity data type.",
        "type": [
          {
            "code": "Quantity",
            "extension": [
              {
                "url": "http://hl7.org/fhir/StructureDefinition/elementdefinition-type-must-support",
                "valueBoolean": true
              }
            ]
          },
          {
            "code": "CodeableConcept"
          },
          {
            "code": "string"
          },
          {
            "code": "boolean"
          },
          {
            "code": "integer"
          },
          {
            "code": "Range"
          },
          {
            "code": "Ratio"
          },
          {
            "code": "SampledData"
          },
          {
            "code": "time"
          },
          {
            "code": "dateTime"
          },
          {
            "code": "Period"
          }
        ],
        "binding": {
          "strength": "extensible",
          "valueSet": "http://hl7.org/fhir/ValueSet/ucum-vitals-common|4.0.1",
          "description": "Common UCUM units for recording Vital Signs."
        }
      },
      {
        "id": "Observation.component",
        "path": "Observation.component",
        "short": "Component observations",
        "definition": "Used when reporting component observation such as systolic and diastolic blood pressure."
      },
      {
        "id": "Observation.component.code",
        "path": "Observation.component.code",
        "binding": {
          "strength": "extensible",
          "valueSet": "http://hl7.org/fhir/us/core/ValueSet/us-core-vital-signs",
          "description": "The vital sign codes from the base FHIR and US Core Vital Signs."
        }
      },
      {
        "id": "Observation.component.value[x]",
        "path": "Observation.component.value[x]",
        "short": "Vital Sign Component Value",
        "definition": "Vital Signs value are typically recorded using the Quantity data type. For supporting observations such as cuff size could use other datatypes such as CodeableConcept.",
        "type": [
          {
            "code": "Quantity",
            "extension": [
              {
                "url": "http://hl7.org/fhir/StructureDefinition/elementdefinition-type-must-support",
                "valueBoolean": true
              }
            ]
          },
          {
            "code": "CodeableConcept"
          },
          {
            "code": "string"
          },
          {
            "code": "boolean"
          },
          {
            "code": "integer"
          },
          {
            "code": "Range"
          },
          {
            "code": "Ratio"
          },
          {
            "code": "SampledData"
          },
          {
            "code": "time"
          },
          {
            "code": "dateTime"
          },
          {
            "code": "Period"
          }
        ]
      }
    ]
  }
}
