{
  "resourceType": "StructureDefinition",
  "id": "us-core-observation-imaging",
  "extension": [
    {
      "url": "http://hl7.org/fhir/StructureDefinition/structuredefinition-category",
      "valueString": "Clinical.Diagnostics"
    },
    {
      "url": "http://hl7.org/fhir/StructureDefinition/structuredefinition-security-category",
      "valueCode": "patient"
    }
  ],
  "url": "http://hl7.org/fhir/us/core/StructureDefinition/us-core-observation-imaging",
  "version": "5.0.1",
  "name": "USCoreObservationImagingResultProfile",
  "title": "US Core Observation Imaging Result Profile",
  "status": "active",
  "date": "2022-04-20",
  "publisher": "HL7 International - Cross-Group Projects",
  "contact": [
    {
      "name": "HL7 International - Cross-Group Projects",
      "telecom": [
        {
          "system": "url",
          "value": "http://www.hl7.org/Special/committees/cgp"
        },
        {
          "system": "email",
          "value": "cgp@lists.HL7.org"
        }
      ]
    }
  ],
  "description": "The US Core Observation Imaging Result Profile is based upon the core FHIR Observation Resource, and, along with the US Core DiagnosticReport Profile for Report and Note exchange, meets the U.S. Core Data for Interoperability (USCDI) v2 ‘Diagnostic Imaging’ requirements. To promote interoperability and adoption through common implementation, this profile sets minimum expectations for the Observation resource to record, search, and fetch retrieve structured and unstructured (narrative) components of diagnostic imaging test results for a patient. These observations include reasons, findings, and impressions. It provides the floor for standards development for specific uses cases.",
  "jurisdiction": [
    {
      "coding": [
        {
          "code": "US",
          "system": "urn:iso:std:iso:3166"
        }
      ]
    }
  ],
  "copyright": "Used by permission of HL7 International, all rights reserved Creative Commons License",
  "fhirVersion": "4.0.1",
  "mapping": [
    {
      "identity": "workflow",
      "uri": "http://hl7.org/fhir/workflow",
      "name": "Workflow Pattern"
    },
    {
      "identity": "sct-concept",
      "uri": "http://snomed.info/conceptdomain",
      "name": "SNOMED CT Concept Domain Binding"
    },
    {
      "identity": "v2",
      "uri": "http://hl7.org/v2",
      "name": "HL7 v2 Mapping"
    },
    {
      "identity": "rim",
      "uri": "http://hl7.org/v3",
      "name": "RIM Mapping"
    },
    {
      "identity": "w5",
      "uri": "http://hl7.org/fhir/fivews",
      "name": "FiveWs Pattern Mapping"
    },
    {
      "identity": "sct-attr",
      "uri": "http://snomed.org/attributebinding",
      "name": "SNOMED CT Attribute Binding"
    }
  ],
  "kind": "resource",
  "abstract": false,
  "type": "Observation",
  "baseDefinition": "http://hl7.org/fhir/StructureDefinition/Observation",
  "derivation": "constraint",
  "differential": {
    "element": [
      {
        "id": "Observation",
        "path": "Observation",
        "definition": "\\-",
        "comment": "\\-",
        "constraint": [
          {
            "key": "us-core-2",
            "severity": "error",
            "human": "If there is no component or hasMember element then either a value[x] or a data absent reason must be present",
            "expression": "(component.empty() and hasMember.empty()) implies (dataAbsentReason.exists() or value.exists())",
            "xpath": "exists(f:component) or exists(f:hasMember) or exists(f:*[starts-with(local-name(.), 'value')]) or exists(f:dataAbsentReason)",
            "source": "http://hl7.org/fhir/us/core/StructureDefinition/us-core-observation-imaging"
          }
        ],
        "mustSupport": false
      },
      {
        "id": "Observation.status",
        "path": "Observation.status",
        "mustSupport": true
      },
      {
        "id": "Observation.category",
        "path": "Observation.category",
        "slicing": {
          "discriminator": [
            {
              "type": "pattern",
              "path": "$this"
            }
          ],
          "rules": "open"
        },
        "min": 1,
        "mustSupport": true
      },
      {
        "id": "Observation.category:imaging",
        "path": "Observation.category",
        "sliceName": "imaging",
        "min": 1,
        "max": "1",
        "patternCodeableConcept": {
          "coding": [
            {
              "code": "imaging",
              "system": "http://terminology.hl7.org/CodeSystem/observation-category"
            }
          ]
        },
        "mustSupport": true
      },
      {
        "id": "Observation.code",
        "path": "Observation.code",
        "short": "Imaging Name",
        "definition": "The name of the imaging test performed on a patient.  A LOINC **SHALL** be used if the concept is present in LOINC.",
        "comment": "The typical patterns for codes are:  1)  a LOINC code either as a translation from a \"local\" code or as a primary code, or 2)  a local code only if no suitable LOINC exists,  or 3)  both the local and the LOINC translation.   Systems SHALL be capable of sending the local code if one exists.  When using LOINC , Use either the SHORTNAME or LONG_COMMON_NAME field for the display.",
        "mustSupport": true,
        "binding": {
          "strength": "extensible",
          "valueSet": "http://hl7.org/fhir/us/core/ValueSet/us-core-diagnosticreport-report-and-note-codes"
        }
      },
      {
        "id": "Observation.subject",
        "path": "Observation.subject",
        "min": 1,
        "type": [
          {
            "code": "Reference",
            "targetProfile": [
              "http://hl7.org/fhir/us/core/StructureDefinition/us-core-patient"
            ]
          }
        ],
        "mustSupport": true
      },
      {
        "id": "Observation.effective[x]",
        "path": "Observation.effective[x]",
        "type": [
          {
            "code": "dateTime",
            "extension": [
              {
                "url": "http://hl7.org/fhir/StructureDefinition/elementdefinition-type-must-support",
                "valueBoolean": true
              }
            ]
          },
          {
            "code": "Period"
          },
          {
            "code": "Timing"
          },
          {
            "code": "instant"
          }
        ],
        "condition": [
          "us-core-1"
        ],
        "constraint": [
          {
            "key": "us-core-1",
            "severity": "error",
            "human": "Datetime must be at least to day.",
            "expression": "$this is DateTime implies $this.toString().length() >= 10",
            "xpath": "f:matches(effectiveDateTime,/\\d{4}-[01]\\d-[0-3]\\dT[0-2]\\d:[0-5]\\d([+-][0-2]\\d:[0-5]\\d|Z)/)",
            "source": "http://hl7.org/fhir/us/core/StructureDefinition/us-core-observation-imaging"
          }
        ],
        "mustSupport": true
      },
      {
        "id": "Observation.value[x]",
        "path": "Observation.value[x]",
        "short": "Result Value",
        "type": [
          {
            "code": "Quantity",
            "extension": [
              {
                "url": "http://hl7.org/fhir/StructureDefinition/elementdefinition-type-must-support",
                "valueBoolean": true
              }
            ]
          },
          {
            "code": "CodeableConcept",
            "extension": [
              {
                "url": "http://hl7.org/fhir/StructureDefinition/elementdefinition-type-must-support",
                "valueBoolean": true
              }
            ]
          },
          {
            "code": "string",
            "extension": [
              {
                "url": "http://hl7.org/fhir/StructureDefinition/elementdefinition-type-must-support",
                "valueBoolean": true
              }
            ]
          },
          {
            "code": "boolean"
          },
          {
            "code": "integer"
          },
          {
            "code": "Range"
          },
          {
            "code": "Ratio"
          },
          {
            "code": "SampledData"
          },
          {
            "code": "time"
          },
          {
            "code": "dateTime"
          },
          {
            "code": "Period"
          }
        ],
        "condition": [
          "us-core-2",
          "us-core-3"
        ],
        "constraint": [
          {
            "key": "us-core-3",
            "severity": "error",
            "human": "SHALL use UCUM for coded quantity units.",
            "expression": "valueQuantity.system.empty() or valueQuantity.system = 'http://unitsofmeasure.org'",
            "xpath": "not(exists(f:valueQuantity/f:system) ) or f:valueQuantity/f:system[@value='http://unitsofmeasure.org']",
            "source": "http://hl7.org/fhir/us/core/StructureDefinition/us-core-observation-imaging"
          }
        ],
        "mustSupport": true
      },
      {
        "id": "Observation.dataAbsentReason",
        "path": "Observation.dataAbsentReason",
        "condition": [
          "us-core-2"
        ],
        "mustSupport": true
      }
    ]
  }
}
