{
  "resourceType": "StructureDefinition",
  "id": "us-core-ethnicity",
  "url": "http://hl7.org/fhir/us/core/StructureDefinition/us-core-ethnicity",
  "version": "5.0.1",
  "name": "USCoreEthnicityExtension",
  "title": "US Core Ethnicity Extension",
  "status": "active",
  "date": "2019-05-21T00:00:00-04:00",
  "publisher": "HL7 International - Cross-Group Projects",
  "contact": [
    {
      "name": "HL7 International - Cross-Group Projects",
      "telecom": [
        {
          "system": "url",
          "value": "http://www.hl7.org/Special/committees/cgp"
        },
        {
          "system": "email",
          "value": "cgp@lists.HL7.org"
        }
      ]
    }
  ],
  "description": "Concepts classifying the person into a named category of humans sharing common history, traits, geographical origin or nationality.  The ethnicity codes used to represent these concepts are based upon the [CDC ethnicity and Ethnicity Code Set Version 1.0](http://www.cdc.gov/phin/resources/vocabulary/index.html) which includes over 900 concepts for representing race and ethnicity of which 43 reference ethnicity.  The ethnicity concepts are grouped by and pre-mapped to the 2 OMB ethnicity categories: - Hispanic or Latino - Not Hispanic or Latino.",
  "jurisdiction": [
    {
      "coding": [
        {
          "code": "US",
          "system": "urn:iso:std:iso:3166"
        }
      ]
    }
  ],
  "purpose": "Complies with 2015 Edition Common Clinical Data Set for patient race.",
  "copyright": "Used by permission of HL7 International, all rights reserved Creative Commons License",
  "fhirVersion": "4.0.1",
  "mapping": [
    {
      "identity": "rim",
      "uri": "http://hl7.org/v3",
      "name": "RIM Mapping"
    },
    {
      "identity": "iso11179"
    }
  ],
  "kind": "complex-type",
  "abstract": false,
  "context": [
    {
      "type": "element",
      "expression": "Patient"
    },
    {
      "type": "element",
      "expression": "RelatedPerson"
    },
    {
      "type": "element",
      "expression": "Person"
    },
    {
      "type": "element",
      "expression": "Practitioner"
    },
    {
      "type": "element",
      "expression": "FamilyMemberHistory"
    }
  ],
  "type": "Extension",
  "baseDefinition": "http://hl7.org/fhir/StructureDefinition/Extension",
  "derivation": "constraint",
  "differential": {
    "element": [
      {
        "id": "Extension",
        "path": "Extension",
        "short": "US Core ethnicity Extension",
        "definition": "Concepts classifying the person into a named category of humans sharing common history, traits, geographical origin or nationality.  The ethnicity codes used to represent these concepts are based upon the [CDC ethnicity and Ethnicity Code Set Version 1.0](http://www.cdc.gov/phin/resources/vocabulary/index.html) which includes over 900 concepts for representing race and ethnicity of which 43 reference ethnicity.  The ethnicity concepts are grouped by and pre-mapped to the 2 OMB ethnicity categories: - Hispanic or Latino - Not Hispanic or Latino.",
        "max": "1"
      },
      {
        "id": "Extension.extension",
        "path": "Extension.extension",
        "min": 1
      },
      {
        "id": "Extension.extension:ombCategory",
        "path": "Extension.extension",
        "sliceName": "ombCategory",
        "short": "Hispanic or Latino|Not Hispanic or Latino",
        "definition": "The 2 ethnicity category codes according to the [OMB Standards for Maintaining, Collecting, and Presenting Federal Data on Race and Ethnicity, Statistical Policy Directive No. 15, as revised, October 30, 1997](https://www.govinfo.gov/content/pkg/FR-1997-10-30/pdf/97-28653.pdf).",
        "min": 0,
        "max": "1",
        "mustSupport": true,
        "mapping": [
          {
            "identity": "iso11179",
            "map": "/ClinicalDocument/recordTarget/patientRole/patient/ethnicGroupCode"
          }
        ]
      },
      {
        "id": "Extension.extension:ombCategory.extension",
        "path": "Extension.extension.extension",
        "max": "0"
      },
      {
        "id": "Extension.extension:ombCategory.url",
        "path": "Extension.extension.url",
        "fixedUri": "ombCategory"
      },
      {
        "id": "Extension.extension:ombCategory.value[x]",
        "path": "Extension.extension.value[x]",
        "min": 1,
        "type": [
          {
            "code": "Coding"
          }
        ],
        "binding": {
          "strength": "required",
          "valueSet": "http://hl7.org/fhir/us/core/ValueSet/omb-ethnicity-category"
        }
      },
      {
        "id": "Extension.extension:detailed",
        "path": "Extension.extension",
        "sliceName": "detailed",
        "short": "Extended ethnicity codes",
        "definition": "The 41 CDC ethnicity codes that are grouped under one of the 2 OMB ethnicity category codes.",
        "min": 0,
        "max": "*",
        "mapping": [
          {
            "identity": "iso11179",
            "map": "/ClinicalDocument/recordTarget/patientRole/patient/sdtc:ethnicGroupCode"
          }
        ]
      },
      {
        "id": "Extension.extension:detailed.extension",
        "path": "Extension.extension.extension",
        "max": "0"
      },
      {
        "id": "Extension.extension:detailed.url",
        "path": "Extension.extension.url",
        "fixedUri": "detailed"
      },
      {
        "id": "Extension.extension:detailed.value[x]",
        "path": "Extension.extension.value[x]",
        "min": 1,
        "type": [
          {
            "code": "Coding"
          }
        ],
        "binding": {
          "strength": "required",
          "valueSet": "http://hl7.org/fhir/us/core/ValueSet/detailed-ethnicity"
        }
      },
      {
        "id": "Extension.extension:text",
        "path": "Extension.extension",
        "sliceName": "text",
        "short": "ethnicity Text",
        "definition": "Plain text representation of the ethnicity concept(s).",
        "min": 1,
        "max": "1",
        "mustSupport": true
      },
      {
        "id": "Extension.extension:text.extension",
        "path": "Extension.extension.extension",
        "max": "0"
      },
      {
        "id": "Extension.extension:text.url",
        "path": "Extension.extension.url",
        "fixedUri": "text"
      },
      {
        "id": "Extension.extension:text.value[x]",
        "path": "Extension.extension.value[x]",
        "min": 1,
        "type": [
          {
            "code": "string"
          }
        ]
      },
      {
        "id": "Extension.url",
        "path": "Extension.url",
        "fixedUri": "http://hl7.org/fhir/us/core/StructureDefinition/us-core-ethnicity"
      },
      {
        "id": "Extension.value[x]",
        "path": "Extension.value[x]",
        "max": "0"
      }
    ]
  }
}
