{
  "resourceType": "StructureDefinition",
  "id": "us-core-careteam",
  "extension": [
    {
      "url": "http://hl7.org/fhir/StructureDefinition/structuredefinition-category",
      "valueString": "Clinical.Care Provision"
    },
    {
      "url": "http://hl7.org/fhir/StructureDefinition/structuredefinition-security-category",
      "valueCode": "patient"
    }
  ],
  "url": "http://hl7.org/fhir/us/core/StructureDefinition/us-core-careteam",
  "version": "5.0.1",
  "name": "USCoreCareTeam",
  "title": "US Core CareTeam Profile",
  "status": "active",
  "experimental": false,
  "date": "2022-04-20",
  "publisher": "HL7 International - Cross-Group Projects",
  "contact": [
    {
      "name": "HL7 International - Cross-Group Projects",
      "telecom": [
        {
          "system": "url",
          "value": "http://www.hl7.org/Special/committees/cgp"
        },
        {
          "system": "email",
          "value": "cgp@lists.HL7.org"
        }
      ]
    }
  ],
  "description": "This profile sets minimum expectations for the CareTeam resource for identifying the Care Team members associated with a patient to promote interoperability and adoption through common implementation.  It identifies which core elements, extensions, vocabularies and value sets **SHALL** be present in the resource when using this profile.  It provides the floor for standards development for specific uses cases.",
  "jurisdiction": [
    {
      "coding": [
        {
          "code": "US",
          "system": "urn:iso:std:iso:3166"
        }
      ]
    }
  ],
  "copyright": "Used by permission of HL7 International, all rights reserved Creative Commons License",
  "fhirVersion": "4.0.1",
  "mapping": [
    {
      "identity": "w5",
      "uri": "http://hl7.org/fhir/fivews",
      "name": "FiveWs Pattern Mapping"
    },
    {
      "identity": "v2",
      "uri": "http://hl7.org/v2",
      "name": "HL7 v2 Mapping"
    },
    {
      "identity": "rim",
      "uri": "http://hl7.org/v3",
      "name": "RIM Mapping"
    },
    {
      "identity": "argonaut-dq-dstu2"
    }
  ],
  "kind": "resource",
  "abstract": false,
  "type": "CareTeam",
  "baseDefinition": "http://hl7.org/fhir/StructureDefinition/CareTeam",
  "derivation": "constraint",
  "differential": {
    "element": [
      {
        "id": "CareTeam",
        "path": "CareTeam",
        "definition": "\\-",
        "comment": "\\-",
        "mustSupport": false,
        "mapping": [
          {
            "identity": "argonaut-dq-dstu2",
            "map": "CareTeam"
          }
        ]
      },
      {
        "id": "CareTeam.status",
        "path": "CareTeam.status",
        "mustSupport": true,
        "binding": {
          "strength": "required",
          "valueSet": "http://hl7.org/fhir/ValueSet/care-team-status",
          "description": "Indicates whether the team is current , represents future intentions or is now a historical record."
        },
        "mapping": [
          {
            "identity": "argonaut-dq-dstu2",
            "map": "CarePlan.status"
          }
        ]
      },
      {
        "id": "CareTeam.subject",
        "path": "CareTeam.subject",
        "min": 1,
        "type": [
          {
            "code": "Reference",
            "targetProfile": [
              "http://hl7.org/fhir/us/core/StructureDefinition/us-core-patient"
            ]
          }
        ],
        "mustSupport": true,
        "mapping": [
          {
            "identity": "argonaut-dq-dstu2",
            "map": "CarePlan.subject"
          }
        ]
      },
      {
        "id": "CareTeam.participant",
        "path": "CareTeam.participant",
        "min": 1,
        "mustSupport": true,
        "mapping": [
          {
            "identity": "argonaut-dq-dstu2",
            "map": "CarePlan.participant"
          }
        ]
      },
      {
        "id": "CareTeam.participant.role",
        "path": "CareTeam.participant.role",
        "min": 1,
        "max": "1",
        "mustSupport": true,
        "binding": {
          "strength": "extensible",
          "valueSet": "http://cts.nlm.nih.gov/fhir/ValueSet/2.16.840.1.113762.1.4.1099.30",
          "description": "Indicates specific responsibility of an individual within the care team, such as Primary physician, Team coordinator, Caregiver, etc."
        },
        "mapping": [
          {
            "identity": "argonaut-dq-dstu2",
            "map": "CarePlan.participant.role"
          }
        ]
      },
      {
        "id": "CareTeam.participant.member",
        "path": "CareTeam.participant.member",
        "min": 1,
        "type": [
          {
            "code": "Reference",
            "targetProfile": [
              "http://hl7.org/fhir/us/core/StructureDefinition/us-core-practitioner",
              "http://hl7.org/fhir/us/core/StructureDefinition/us-core-organization",
              "http://hl7.org/fhir/us/core/StructureDefinition/us-core-patient",
              "http://hl7.org/fhir/us/core/StructureDefinition/us-core-practitionerrole",
              "http://hl7.org/fhir/us/core/StructureDefinition/us-core-careteam",
              "http://hl7.org/fhir/us/core/StructureDefinition/us-core-relatedperson"
            ]
          }
        ],
        "mustSupport": true,
        "mapping": [
          {
            "identity": "argonaut-dq-dstu2",
            "map": "CarePlan.participant.member"
          }
        ]
      }
    ]
  }
}
