{
  "resourceType": "StructureDefinition",
  "id": "us-core-condition-encounter-diagnosis",
  "extension": [
    {
      "url": "http://hl7.org/fhir/StructureDefinition/structuredefinition-category",
      "valueString": "Clinical.Summary"
    },
    {
      "url": "http://hl7.org/fhir/StructureDefinition/structuredefinition-security-category",
      "valueCode": "patient"
    }
  ],
  "url": "http://hl7.org/fhir/us/core/StructureDefinition/us-core-condition-encounter-diagnosis",
  "version": "5.0.1",
  "name": "USCoreConditionEncounterDiagnosisProfile",
  "title": "US Core Condition Encounter Diagnosis Profile",
  "status": "active",
  "experimental": false,
  "date": "2022-04-20",
  "publisher": "HL7 International - Cross-Group Projects",
  "contact": [
    {
      "name": "HL7 International - Cross-Group Projects",
      "telecom": [
        {
          "system": "url",
          "value": "http://www.hl7.org/Special/committees/cgp"
        },
        {
          "system": "email",
          "value": "cgp@lists.HL7.org"
        }
      ]
    }
  ],
  "description": "The US Core Condition Encounter Diagnosis Profile is based upon the core FHIR Condition Resource and meets the U.S. Core Data for Interoperability (USCDI) v2 ‘Encounter Diagnosis’ requirements.   In version 5.0.0, The US Core Condition Profile has been split into the US Core Condition Encounter Diagnosis Profile and US Core Condition Problems and Health Concerns Profile. To promote interoperability and adoption through common implementation, this profile defines constraints and extensions on the Condition resource for the minimal set of data to record, search, and fetch information about an encounter diagnosis.  It identifies which core elements, extensions, vocabularies and value sets **SHALL** be present in the resource when using this profile.  It provides the floor for standards development for specific uses cases.",
  "jurisdiction": [
    {
      "coding": [
        {
          "code": "US",
          "system": "urn:iso:std:iso:3166"
        }
      ]
    }
  ],
  "copyright": "Used by permission of HL7 International, all rights reserved Creative Commons License",
  "fhirVersion": "4.0.1",
  "mapping": [
    {
      "identity": "workflow",
      "uri": "http://hl7.org/fhir/workflow",
      "name": "Workflow Pattern"
    },
    {
      "identity": "sct-concept",
      "uri": "http://snomed.info/conceptdomain",
      "name": "SNOMED CT Concept Domain Binding"
    },
    {
      "identity": "v2",
      "uri": "http://hl7.org/v2",
      "name": "HL7 v2 Mapping"
    },
    {
      "identity": "rim",
      "uri": "http://hl7.org/v3",
      "name": "RIM Mapping"
    },
    {
      "identity": "w5",
      "uri": "http://hl7.org/fhir/fivews",
      "name": "FiveWs Pattern Mapping"
    },
    {
      "identity": "sct-attr",
      "uri": "http://snomed.org/attributebinding",
      "name": "SNOMED CT Attribute Binding"
    },
    {
      "identity": "argonaut-dq-dstu2"
    }
  ],
  "kind": "resource",
  "abstract": false,
  "type": "Condition",
  "baseDefinition": "http://hl7.org/fhir/StructureDefinition/Condition",
  "derivation": "constraint",
  "differential": {
    "element": [
      {
        "id": "Condition",
        "path": "Condition",
        "definition": "\\-",
        "comment": "\\-",
        "mustSupport": false,
        "mapping": [
          {
            "identity": "argonaut-dq-dstu2",
            "map": "Condition"
          }
        ]
      },
      {
        "id": "Condition.extension",
        "path": "Condition.extension",
        "slicing": {
          "discriminator": [
            {
              "type": "value",
              "path": "url"
            }
          ],
          "ordered": false,
          "rules": "open"
        }
      },
      {
        "id": "Condition.extension:assertedDate",
        "path": "Condition.extension",
        "sliceName": "assertedDate",
        "min": 0,
        "max": "1",
        "type": [
          {
            "code": "Extension",
            "profile": [
              "http://hl7.org/fhir/StructureDefinition/condition-assertedDate"
            ]
          }
        ],
        "mustSupport": true
      },
      {
        "id": "Condition.clinicalStatus",
        "path": "Condition.clinicalStatus",
        "mustSupport": true,
        "binding": {
          "strength": "required",
          "valueSet": "http://hl7.org/fhir/ValueSet/condition-clinical"
        },
        "mapping": [
          {
            "identity": "argonaut-dq-dstu2",
            "map": "Condition.clinicalStatus"
          }
        ]
      },
      {
        "id": "Condition.verificationStatus",
        "path": "Condition.verificationStatus",
        "mustSupport": true,
        "binding": {
          "strength": "required",
          "valueSet": "http://hl7.org/fhir/ValueSet/condition-ver-status"
        },
        "mapping": [
          {
            "identity": "argonaut-dq-dstu2",
            "map": "Condition.verificationStatus"
          }
        ]
      },
      {
        "id": "Condition.category",
        "path": "Condition.category",
        "slicing": {
          "discriminator": [
            {
              "type": "pattern",
              "path": "$this"
            }
          ],
          "rules": "open"
        },
        "short": "category codes",
        "min": 1,
        "mustSupport": true,
        "mapping": [
          {
            "identity": "argonaut-dq-dstu2",
            "map": "Condition.category"
          }
        ]
      },
      {
        "id": "Condition.category:us-core",
        "path": "Condition.category",
        "sliceName": "us-core",
        "short": "encounter-diagnosis",
        "min": 1,
        "max": "1",
        "patternCodeableConcept": {
          "coding": [
            {
              "code": "encounter-diagnosis",
              "system": "http://terminology.hl7.org/CodeSystem/condition-category"
            }
          ]
        },
        "mustSupport": true
      },
      {
        "id": "Condition.code",
        "path": "Condition.code",
        "min": 1,
        "mustSupport": true,
        "binding": {
          "strength": "extensible",
          "valueSet": "http://hl7.org/fhir/us/core/ValueSet/us-core-condition-code",
          "description": "Valueset to describe the actual problem experienced by the patient"
        },
        "mapping": [
          {
            "identity": "argonaut-dq-dstu2",
            "map": "Condition.code"
          }
        ]
      },
      {
        "id": "Condition.subject",
        "path": "Condition.subject",
        "type": [
          {
            "code": "Reference",
            "targetProfile": [
              "http://hl7.org/fhir/us/core/StructureDefinition/us-core-patient"
            ]
          }
        ],
        "mustSupport": true,
        "mapping": [
          {
            "identity": "argonaut-dq-dstu2",
            "map": "Condition.patient"
          }
        ]
      },
      {
        "id": "Condition.encounter",
        "path": "Condition.encounter",
        "type": [
          {
            "code": "Reference",
            "targetProfile": [
              "http://hl7.org/fhir/us/core/StructureDefinition/us-core-encounter"
            ]
          }
        ],
        "mustSupport": true
      },
      {
        "id": "Condition.onset[x]",
        "path": "Condition.onset[x]",
        "type": [
          {
            "code": "dateTime",
            "extension": [
              {
                "url": "http://hl7.org/fhir/StructureDefinition/elementdefinition-type-must-support",
                "valueBoolean": true
              }
            ]
          },
          {
            "code": "Age"
          },
          {
            "code": "Period"
          },
          {
            "code": "Range"
          },
          {
            "code": "string"
          }
        ],
        "mustSupport": true
      },
      {
        "id": "Condition.abatement[x]",
        "path": "Condition.abatement[x]",
        "type": [
          {
            "code": "dateTime",
            "extension": [
              {
                "url": "http://hl7.org/fhir/StructureDefinition/elementdefinition-type-must-support",
                "valueBoolean": true
              }
            ]
          },
          {
            "code": "Age"
          },
          {
            "code": "Period"
          },
          {
            "code": "Range"
          },
          {
            "code": "string"
          }
        ],
        "mustSupport": true
      },
      {
        "id": "Condition.recordedDate",
        "path": "Condition.recordedDate",
        "mustSupport": true
      }
    ]
  }
}
