{
  "resourceType": "ValueSet",
  "status": "active",
  "name": "USCoreServiceRequestCategoryCodes",
  "id": "us-core-servicerequest-category",
  "title": "US Core ServiceRequest Category Codes",
  "description": "A set of SNOMED CT and LOINC concepts to classify a requested service",
  "version": "5.0.1",
  "url": "http://hl7.org/fhir/us/core/ValueSet/us-core-servicerequest-category",
  "date": "2022-04-15",
  "publisher": "HL7 International - Cross-Group Projects",
  "contact": [
    {
      "name": "HL7 International - Cross-Group Projects",
      "telecom": [
        {
          "system": "url",
          "value": "http://www.hl7.org/Special/committees/cgp"
        },
        {
          "system": "email",
          "value": "cgp@lists.HL7.org"
        }
      ]
    }
  ],
  "jurisdiction": [
    {
      "coding": [
        {
          "code": "US",
          "system": "urn:iso:std:iso:3166"
        }
      ]
    }
  ],
  "copyright": "- This value set includes content from SNOMED CT, which is copyright © 2002+ International Health Terminology Standards Development Organisation (IHTSDO), and distributed by agreement between IHTSDO and HL7. Implementer use of SNOMED CT is not covered by this agreement.\n- This material contains content from LOINC (http://loinc.org). LOINC is copyright © 1995-2020, Regenstrief Institute, Inc. and the Logical Observation Identifiers Names and Codes (LOINC) Committee and is available at no cost under the license at http://loinc.org/license. LOINC® is a registered United States trademark of Regenstrief Institute, Inc\"/>",
  "compose": {
    "include": [
      {
        "system": "http://hl7.org/fhir/us/core/CodeSystem/us-core-tags",
        "concept": [
          {
            "code": "sdoh",
            "display": "SDOH"
          }
        ]
      },
      {
        "system": "http://snomed.info/sct",
        "concept": [
          {
            "code": "386053000",
            "display": "Evaluation procedure (procedure)"
          },
          {
            "code": "410606002",
            "display": "Social service procedure (procedure)"
          }
        ]
      },
      {
        "valueSet": [
          "http://hl7.org/fhir/ValueSet/servicerequest-category"
        ]
      }
    ]
  }
}
