{
  "resourceType": "ValueSet",
  "status": "active",
  "name": "USCoreDocumentReferenceType",
  "id": "us-core-documentreference-type",
  "title": "US Core DocumentReference Type",
  "description": "The US Core DocumentReference Type Value Set includes all LOINC  values whose SCALE is DOC in the LOINC database and the HL7 v3 Code System NullFlavor concept 'unknown'",
  "version": "5.0.1",
  "url": "http://hl7.org/fhir/us/core/ValueSet/us-core-documentreference-type",
  "date": "2019-05-21",
  "publisher": "HL7 International - Cross-Group Projects",
  "contact": [
    {
      "name": "HL7 International - Cross-Group Projects",
      "telecom": [
        {
          "system": "url",
          "value": "http://www.hl7.org/Special/committees/cgp"
        },
        {
          "system": "email",
          "value": "cgp@lists.HL7.org"
        }
      ]
    }
  ],
  "jurisdiction": [
    {
      "coding": [
        {
          "code": "US",
          "system": "urn:iso:std:iso:3166"
        }
      ]
    }
  ],
  "copyright": "This material contains content from LOINC (http://loinc.org). LOINC is copyright © 1995-2020, Regenstrief Institute, Inc. and the Logical Observation Identifiers Names and Codes (LOINC) Committee and is available at no cost under the license at http://loinc.org/license. LOINC® is a registered United States trademark of Regenstrief Institute, Inc",
  "compose": {
    "include": [
      {
        "system": "http://terminology.hl7.org/CodeSystem/v3-NullFlavor",
        "concept": [
          {
            "code": "UNK",
            "display": "unknown"
          }
        ]
      },
      {
        "system": "http://loinc.org",
        "filter": [
          {
            "property": "SCALE_TYP",
            "op": "=",
            "value": "DOC"
          }
        ]
      }
    ]
  }
}
