{
  "resourceType": "ValueSet",
  "status": "active",
  "name": "USCoreProvenancePaticipantTypeCodes",
  "id": "us-core-provenance-participant-type",
  "title": "US Core Provenance Participant Type Codes",
  "description": "The type of participation a provenance agent played for a given target.",
  "version": "5.0.1",
  "url": "http://hl7.org/fhir/us/core/ValueSet/us-core-provenance-participant-type",
  "date": "2019-08-28",
  "publisher": "HL7 International - Cross-Group Projects",
  "contact": [
    {
      "name": "HL7 International - Cross-Group Projects",
      "telecom": [
        {
          "system": "url",
          "value": "http://www.hl7.org/Special/committees/cgp"
        },
        {
          "system": "email",
          "value": "cgp@lists.HL7.org"
        }
      ]
    }
  ],
  "jurisdiction": [
    {
      "coding": [
        {
          "code": "US",
          "system": "urn:iso:std:iso:3166"
        }
      ]
    }
  ],
  "purpose": "So API consumers can identify the provenance participant type.",
  "copyright": "Used by permission of HL7 International, all rights reserved Creative Commons License",
  "compose": {
    "include": [
      {
        "system": "http://hl7.org/fhir/us/core/CodeSystem/us-core-provenance-participant-type"
      },
      {
        "system": "http://terminology.hl7.org/CodeSystem/provenance-participant-type"
      }
    ]
  }
}
