{
  "resourceType": "ValueSet",
  "status": "active",
  "name": "USCoreObservationSmokingStatusStatus",
  "id": "us-core-observation-smoking-status-status",
  "title": "US Core Status for Smoking Status Observation",
  "description": "Codes providing the status of an observation for smoking status. Constrained to `final`and `entered-in-error`.",
  "version": "5.0.1",
  "url": "http://hl7.org/fhir/us/core/ValueSet/us-core-observation-smoking-status-status",
  "date": "2019-05-21",
  "publisher": "HL7 International - Cross-Group Projects",
  "contact": [
    {
      "name": "HL7 International - Cross-Group Projects",
      "telecom": [
        {
          "system": "url",
          "value": "http://www.hl7.org/Special/committees/cgp"
        },
        {
          "system": "email",
          "value": "cgp@lists.HL7.org"
        }
      ]
    }
  ],
  "jurisdiction": [
    {
      "coding": [
        {
          "code": "US",
          "system": "urn:iso:std:iso:3166"
        }
      ]
    }
  ],
  "copyright": "Used by permission of HL7 International, all rights reserved Creative Commons License",
  "compose": {
    "include": [
      {
        "system": "http://hl7.org/fhir/observation-status",
        "concept": [
          {
            "code": "final"
          },
          {
            "code": "entered-in-error"
          }
        ]
      }
    ]
  }
}
