{
  "resourceType": "ValueSet",
  "status": "active",
  "name": "USCoreObservationCategory",
  "id": "us-core-observation-category",
  "title": "US Core Observation Category",
  "description": "HL7 FHIR concepts to classify an observation",
  "version": "5.0.1",
  "url": "http://hl7.org/fhir/us/core/ValueSet/us-core-observation-category",
  "date": "2021-11-11",
  "publisher": "HL7 International - Cross-Group Projects",
  "contact": [
    {
      "name": "HL7 International - Cross-Group Projects",
      "telecom": [
        {
          "system": "url",
          "value": "http://www.hl7.org/Special/committees/cgp"
        },
        {
          "system": "email",
          "value": "cgp@lists.HL7.org"
        }
      ]
    }
  ],
  "jurisdiction": [
    {
      "coding": [
        {
          "code": "US",
          "system": "urn:iso:std:iso:3166"
        }
      ]
    }
  ],
  "copyright": "This material contains content from LOINC (http://loinc.org). LOINC is copyright © 1995-2020, Regenstrief Institute, Inc. and the Logical Observation Identifiers Names and Codes (LOINC) Committee and is available at no cost under the license at http://loinc.org/license. LOINC® is a registered United States trademark of Regenstrief Institute, Inc",
  "compose": {
    "include": [
      {
        "system": "http://hl7.org/fhir/us/core/CodeSystem/us-core-tags",
        "concept": [
          {
            "code": "sdoh",
            "display": "SDOH"
          }
        ]
      },
      {
        "system": "http://hl7.org/fhir/us/core/CodeSystem/us-core-observation-category"
      },
      {
        "system": "http://terminology.hl7.org/CodeSystem/observation-category"
      }
    ]
  }
}
