{
  "resourceType": "ValueSet",
  "status": "active",
  "name": "USCoreEncounterType",
  "id": "us-core-encounter-type",
  "title": "US Core Encounter Type",
  "description": "The type of encounter: a specific code indicating type of service provided. This value set includes codes from SNOMED CT decending from the concept 308335008 (Patient encounter procedure (procedure)) and codes from the Current Procedure and Terminology (CPT) found in the following CPT sections:\n- 99201-99499 E/M - 99500-99600 home health (mainly nonphysician, such as newborn care in home) - 99605-99607 medication management - 98966-98968 non physician telephone services\n(subscription to AMA Required)",
  "version": "5.0.1",
  "url": "http://hl7.org/fhir/us/core/ValueSet/us-core-encounter-type",
  "meta": {
    "versionId": "1",
    "lastUpdated": "2022-04-27T23:40:04.892Z"
  },
  "date": "2019-05-21",
  "publisher": "HL7 International - Cross-Group Projects",
  "contact": [
    {
      "name": "HL7 International - Cross-Group Projects",
      "telecom": [
        {
          "system": "url",
          "value": "http://www.hl7.org/Special/committees/cgp"
        },
        {
          "system": "email",
          "value": "cgp@lists.HL7.org"
        }
      ]
    }
  ],
  "jurisdiction": [
    {
      "coding": [
        {
          "code": "US",
          "system": "urn:iso:std:iso:3166"
        }
      ]
    }
  ],
  "copyright": "1. This value set includes content from SNOMED CT, which is copyright © 2002+ International Health Terminology Standards Development Organisation (IHTSDO), and distributed by agreement between IHTSDO and HL7. Implementer use of SNOMED CT is not covered by this agreement.\n2. Current Procedural Terminology (CPT) is copyright 2020 American Medical Association. All rights reserved",
  "compose": {
    "include": [
      {
        "system": "http://snomed.info/sct",
        "filter": [
          {
            "property": "concept",
            "op": "is-a",
            "value": "308335008"
          }
        ]
      },
      {
        "system": "http://www.ama-assn.org/go/cpt"
      }
    ]
  }
}
