{
  "resourceType": "ValueSet",
  "status": "active",
  "name": "USCoreNonLaboratoryCodes",
  "id": "us-core-diagnosticreport-report-and-note-codes",
  "title": "US Core Non Laboratory Codes",
  "description": "Non laboratory LOINC concepts such as codes for observations like vital signs, hemodynamics, intake/output, EKG, obstetric ultrasound, cardiac echo and other clinical observations. The codes selected should represent discrete and narrative diagnostic observations and reports",
  "version": "5.0.1",
  "url": "http://hl7.org/fhir/us/core/ValueSet/us-core-diagnosticreport-report-and-note-codes",
  "experimental": false,
  "date": "2022-04-15",
  "publisher": "HL7 International - Cross-Group Projects",
  "contact": [
    {
      "name": "HL7 International - Cross-Group Projects",
      "telecom": [
        {
          "system": "url",
          "value": "http://www.hl7.org/Special/committees/cgp"
        },
        {
          "system": "email",
          "value": "cgp@lists.HL7.org"
        }
      ]
    }
  ],
  "jurisdiction": [
    {
      "coding": [
        {
          "code": "US",
          "system": "urn:iso:std:iso:3166"
        }
      ]
    }
  ],
  "copyright": "This material contains content from LOINC (http://loinc.org). LOINC is copyright © 1995-2020, Regenstrief Institute, Inc. and the Logical Observation Identifiers Names and Codes (LOINC) Committee and is available at no cost under the license at http://loinc.org/license. LOINC® is a registered United States trademark of Regenstrief Institute, Inc",
  "compose": {
    "include": [
      {
        "system": "http://loinc.org",
        "filter": [
          {
            "property": "CLASSTYPE",
            "op": "=",
            "value": "2"
          }
        ]
      }
    ]
  }
}
