{
  "resourceType": "ValueSet",
  "status": "active",
  "name": "USCoreSmokingStatusObservationCodes",
  "id": "us-core-smoking-status-observation-codes",
  "title": "US Core Smoking Status Observation Codes",
  "description": "The US Core Smoking Status Observation Codes Value Set is a 'starter set' of concepts to capture smoking status.",
  "version": "5.0.1",
  "url": "http://hl7.org/fhir/us/core/ValueSet/us-core-smoking-status-observation-codes",
  "date": "2019-05-21",
  "publisher": "HL7 International - Cross-Group Projects",
  "contact": [
    {
      "name": "HL7 International - Cross-Group Projects",
      "telecom": [
        {
          "system": "url",
          "value": "http://www.hl7.org/Special/committees/cgp"
        },
        {
          "system": "email",
          "value": "cgp@lists.HL7.org"
        }
      ]
    }
  ],
  "jurisdiction": [
    {
      "coding": [
        {
          "code": "US",
          "system": "urn:iso:std:iso:3166"
        }
      ]
    }
  ],
  "copyright": "This material contains content from LOINC (http://loinc.org). LOINC is copyright © 1995-2020, Regenstrief Institute, Inc. and the Logical Observation Identifiers Names and Codes (LOINC) Committee and is available at no cost under the license at http://loinc.org/license. LOINC® is a registered United States trademark of Regenstrief Institute, Inc",
  "compose": {
    "include": [
      {
        "system": "http://loinc.org",
        "concept": [
          {
            "code": "72166-2",
            "display": "Tobacco smoking status NHIS"
          }
        ]
      }
    ]
  }
}
