{
  "resourceType": "ValueSet",
  "status": "active",
  "name": "NarrativeStatus",
  "id": "us-core-narrative-status",
  "title": "US Core Narrative Status",
  "description": "The US Core Narrative Status Value Set limits the text status for the resource narrative.",
  "version": "5.0.1",
  "url": "http://hl7.org/fhir/us/core/ValueSet/us-core-narrative-status",
  "date": "2022-06-22T19:45:18+00:00",
  "publisher": "HL7 International - Cross-Group Projects",
  "contact": [
    {
      "name": "HL7 International - Cross-Group Projects",
      "telecom": [
        {
          "system": "url",
          "value": "http://www.hl7.org/Special/committees/cgp"
        },
        {
          "system": "email",
          "value": "cgp@lists.HL7.org"
        }
      ]
    }
  ],
  "jurisdiction": [
    {
      "coding": [
        {
          "code": "US",
          "system": "urn:iso:std:iso:3166"
        }
      ]
    }
  ],
  "copyright": "HL7",
  "compose": {
    "include": [
      {
        "system": "http://hl7.org/fhir/narrative-status",
        "concept": [
          {
            "code": "additional",
            "display": "additional"
          },
          {
            "code": "generated",
            "display": "generated"
          }
        ]
      }
    ]
  }
}
