{
  "resourceType": "ValueSet",
  "status": "active",
  "name": "USCoreDischargeDisposition",
  "id": "us-core-discharge-disposition",
  "title": "US Core Discharge Disposition",
  "description": "[National Uniform Billing Committee](http://www.nubc.org/), manual UB-04, UB form locator 17.",
  "version": "5.0.1",
  "url": "http://hl7.org/fhir/us/core/ValueSet/us-core-discharge-disposition",
  "date": "2021-11-08",
  "publisher": "HL7 International - Cross-Group Projects",
  "contact": [
    {
      "name": "HL7 International - Cross-Group Projects",
      "telecom": [
        {
          "system": "url",
          "value": "http://www.hl7.org/Special/committees/cgp"
        },
        {
          "system": "email",
          "value": "cgp@lists.HL7.org"
        }
      ]
    }
  ],
  "jurisdiction": [
    {
      "coding": [
        {
          "code": "US",
          "system": "urn:iso:std:iso:3166"
        }
      ]
    }
  ],
  "copyright": "The Official UB-04 Data Specifications Manual 2022 is copyrighted by the American Hospital Association. It is the only official source of UB-04 billing information adopted by the National Uniform Billing Committee (NUBC). To license an electronic version of the UB-04 code set for internal use or integration into products and services, contact the Licensing Department at [ub04@aha.org](mailto:ub04@aha.org).",
  "compose": {
    "include": [
      {
        "system": "http://www.nubc.org/patient-discharge"
      }
    ]
  }
}
