{
  "resourceType": "ValueSet",
  "status": "active",
  "name": "UspsTwoLetterAlphabeticCodes",
  "id": "us-core-usps-state",
  "title": "USPS Two Letter Alphabetic Codes",
  "description": "This value set defines two letter USPS alphabetic codes.",
  "version": "5.0.1",
  "url": "http://hl7.org/fhir/us/core/ValueSet/us-core-usps-state",
  "identifier": [
    {
      "system": "urn:ietf:rfc:3986",
      "value": "urn:oid:2.16.840.1.113883.4.642.3.40"
    }
  ],
  "date": "2019-05-21",
  "publisher": "HL7 International - Cross-Group Projects",
  "contact": [
    {
      "name": "HL7 International - Cross-Group Projects",
      "telecom": [
        {
          "system": "url",
          "value": "http://www.hl7.org/Special/committees/cgp"
        },
        {
          "system": "email",
          "value": "cgp@lists.HL7.org"
        }
      ]
    }
  ],
  "jurisdiction": [
    {
      "coding": [
        {
          "code": "US",
          "system": "urn:iso:std:iso:3166"
        }
      ]
    }
  ],
  "copyright": "On July 1, 1963, the Post Office Department implemented the five-digit ZIP Code, which was placed after the state name in the last line of an address. To provide room for the ZIP Code, the Department issued two-letter abbreviations for all states and territories. Publication 59, Abbreviations for Use with ZIP Code, issued by the Department in October 1963. There is no copyright restriction on this value set.",
  "compose": {
    "include": [
      {
        "system": "https://www.usps.com/"
      }
    ]
  }
}
