{
  "resourceType": "ValueSet",
  "status": "active",
  "name": "USCoreProblemOrHealthConcern",
  "id": "us-core-problem-or-health-concern",
  "title": "US Core Problem or Health Concern",
  "description": "Code set for category codes for *US Core Condition Problems and Health Concerns Profile* consisting of the concepts \"problem\" and \"health-concern\".",
  "version": "5.0.1",
  "url": "http://hl7.org/fhir/us/core/ValueSet/us-core-problem-or-health-concern",
  "date": "2022-04-12",
  "publisher": "HL7 International - Cross-Group Projects",
  "contact": [
    {
      "name": "HL7 International - Cross-Group Projects",
      "telecom": [
        {
          "system": "url",
          "value": "http://www.hl7.org/Special/committees/cgp"
        },
        {
          "system": "email",
          "value": "cgp@lists.HL7.org"
        }
      ]
    }
  ],
  "jurisdiction": [
    {
      "coding": [
        {
          "code": "US",
          "system": "urn:iso:std:iso:3166"
        }
      ]
    }
  ],
  "copyright": "Used by permission of HL7 International, all rights reserved Creative Commons License",
  "compose": {
    "include": [
      {
        "system": "http://terminology.hl7.org/CodeSystem/condition-category",
        "concept": [
          {
            "code": "problem-list-item"
          }
        ]
      },
      {
        "system": "http://hl7.org/fhir/us/core/CodeSystem/condition-category",
        "concept": [
          {
            "code": "health-concern"
          }
        ]
      }
    ]
  }
}
