{
  "resourceType": "ValueSet",
  "status": "active",
  "name": "UsCoreVitalSigns",
  "id": "us-core-vital-signs",
  "title": "US Core Vital Signs ValueSet",
  "description": "The vital sign codes from the base FHIR and US Core Vital Signs.",
  "version": "5.0.1",
  "url": "http://hl7.org/fhir/us/core/ValueSet/us-core-vital-signs",
  "experimental": false,
  "date": "2020-11-17",
  "publisher": "HL7 International - Cross-Group Projects",
  "contact": [
    {
      "name": "HL7 International - Cross-Group Projects",
      "telecom": [
        {
          "system": "url",
          "value": "http://www.hl7.org/Special/committees/cgp"
        },
        {
          "system": "email",
          "value": "cgp@lists.HL7.org"
        }
      ]
    }
  ],
  "jurisdiction": [
    {
      "coding": [
        {
          "code": "US",
          "system": "urn:iso:std:iso:3166"
        }
      ]
    }
  ],
  "copyright": "This material contains content from LOINC (http://loinc.org). LOINC is copyright © 1995-2020, Regenstrief Institute, Inc. and the Logical Observation Identifiers Names and Codes (LOINC) Committee and is available at no cost under the license at http://loinc.org/license. LOINC® is a registered United States trademark of Regenstrief Institute, Inc",
  "compose": {
    "include": [
      {
        "system": "http://loinc.org",
        "concept": [
          {
            "code": "59576-9"
          },
          {
            "code": "8289-1"
          },
          {
            "code": "77606-2"
          },
          {
            "code": "59408-5"
          },
          {
            "code": "3150-0"
          },
          {
            "code": "3151-8"
          }
        ]
      },
      {
        "valueSet": [
          "http://hl7.org/fhir/ValueSet/observation-vitalsignresult"
        ]
      }
    ]
  }
}
