{
  "resourceType": "ImplementationGuide",
  "id": "fhir.example",
  "url": "http://example.org/ImplementationGuide/fhir.example",
  "version": "0.1.0",
  "name": "IGConfiguration",
  "status": "draft",
  "publisher": "Example Publisher",
  "contact": [
    {
      "name": "Example Publisher",
      "telecom": [
        {
          "system": "url",
          "value": "http://example.org/example-publisher"
        }
      ]
    }
  ],
  "packageId": "fhir.example",
  "fhirVersion": [
    "4.0.1"
  ],
  "definition": {
    "resource": [
      {
        "reference": {
          "reference": "StructureDefinition/my-patient-profile"
        },
        "name": "MyPatient",
        "description": "An example profile of the Patient resource.",
        "exampleBoolean": false
      },
      {
        "reference": {
          "reference": "Patient/PatientExample"
        },
        "name": "PatientExample",
        "description": "An example of a patient with a license to krill.",
        "exampleCanonical": "http://example.org/StructureDefinition/my-patient-profile"
      }
    ],
    "page": {
      "nameUrl": "toc.html",
      "title": "Table of Contents",
      "generation": "html",
      "page": [
        {
          "nameUrl": "index.html",
          "title": "IG Configuration Solution",
          "generation": "markdown"
        },
        {
          "nameUrl": "md-cheat-sheet.html",
          "title": "Markdown Cheat Sheet",
          "generation": "markdown"
        },
        {
          "nameUrl": "downloads.html",
          "title": "Downloads",
          "generation": "markdown"
        }
      ]
    },
    "parameter": [
      {
        "code": "copyrightyear",
        "value": "2022+"
      },
      {
        "code": "releaselabel",
        "value": "ci-build"
      }
    ]
  }
}
